estes foram os logs agora, os erros que apareceram desta vez são os mesmos que acontecem quando eu abro o cliente pela primeira vez antes de fazer login. Eu apareço no mapa desta vez, parece que entrei de fato na partida, mas não consigo andar e nada funciona, mas não aparecem erros relevantes nos logs.
Server tick batching has occured. 2 ticks have been batched into 1.
UnityEngine.Debug:Log (object)
Unity.Logging.Sinks.ManagedUnityEngineDebugLogWrapper:WriteFunc (Unity.Logging.LogLevel,byte*,int) (at ./Library/PackageCache/com.unity.logging@85e874eaccae/Runtime/TestSinks/UnityDebugLogSink.cs:147)

[MainMenuBehaviour] | LoginSuccessfully : Is dedserver on? False | Code validated? False
UnityEngine.Debug:Log (object)
MainMenuBehaviour:OnClickOpenCharacterSelection () (at Assets/Scripts/_DOTS/MainMenu/MainMenuBehaviour.cs:716)
UnityEngine.EventSystems.EventSystem:Update () (at ./Library/PackageCache/com.unity.ugui@58f0e62c6dfa/Runtime/UGUI/EventSystem/EventSystem.cs:530)

[MainMenu|UpdateUI] CharacterSelection
UnityEngine.Debug:Log (object)
MainMenuBehaviour/<UpdateUI>d__142:MoveNext () (at Assets/Scripts/_DOTS/MainMenu/MainMenuBehaviour.cs:1164)
System.Runtime.CompilerServices.AsyncVoidMethodBuilder:Start<MainMenuBehaviour/<UpdateUI>d__142> (MainMenuBehaviour/<UpdateUI>d__142&)
MainMenuBehaviour:UpdateUI (MainMenuBehaviour/State)
MainMenuBehaviour:OnClickOpenCharacterSelection () (at Assets/Scripts/_DOTS/MainMenu/MainMenuBehaviour.cs:723)
UnityEngine.EventSystems.EventSystem:Update () (at ./Library/PackageCache/com.unity.ugui@58f0e62c6dfa/Runtime/UGUI/EventSystem/EventSystem.cs:530)

[MainMenuBehaviour] | ClientWorld not present. Requesting creation via GameLifecycleManager.
UnityEngine.Debug:Log (object)
MainMenuBehaviour/<OnClickPlayButton>d__104:MoveNext () (at Assets/Scripts/_DOTS/MainMenu/MainMenuBehaviour.cs:532)
System.Runtime.CompilerServices.AsyncVoidMethodBuilder:Start<MainMenuBehaviour/<OnClickPlayButton>d__104> (MainMenuBehaviour/<OnClickPlayButton>d__104&)
MainMenuBehaviour:OnClickPlayButton ()
Dumativa.System.Hud.CharacterSelectionView:HandlePlayClicked () (at Assets/Scripts/_DOTS/MainMenu/CharacterSelectionView.cs:149)
UnityEngine.EventSystems.EventSystem:Update () (at ./Library/PackageCache/com.unity.ugui@58f0e62c6dfa/Runtime/UGUI/EventSystem/EventSystem.cs:530)

[Lifecycle] CreateMatchWorldsAsync starting...
UnityEngine.Debug:Log (object)
GameLifecycleManager/<CreateMatchWorldsAsync>d__15:MoveNext () (at Assets/Scripts/_DOTS/Connection/GameLifecycleManager.cs:71)
System.Runtime.CompilerServices.AsyncTaskMethodBuilder:Start<GameLifecycleManager/<CreateMatchWorldsAsync>d__15> (GameLifecycleManager/<CreateMatchWorldsAsync>d__15&)
GameLifecycleManager:CreateMatchWorldsAsync ()
MainMenuBehaviour/<OnClickPlayButton>d__104:MoveNext () (at Assets/Scripts/_DOTS/MainMenu/MainMenuBehaviour.cs:533)
System.Runtime.CompilerServices.AsyncVoidMethodBuilder:Start<MainMenuBehaviour/<OnClickPlayButton>d__104> (MainMenuBehaviour/<OnClickPlayButton>d__104&)
MainMenuBehaviour:OnClickPlayButton ()
Dumativa.System.Hud.CharacterSelectionView:HandlePlayClicked () (at Assets/Scripts/_DOTS/MainMenu/CharacterSelectionView.cs:149)
UnityEngine.EventSystems.EventSystem:Update () (at ./Library/PackageCache/com.unity.ugui@58f0e62c6dfa/Runtime/UGUI/EventSystem/EventSystem.cs:530)

[NetcodeBootstrap] CreateClientServerWorldsOnDemand invoked.
UnityEngine.Debug:Log (object)
Dumativa.Rasek.Backend.NetcodeBootstrap:CreateClientServerWorldsOnDemand () (at Assets/Scripts/_DOTS/Connection/NetcodeBootstrap.cs:89)
GameLifecycleManager/<CreateMatchWorldsAsync>d__15:MoveNext () (at Assets/Scripts/_DOTS/Connection/GameLifecycleManager.cs:76)
System.Runtime.CompilerServices.AsyncTaskMethodBuilder:Start<GameLifecycleManager/<CreateMatchWorldsAsync>d__15> (GameLifecycleManager/<CreateMatchWorldsAsync>d__15&)
GameLifecycleManager:CreateMatchWorldsAsync ()
MainMenuBehaviour/<OnClickPlayButton>d__104:MoveNext () (at Assets/Scripts/_DOTS/MainMenu/MainMenuBehaviour.cs:533)
System.Runtime.CompilerServices.AsyncVoidMethodBuilder:Start<MainMenuBehaviour/<OnClickPlayButton>d__104> (MainMenuBehaviour/<OnClickPlayButton>d__104&)
MainMenuBehaviour:OnClickPlayButton ()
Dumativa.System.Hud.CharacterSelectionView:HandlePlayClicked () (at Assets/Scripts/_DOTS/MainMenu/CharacterSelectionView.cs:149)
UnityEngine.EventSystems.EventSystem:Update () (at ./Library/PackageCache/com.unity.ugui@58f0e62c6dfa/Runtime/UGUI/EventSystem/EventSystem.cs:530)

[QuestDataSO] Validation <color=green>valid</color> for Debug_001
UnityEngine.Debug:Log (object)
Dumativa.Rasek.Quests.QuestDataSO:Validate () (at Assets/Scripts/_DOTS/Quests/QuestDataSO.cs:125)
Dumativa.Rasek.Quests.QuestLibraryInitializationSystem/<>c:<OnCreate>b__3_0 (Dumativa.Rasek.Quests.QuestDataSO) (at Assets/Scripts/_DOTS/Quests/QuestLibraryInitializationSystem.cs:145)
System.Linq.Enumerable:ToArray<Dumativa.Rasek.Quests.QuestDataSO> (System.Collections.Generic.IEnumerable`1<Dumativa.Rasek.Quests.QuestDataSO>)
Dumativa.Rasek.Quests.QuestLibraryInitializationSystem:OnCreate (Unity.Entities.SystemState&) (at Assets/Scripts/_DOTS/Quests/QuestLibraryInitializationSystem.cs:145)
Dumativa.Rasek.Quests.QuestLibraryInitializationSystem:__codegen__OnCreate (intptr,intptr)
Unity.Entities.SystemBaseRegistry:ForwardToManaged (intptr,Unity.Entities.SystemState*,void*) (at ./Library/PackageCache/com.unity.entities@6a355619334f/Unity.Entities/SystemBaseRegistry.cs:364)
Unity.Entities.SystemBaseRegistry:CallForwardingFunction (Unity.Entities.SystemState*,Unity.Entities.UnmanagedSystemFunctionType) (at ./Library/PackageCache/com.unity.entities@6a355619334f/Unity.Entities/SystemBaseRegistry.cs:333)
Unity.Entities.SystemBaseRegistry:CallOnCreate (Unity.Entities.SystemState*) (at ./Library/PackageCache/com.unity.entities@6a355619334f/Unity.Entities/SystemBaseRegistry.cs:370)
Unity.Entities.WorldUnmanagedImpl:CallSystemOnCreateWithCleanup (Unity.Entities.SystemState*) (at ./Library/PackageCache/com.unity.entities@6a355619334f/Unity.Entities/WorldUnmanaged.cs:614)
Unity.Entities.World:GetOrCreateSystemsAndLogException (Unity.Collections.NativeList`1<Unity.Entities.SystemTypeIndex>,int,Unity.Collections.AllocatorManager/AllocatorHandle) (at ./Library/PackageCache/com.unity.entities@6a355619334f/Unity.Entities/World.cs:1282)
Unity.Entities.World:GetOrCreateSystemsAndLogException (Unity.Collections.NativeList`1<Unity.Entities.SystemTypeIndex>,Unity.Collections.AllocatorManager/AllocatorHandle) (at ./Library/PackageCache/com.unity.entities@6a355619334f/Unity.Entities/World.cs:1321)
Unity.Entities.DefaultWorldInitialization:AddSystemToRootLevelSystemGroupsInternal<Unity.Entities.DefaultWorldInitialization/DefaultRootGroups> (Unity.Entities.World,Unity.Collections.NativeList`1<Unity.Entities.SystemTypeIndex>,Unity.Entities.ComponentSystemGroup,Unity.Entities.DefaultWorldInitialization/DefaultRootGroups) (at ./Library/PackageCache/com.unity.entities@6a355619334f/Unity.Entities/DefaultWorldInitialization.cs:252)
Unity.Entities.DefaultWorldInitialization:AddSystemToRootLevelSystemGroupsInternal (Unity.Entities.World,Unity.Collections.NativeList`1<Unity.Entities.SystemTypeIndex>) (at ./Library/PackageCache/com.unity.entities@6a355619334f/Unity.Entities/DefaultWorldInitialization.cs:291)
Unity.Entities.DefaultWorldInitialization:AddSystemsToRootLevelSystemGroups (Unity.Entities.World,Unity.Collections.NativeList`1<Unity.Entities.SystemTypeIndex>) (at ./Library/PackageCache/com.unity.entities@6a355619334f/Unity.Entities/DefaultWorldInitialization.cs:215)
Unity.NetCode.ClientServerBootstrap:CreateClientWorld (string,Unity.Collections.NativeList`1<Unity.Entities.SystemTypeIndex>) (at ./Library/PackageCache/com.unity.netcode@2fb2edf0390f/Runtime/ClientServerWorld/ClientServerBootstrap.cs:287)
Unity.NetCode.ClientServerBootstrap:CreateClientWorld (string) (at ./Library/PackageCache/com.unity.netcode@2fb2edf0390f/Runtime/ClientServerWorld/ClientServerBootstrap.cs:274)
Dumativa.Rasek.Backend.NetcodeBootstrap:CreateClientServerWorldsOnDemand () (at Assets/Scripts/_DOTS/Connection/NetcodeBootstrap.cs:100)
GameLifecycleManager/<CreateMatchWorldsAsync>d__15:MoveNext () (at Assets/Scripts/_DOTS/Connection/GameLifecycleManager.cs:76)
System.Runtime.CompilerServices.AsyncTaskMethodBuilder:Start<GameLifecycleManager/<CreateMatchWorldsAsync>d__15> (GameLifecycleManager/<CreateMatchWorldsAsync>d__15&)
GameLifecycleManager:CreateMatchWorldsAsync ()
MainMenuBehaviour/<OnClickPlayButton>d__104:MoveNext () (at Assets/Scripts/_DOTS/MainMenu/MainMenuBehaviour.cs:533)
System.Runtime.CompilerServices.AsyncVoidMethodBuilder:Start<MainMenuBehaviour/<OnClickPlayButton>d__104> (MainMenuBehaviour/<OnClickPlayButton>d__104&)
MainMenuBehaviour:OnClickPlayButton ()
Dumativa.System.Hud.CharacterSelectionView:HandlePlayClicked () (at Assets/Scripts/_DOTS/MainMenu/CharacterSelectionView.cs:149)
UnityEngine.EventSystems.EventSystem:Update () (at ./Library/PackageCache/com.unity.ugui@58f0e62c6dfa/Runtime/UGUI/EventSystem/EventSystem.cs:530)

[QuestDataSO] Validation <color=green>valid</color> for Debug_002
UnityEngine.Debug:Log (object)
Dumativa.Rasek.Quests.QuestDataSO:Validate () (at Assets/Scripts/_DOTS/Quests/QuestDataSO.cs:125)
Dumativa.Rasek.Quests.QuestLibraryInitializationSystem/<>c:<OnCreate>b__3_0 (Dumativa.Rasek.Quests.QuestDataSO) (at Assets/Scripts/_DOTS/Quests/QuestLibraryInitializationSystem.cs:145)
System.Linq.Enumerable:ToArray<Dumativa.Rasek.Quests.QuestDataSO> (System.Collections.Generic.IEnumerable`1<Dumativa.Rasek.Quests.QuestDataSO>)
Dumativa.Rasek.Quests.QuestLibraryInitializationSystem:OnCreate (Unity.Entities.SystemState&) (at Assets/Scripts/_DOTS/Quests/QuestLibraryInitializationSystem.cs:145)
Dumativa.Rasek.Quests.QuestLibraryInitializationSystem:__codegen__OnCreate (intptr,intptr)
Unity.Entities.SystemBaseRegistry:ForwardToManaged (intptr,Unity.Entities.SystemState*,void*) (at ./Library/PackageCache/com.unity.entities@6a355619334f/Unity.Entities/SystemBaseRegistry.cs:364)
Unity.Entities.SystemBaseRegistry:CallForwardingFunction (Unity.Entities.SystemState*,Unity.Entities.UnmanagedSystemFunctionType) (at ./Library/PackageCache/com.unity.entities@6a355619334f/Unity.Entities/SystemBaseRegistry.cs:333)
Unity.Entities.SystemBaseRegistry:CallOnCreate (Unity.Entities.SystemState*) (at ./Library/PackageCache/com.unity.entities@6a355619334f/Unity.Entities/SystemBaseRegistry.cs:370)
Unity.Entities.WorldUnmanagedImpl:CallSystemOnCreateWithCleanup (Unity.Entities.SystemState*) (at ./Library/PackageCache/com.unity.entities@6a355619334f/Unity.Entities/WorldUnmanaged.cs:614)
Unity.Entities.World:GetOrCreateSystemsAndLogException (Unity.Collections.NativeList`1<Unity.Entities.SystemTypeIndex>,int,Unity.Collections.AllocatorManager/AllocatorHandle) (at ./Library/PackageCache/com.unity.entities@6a355619334f/Unity.Entities/World.cs:1282)
Unity.Entities.World:GetOrCreateSystemsAndLogException (Unity.Collections.NativeList`1<Unity.Entities.SystemTypeIndex>,Unity.Collections.AllocatorManager/AllocatorHandle) (at ./Library/PackageCache/com.unity.entities@6a355619334f/Unity.Entities/World.cs:1321)
Unity.Entities.DefaultWorldInitialization:AddSystemToRootLevelSystemGroupsInternal<Unity.Entities.DefaultWorldInitialization/DefaultRootGroups> (Unity.Entities.World,Unity.Collections.NativeList`1<Unity.Entities.SystemTypeIndex>,Unity.Entities.ComponentSystemGroup,Unity.Entities.DefaultWorldInitialization/DefaultRootGroups) (at ./Library/PackageCache/com.unity.entities@6a355619334f/Unity.Entities/DefaultWorldInitialization.cs:252)
Unity.Entities.DefaultWorldInitialization:AddSystemToRootLevelSystemGroupsInternal (Unity.Entities.World,Unity.Collections.NativeList`1<Unity.Entities.SystemTypeIndex>) (at ./Library/PackageCache/com.unity.entities@6a355619334f/Unity.Entities/DefaultWorldInitialization.cs:291)
Unity.Entities.DefaultWorldInitialization:AddSystemsToRootLevelSystemGroups (Unity.Entities.World,Unity.Collections.NativeList`1<Unity.Entities.SystemTypeIndex>) (at ./Library/PackageCache/com.unity.entities@6a355619334f/Unity.Entities/DefaultWorldInitialization.cs:215)
Unity.NetCode.ClientServerBootstrap:CreateClientWorld (string,Unity.Collections.NativeList`1<Unity.Entities.SystemTypeIndex>) (at ./Library/PackageCache/com.unity.netcode@2fb2edf0390f/Runtime/ClientServerWorld/ClientServerBootstrap.cs:287)
Unity.NetCode.ClientServerBootstrap:CreateClientWorld (string) (at ./Library/PackageCache/com.unity.netcode@2fb2edf0390f/Runtime/ClientServerWorld/ClientServerBootstrap.cs:274)
Dumativa.Rasek.Backend.NetcodeBootstrap:CreateClientServerWorldsOnDemand () (at Assets/Scripts/_DOTS/Connection/NetcodeBootstrap.cs:100)
GameLifecycleManager/<CreateMatchWorldsAsync>d__15:MoveNext () (at Assets/Scripts/_DOTS/Connection/GameLifecycleManager.cs:76)
System.Runtime.CompilerServices.AsyncTaskMethodBuilder:Start<GameLifecycleManager/<CreateMatchWorldsAsync>d__15> (GameLifecycleManager/<CreateMatchWorldsAsync>d__15&)
GameLifecycleManager:CreateMatchWorldsAsync ()
MainMenuBehaviour/<OnClickPlayButton>d__104:MoveNext () (at Assets/Scripts/_DOTS/MainMenu/MainMenuBehaviour.cs:533)
System.Runtime.CompilerServices.AsyncVoidMethodBuilder:Start<MainMenuBehaviour/<OnClickPlayButton>d__104> (MainMenuBehaviour/<OnClickPlayButton>d__104&)
MainMenuBehaviour:OnClickPlayButton ()
Dumativa.System.Hud.CharacterSelectionView:HandlePlayClicked () (at Assets/Scripts/_DOTS/MainMenu/CharacterSelectionView.cs:149)
UnityEngine.EventSystems.EventSystem:Update () (at ./Library/PackageCache/com.unity.ugui@58f0e62c6dfa/Runtime/UGUI/EventSystem/EventSystem.cs:530)

[QuestDataSO] Validation <color=green>valid</color> for Debug_003
UnityEngine.Debug:Log (object)
Dumativa.Rasek.Quests.QuestDataSO:Validate () (at Assets/Scripts/_DOTS/Quests/QuestDataSO.cs:125)
Dumativa.Rasek.Quests.QuestLibraryInitializationSystem/<>c:<OnCreate>b__3_0 (Dumativa.Rasek.Quests.QuestDataSO) (at Assets/Scripts/_DOTS/Quests/QuestLibraryInitializationSystem.cs:145)
System.Linq.Enumerable:ToArray<Dumativa.Rasek.Quests.QuestDataSO> (System.Collections.Generic.IEnumerable`1<Dumativa.Rasek.Quests.QuestDataSO>)
Dumativa.Rasek.Quests.QuestLibraryInitializationSystem:OnCreate (Unity.Entities.SystemState&) (at Assets/Scripts/_DOTS/Quests/QuestLibraryInitializationSystem.cs:145)
Dumativa.Rasek.Quests.QuestLibraryInitializationSystem:__codegen__OnCreate (intptr,intptr)
Unity.Entities.SystemBaseRegistry:ForwardToManaged (intptr,Unity.Entities.SystemState*,void*) (at ./Library/PackageCache/com.unity.entities@6a355619334f/Unity.Entities/SystemBaseRegistry.cs:364)
Unity.Entities.SystemBaseRegistry:CallForwardingFunction (Unity.Entities.SystemState*,Unity.Entities.UnmanagedSystemFunctionType) (at ./Library/PackageCache/com.unity.entities@6a355619334f/Unity.Entities/SystemBaseRegistry.cs:333)
Unity.Entities.SystemBaseRegistry:CallOnCreate (Unity.Entities.SystemState*) (at ./Library/PackageCache/com.unity.entities@6a355619334f/Unity.Entities/SystemBaseRegistry.cs:370)
Unity.Entities.WorldUnmanagedImpl:CallSystemOnCreateWithCleanup (Unity.Entities.SystemState*) (at ./Library/PackageCache/com.unity.entities@6a355619334f/Unity.Entities/WorldUnmanaged.cs:614)
Unity.Entities.World:GetOrCreateSystemsAndLogException (Unity.Collections.NativeList`1<Unity.Entities.SystemTypeIndex>,int,Unity.Collections.AllocatorManager/AllocatorHandle) (at ./Library/PackageCache/com.unity.entities@6a355619334f/Unity.Entities/World.cs:1282)
Unity.Entities.World:GetOrCreateSystemsAndLogException (Unity.Collections.NativeList`1<Unity.Entities.SystemTypeIndex>,Unity.Collections.AllocatorManager/AllocatorHandle) (at ./Library/PackageCache/com.unity.entities@6a355619334f/Unity.Entities/World.cs:1321)
Unity.Entities.DefaultWorldInitialization:AddSystemToRootLevelSystemGroupsInternal<Unity.Entities.DefaultWorldInitialization/DefaultRootGroups> (Unity.Entities.World,Unity.Collections.NativeList`1<Unity.Entities.SystemTypeIndex>,Unity.Entities.ComponentSystemGroup,Unity.Entities.DefaultWorldInitialization/DefaultRootGroups) (at ./Library/PackageCache/com.unity.entities@6a355619334f/Unity.Entities/DefaultWorldInitialization.cs:252)
Unity.Entities.DefaultWorldInitialization:AddSystemToRootLevelSystemGroupsInternal (Unity.Entities.World,Unity.Collections.NativeList`1<Unity.Entities.SystemTypeIndex>) (at ./Library/PackageCache/com.unity.entities@6a355619334f/Unity.Entities/DefaultWorldInitialization.cs:291)
Unity.Entities.DefaultWorldInitialization:AddSystemsToRootLevelSystemGroups (Unity.Entities.World,Unity.Collections.NativeList`1<Unity.Entities.SystemTypeIndex>) (at ./Library/PackageCache/com.unity.entities@6a355619334f/Unity.Entities/DefaultWorldInitialization.cs:215)
Unity.NetCode.ClientServerBootstrap:CreateClientWorld (string,Unity.Collections.NativeList`1<Unity.Entities.SystemTypeIndex>) (at ./Library/PackageCache/com.unity.netcode@2fb2edf0390f/Runtime/ClientServerWorld/ClientServerBootstrap.cs:287)
Unity.NetCode.ClientServerBootstrap:CreateClientWorld (string) (at ./Library/PackageCache/com.unity.netcode@2fb2edf0390f/Runtime/ClientServerWorld/ClientServerBootstrap.cs:274)
Dumativa.Rasek.Backend.NetcodeBootstrap:CreateClientServerWorldsOnDemand () (at Assets/Scripts/_DOTS/Connection/NetcodeBootstrap.cs:100)
GameLifecycleManager/<CreateMatchWorldsAsync>d__15:MoveNext () (at Assets/Scripts/_DOTS/Connection/GameLifecycleManager.cs:76)
System.Runtime.CompilerServices.AsyncTaskMethodBuilder:Start<GameLifecycleManager/<CreateMatchWorldsAsync>d__15> (GameLifecycleManager/<CreateMatchWorldsAsync>d__15&)
GameLifecycleManager:CreateMatchWorldsAsync ()
MainMenuBehaviour/<OnClickPlayButton>d__104:MoveNext () (at Assets/Scripts/_DOTS/MainMenu/MainMenuBehaviour.cs:533)
System.Runtime.CompilerServices.AsyncVoidMethodBuilder:Start<MainMenuBehaviour/<OnClickPlayButton>d__104> (MainMenuBehaviour/<OnClickPlayButton>d__104&)
MainMenuBehaviour:OnClickPlayButton ()
Dumativa.System.Hud.CharacterSelectionView:HandlePlayClicked () (at Assets/Scripts/_DOTS/MainMenu/CharacterSelectionView.cs:149)
UnityEngine.EventSystems.EventSystem:Update () (at ./Library/PackageCache/com.unity.ugui@58f0e62c6dfa/Runtime/UGUI/EventSystem/EventSystem.cs:530)

[QuestDataSO] Validation <color=green>valid</color> for MQT_001
UnityEngine.Debug:Log (object)
Dumativa.Rasek.Quests.QuestDataSO:Validate () (at Assets/Scripts/_DOTS/Quests/QuestDataSO.cs:125)
Dumativa.Rasek.Quests.QuestLibraryInitializationSystem/<>c:<OnCreate>b__3_0 (Dumativa.Rasek.Quests.QuestDataSO) (at Assets/Scripts/_DOTS/Quests/QuestLibraryInitializationSystem.cs:145)
System.Linq.Enumerable:ToArray<Dumativa.Rasek.Quests.QuestDataSO> (System.Collections.Generic.IEnumerable`1<Dumativa.Rasek.Quests.QuestDataSO>)
Dumativa.Rasek.Quests.QuestLibraryInitializationSystem:OnCreate (Unity.Entities.SystemState&) (at Assets/Scripts/_DOTS/Quests/QuestLibraryInitializationSystem.cs:145)
Dumativa.Rasek.Quests.QuestLibraryInitializationSystem:__codegen__OnCreate (intptr,intptr)
Unity.Entities.SystemBaseRegistry:ForwardToManaged (intptr,Unity.Entities.SystemState*,void*) (at ./Library/PackageCache/com.unity.entities@6a355619334f/Unity.Entities/SystemBaseRegistry.cs:364)
Unity.Entities.SystemBaseRegistry:CallForwardingFunction (Unity.Entities.SystemState*,Unity.Entities.UnmanagedSystemFunctionType) (at ./Library/PackageCache/com.unity.entities@6a355619334f/Unity.Entities/SystemBaseRegistry.cs:333)
Unity.Entities.SystemBaseRegistry:CallOnCreate (Unity.Entities.SystemState*) (at ./Library/PackageCache/com.unity.entities@6a355619334f/Unity.Entities/SystemBaseRegistry.cs:370)
Unity.Entities.WorldUnmanagedImpl:CallSystemOnCreateWithCleanup (Unity.Entities.SystemState*) (at ./Library/PackageCache/com.unity.entities@6a355619334f/Unity.Entities/WorldUnmanaged.cs:614)
Unity.Entities.World:GetOrCreateSystemsAndLogException (Unity.Collections.NativeList`1<Unity.Entities.SystemTypeIndex>,int,Unity.Collections.AllocatorManager/AllocatorHandle) (at ./Library/PackageCache/com.unity.entities@6a355619334f/Unity.Entities/World.cs:1282)
Unity.Entities.World:GetOrCreateSystemsAndLogException (Unity.Collections.NativeList`1<Unity.Entities.SystemTypeIndex>,Unity.Collections.AllocatorManager/AllocatorHandle) (at ./Library/PackageCache/com.unity.entities@6a355619334f/Unity.Entities/World.cs:1321)
Unity.Entities.DefaultWorldInitialization:AddSystemToRootLevelSystemGroupsInternal<Unity.Entities.DefaultWorldInitialization/DefaultRootGroups> (Unity.Entities.World,Unity.Collections.NativeList`1<Unity.Entities.SystemTypeIndex>,Unity.Entities.ComponentSystemGroup,Unity.Entities.DefaultWorldInitialization/DefaultRootGroups) (at ./Library/PackageCache/com.unity.entities@6a355619334f/Unity.Entities/DefaultWorldInitialization.cs:252)
Unity.Entities.DefaultWorldInitialization:AddSystemToRootLevelSystemGroupsInternal (Unity.Entities.World,Unity.Collections.NativeList`1<Unity.Entities.SystemTypeIndex>) (at ./Library/PackageCache/com.unity.entities@6a355619334f/Unity.Entities/DefaultWorldInitialization.cs:291)
Unity.Entities.DefaultWorldInitialization:AddSystemsToRootLevelSystemGroups (Unity.Entities.World,Unity.Collections.NativeList`1<Unity.Entities.SystemTypeIndex>) (at ./Library/PackageCache/com.unity.entities@6a355619334f/Unity.Entities/DefaultWorldInitialization.cs:215)
Unity.NetCode.ClientServerBootstrap:CreateClientWorld (string,Unity.Collections.NativeList`1<Unity.Entities.SystemTypeIndex>) (at ./Library/PackageCache/com.unity.netcode@2fb2edf0390f/Runtime/ClientServerWorld/ClientServerBootstrap.cs:287)
Unity.NetCode.ClientServerBootstrap:CreateClientWorld (string) (at ./Library/PackageCache/com.unity.netcode@2fb2edf0390f/Runtime/ClientServerWorld/ClientServerBootstrap.cs:274)
Dumativa.Rasek.Backend.NetcodeBootstrap:CreateClientServerWorldsOnDemand () (at Assets/Scripts/_DOTS/Connection/NetcodeBootstrap.cs:100)
GameLifecycleManager/<CreateMatchWorldsAsync>d__15:MoveNext () (at Assets/Scripts/_DOTS/Connection/GameLifecycleManager.cs:76)
System.Runtime.CompilerServices.AsyncTaskMethodBuilder:Start<GameLifecycleManager/<CreateMatchWorldsAsync>d__15> (GameLifecycleManager/<CreateMatchWorldsAsync>d__15&)
GameLifecycleManager:CreateMatchWorldsAsync ()
MainMenuBehaviour/<OnClickPlayButton>d__104:MoveNext () (at Assets/Scripts/_DOTS/MainMenu/MainMenuBehaviour.cs:533)
System.Runtime.CompilerServices.AsyncVoidMethodBuilder:Start<MainMenuBehaviour/<OnClickPlayButton>d__104> (MainMenuBehaviour/<OnClickPlayButton>d__104&)
MainMenuBehaviour:OnClickPlayButton ()
Dumativa.System.Hud.CharacterSelectionView:HandlePlayClicked () (at Assets/Scripts/_DOTS/MainMenu/CharacterSelectionView.cs:149)
UnityEngine.EventSystems.EventSystem:Update () (at ./Library/PackageCache/com.unity.ugui@58f0e62c6dfa/Runtime/UGUI/EventSystem/EventSystem.cs:530)

[QuestDataSO] Validation <color=green>valid</color> for MQT_002
UnityEngine.Debug:Log (object)
Dumativa.Rasek.Quests.QuestDataSO:Validate () (at Assets/Scripts/_DOTS/Quests/QuestDataSO.cs:125)
Dumativa.Rasek.Quests.QuestLibraryInitializationSystem/<>c:<OnCreate>b__3_0 (Dumativa.Rasek.Quests.QuestDataSO) (at Assets/Scripts/_DOTS/Quests/QuestLibraryInitializationSystem.cs:145)
System.Linq.Enumerable:ToArray<Dumativa.Rasek.Quests.QuestDataSO> (System.Collections.Generic.IEnumerable`1<Dumativa.Rasek.Quests.QuestDataSO>)
Dumativa.Rasek.Quests.QuestLibraryInitializationSystem:OnCreate (Unity.Entities.SystemState&) (at Assets/Scripts/_DOTS/Quests/QuestLibraryInitializationSystem.cs:145)
Dumativa.Rasek.Quests.QuestLibraryInitializationSystem:__codegen__OnCreate (intptr,intptr)
Unity.Entities.SystemBaseRegistry:ForwardToManaged (intptr,Unity.Entities.SystemState*,void*) (at ./Library/PackageCache/com.unity.entities@6a355619334f/Unity.Entities/SystemBaseRegistry.cs:364)
Unity.Entities.SystemBaseRegistry:CallForwardingFunction (Unity.Entities.SystemState*,Unity.Entities.UnmanagedSystemFunctionType) (at ./Library/PackageCache/com.unity.entities@6a355619334f/Unity.Entities/SystemBaseRegistry.cs:333)
Unity.Entities.SystemBaseRegistry:CallOnCreate (Unity.Entities.SystemState*) (at ./Library/PackageCache/com.unity.entities@6a355619334f/Unity.Entities/SystemBaseRegistry.cs:370)
Unity.Entities.WorldUnmanagedImpl:CallSystemOnCreateWithCleanup (Unity.Entities.SystemState*) (at ./Library/PackageCache/com.unity.entities@6a355619334f/Unity.Entities/WorldUnmanaged.cs:614)
Unity.Entities.World:GetOrCreateSystemsAndLogException (Unity.Collections.NativeList`1<Unity.Entities.SystemTypeIndex>,int,Unity.Collections.AllocatorManager/AllocatorHandle) (at ./Library/PackageCache/com.unity.entities@6a355619334f/Unity.Entities/World.cs:1282)
Unity.Entities.World:GetOrCreateSystemsAndLogException (Unity.Collections.NativeList`1<Unity.Entities.SystemTypeIndex>,Unity.Collections.AllocatorManager/AllocatorHandle) (at ./Library/PackageCache/com.unity.entities@6a355619334f/Unity.Entities/World.cs:1321)
Unity.Entities.DefaultWorldInitialization:AddSystemToRootLevelSystemGroupsInternal<Unity.Entities.DefaultWorldInitialization/DefaultRootGroups> (Unity.Entities.World,Unity.Collections.NativeList`1<Unity.Entities.SystemTypeIndex>,Unity.Entities.ComponentSystemGroup,Unity.Entities.DefaultWorldInitialization/DefaultRootGroups) (at ./Library/PackageCache/com.unity.entities@6a355619334f/Unity.Entities/DefaultWorldInitialization.cs:252)
Unity.Entities.DefaultWorldInitialization:AddSystemToRootLevelSystemGroupsInternal (Unity.Entities.World,Unity.Collections.NativeList`1<Unity.Entities.SystemTypeIndex>) (at ./Library/PackageCache/com.unity.entities@6a355619334f/Unity.Entities/DefaultWorldInitialization.cs:291)
Unity.Entities.DefaultWorldInitialization:AddSystemsToRootLevelSystemGroups (Unity.Entities.World,Unity.Collections.NativeList`1<Unity.Entities.SystemTypeIndex>) (at ./Library/PackageCache/com.unity.entities@6a355619334f/Unity.Entities/DefaultWorldInitialization.cs:215)
Unity.NetCode.ClientServerBootstrap:CreateClientWorld (string,Unity.Collections.NativeList`1<Unity.Entities.SystemTypeIndex>) (at ./Library/PackageCache/com.unity.netcode@2fb2edf0390f/Runtime/ClientServerWorld/ClientServerBootstrap.cs:287)
Unity.NetCode.ClientServerBootstrap:CreateClientWorld (string) (at ./Library/PackageCache/com.unity.netcode@2fb2edf0390f/Runtime/ClientServerWorld/ClientServerBootstrap.cs:274)
Dumativa.Rasek.Backend.NetcodeBootstrap:CreateClientServerWorldsOnDemand () (at Assets/Scripts/_DOTS/Connection/NetcodeBootstrap.cs:100)
GameLifecycleManager/<CreateMatchWorldsAsync>d__15:MoveNext () (at Assets/Scripts/_DOTS/Connection/GameLifecycleManager.cs:76)
System.Runtime.CompilerServices.AsyncTaskMethodBuilder:Start<GameLifecycleManager/<CreateMatchWorldsAsync>d__15> (GameLifecycleManager/<CreateMatchWorldsAsync>d__15&)
GameLifecycleManager:CreateMatchWorldsAsync ()
MainMenuBehaviour/<OnClickPlayButton>d__104:MoveNext () (at Assets/Scripts/_DOTS/MainMenu/MainMenuBehaviour.cs:533)
System.Runtime.CompilerServices.AsyncVoidMethodBuilder:Start<MainMenuBehaviour/<OnClickPlayButton>d__104> (MainMenuBehaviour/<OnClickPlayButton>d__104&)
MainMenuBehaviour:OnClickPlayButton ()
Dumativa.System.Hud.CharacterSelectionView:HandlePlayClicked () (at Assets/Scripts/_DOTS/MainMenu/CharacterSelectionView.cs:149)
UnityEngine.EventSystems.EventSystem:Update () (at ./Library/PackageCache/com.unity.ugui@58f0e62c6dfa/Runtime/UGUI/EventSystem/EventSystem.cs:530)

[QuestDataSO] Validation <color=green>valid</color> for MQT_003
UnityEngine.Debug:Log (object)
Dumativa.Rasek.Quests.QuestDataSO:Validate () (at Assets/Scripts/_DOTS/Quests/QuestDataSO.cs:125)
Dumativa.Rasek.Quests.QuestLibraryInitializationSystem/<>c:<OnCreate>b__3_0 (Dumativa.Rasek.Quests.QuestDataSO) (at Assets/Scripts/_DOTS/Quests/QuestLibraryInitializationSystem.cs:145)
System.Linq.Enumerable:ToArray<Dumativa.Rasek.Quests.QuestDataSO> (System.Collections.Generic.IEnumerable`1<Dumativa.Rasek.Quests.QuestDataSO>)
Dumativa.Rasek.Quests.QuestLibraryInitializationSystem:OnCreate (Unity.Entities.SystemState&) (at Assets/Scripts/_DOTS/Quests/QuestLibraryInitializationSystem.cs:145)
Dumativa.Rasek.Quests.QuestLibraryInitializationSystem:__codegen__OnCreate (intptr,intptr)
Unity.Entities.SystemBaseRegistry:ForwardToManaged (intptr,Unity.Entities.SystemState*,void*) (at ./Library/PackageCache/com.unity.entities@6a355619334f/Unity.Entities/SystemBaseRegistry.cs:364)
Unity.Entities.SystemBaseRegistry:CallForwardingFunction (Unity.Entities.SystemState*,Unity.Entities.UnmanagedSystemFunctionType) (at ./Library/PackageCache/com.unity.entities@6a355619334f/Unity.Entities/SystemBaseRegistry.cs:333)
Unity.Entities.SystemBaseRegistry:CallOnCreate (Unity.Entities.SystemState*) (at ./Library/PackageCache/com.unity.entities@6a355619334f/Unity.Entities/SystemBaseRegistry.cs:370)
Unity.Entities.WorldUnmanagedImpl:CallSystemOnCreateWithCleanup (Unity.Entities.SystemState*) (at ./Library/PackageCache/com.unity.entities@6a355619334f/Unity.Entities/WorldUnmanaged.cs:614)
Unity.Entities.World:GetOrCreateSystemsAndLogException (Unity.Collections.NativeList`1<Unity.Entities.SystemTypeIndex>,int,Unity.Collections.AllocatorManager/AllocatorHandle) (at ./Library/PackageCache/com.unity.entities@6a355619334f/Unity.Entities/World.cs:1282)
Unity.Entities.World:GetOrCreateSystemsAndLogException (Unity.Collections.NativeList`1<Unity.Entities.SystemTypeIndex>,Unity.Collections.AllocatorManager/AllocatorHandle) (at ./Library/PackageCache/com.unity.entities@6a355619334f/Unity.Entities/World.cs:1321)
Unity.Entities.DefaultWorldInitialization:AddSystemToRootLevelSystemGroupsInternal<Unity.Entities.DefaultWorldInitialization/DefaultRootGroups> (Unity.Entities.World,Unity.Collections.NativeList`1<Unity.Entities.SystemTypeIndex>,Unity.Entities.ComponentSystemGroup,Unity.Entities.DefaultWorldInitialization/DefaultRootGroups) (at ./Library/PackageCache/com.unity.entities@6a355619334f/Unity.Entities/DefaultWorldInitialization.cs:252)
Unity.Entities.DefaultWorldInitialization:AddSystemToRootLevelSystemGroupsInternal (Unity.Entities.World,Unity.Collections.NativeList`1<Unity.Entities.SystemTypeIndex>) (at ./Library/PackageCache/com.unity.entities@6a355619334f/Unity.Entities/DefaultWorldInitialization.cs:291)
Unity.Entities.DefaultWorldInitialization:AddSystemsToRootLevelSystemGroups (Unity.Entities.World,Unity.Collections.NativeList`1<Unity.Entities.SystemTypeIndex>) (at ./Library/PackageCache/com.unity.entities@6a355619334f/Unity.Entities/DefaultWorldInitialization.cs:215)
Unity.NetCode.ClientServerBootstrap:CreateClientWorld (string,Unity.Collections.NativeList`1<Unity.Entities.SystemTypeIndex>) (at ./Library/PackageCache/com.unity.netcode@2fb2edf0390f/Runtime/ClientServerWorld/ClientServerBootstrap.cs:287)
Unity.NetCode.ClientServerBootstrap:CreateClientWorld (string) (at ./Library/PackageCache/com.unity.netcode@2fb2edf0390f/Runtime/ClientServerWorld/ClientServerBootstrap.cs:274)
Dumativa.Rasek.Backend.NetcodeBootstrap:CreateClientServerWorldsOnDemand () (at Assets/Scripts/_DOTS/Connection/NetcodeBootstrap.cs:100)
GameLifecycleManager/<CreateMatchWorldsAsync>d__15:MoveNext () (at Assets/Scripts/_DOTS/Connection/GameLifecycleManager.cs:76)
System.Runtime.CompilerServices.AsyncTaskMethodBuilder:Start<GameLifecycleManager/<CreateMatchWorldsAsync>d__15> (GameLifecycleManager/<CreateMatchWorldsAsync>d__15&)
GameLifecycleManager:CreateMatchWorldsAsync ()
MainMenuBehaviour/<OnClickPlayButton>d__104:MoveNext () (at Assets/Scripts/_DOTS/MainMenu/MainMenuBehaviour.cs:533)
System.Runtime.CompilerServices.AsyncVoidMethodBuilder:Start<MainMenuBehaviour/<OnClickPlayButton>d__104> (MainMenuBehaviour/<OnClickPlayButton>d__104&)
MainMenuBehaviour:OnClickPlayButton ()
Dumativa.System.Hud.CharacterSelectionView:HandlePlayClicked () (at Assets/Scripts/_DOTS/MainMenu/CharacterSelectionView.cs:149)
UnityEngine.EventSystems.EventSystem:Update () (at ./Library/PackageCache/com.unity.ugui@58f0e62c6dfa/Runtime/UGUI/EventSystem/EventSystem.cs:530)

[QuestDataSO] Validation <color=green>valid</color> for MQT_004
UnityEngine.Debug:Log (object)
Dumativa.Rasek.Quests.QuestDataSO:Validate () (at Assets/Scripts/_DOTS/Quests/QuestDataSO.cs:125)
Dumativa.Rasek.Quests.QuestLibraryInitializationSystem/<>c:<OnCreate>b__3_0 (Dumativa.Rasek.Quests.QuestDataSO) (at Assets/Scripts/_DOTS/Quests/QuestLibraryInitializationSystem.cs:145)
System.Linq.Enumerable:ToArray<Dumativa.Rasek.Quests.QuestDataSO> (System.Collections.Generic.IEnumerable`1<Dumativa.Rasek.Quests.QuestDataSO>)
Dumativa.Rasek.Quests.QuestLibraryInitializationSystem:OnCreate (Unity.Entities.SystemState&) (at Assets/Scripts/_DOTS/Quests/QuestLibraryInitializationSystem.cs:145)
Dumativa.Rasek.Quests.QuestLibraryInitializationSystem:__codegen__OnCreate (intptr,intptr)
Unity.Entities.SystemBaseRegistry:ForwardToManaged (intptr,Unity.Entities.SystemState*,void*) (at ./Library/PackageCache/com.unity.entities@6a355619334f/Unity.Entities/SystemBaseRegistry.cs:364)
Unity.Entities.SystemBaseRegistry:CallForwardingFunction (Unity.Entities.SystemState*,Unity.Entities.UnmanagedSystemFunctionType) (at ./Library/PackageCache/com.unity.entities@6a355619334f/Unity.Entities/SystemBaseRegistry.cs:333)
Unity.Entities.SystemBaseRegistry:CallOnCreate (Unity.Entities.SystemState*) (at ./Library/PackageCache/com.unity.entities@6a355619334f/Unity.Entities/SystemBaseRegistry.cs:370)
Unity.Entities.WorldUnmanagedImpl:CallSystemOnCreateWithCleanup (Unity.Entities.SystemState*) (at ./Library/PackageCache/com.unity.entities@6a355619334f/Unity.Entities/WorldUnmanaged.cs:614)
Unity.Entities.World:GetOrCreateSystemsAndLogException (Unity.Collections.NativeList`1<Unity.Entities.SystemTypeIndex>,int,Unity.Collections.AllocatorManager/AllocatorHandle) (at ./Library/PackageCache/com.unity.entities@6a355619334f/Unity.Entities/World.cs:1282)
Unity.Entities.World:GetOrCreateSystemsAndLogException (Unity.Collections.NativeList`1<Unity.Entities.SystemTypeIndex>,Unity.Collections.AllocatorManager/AllocatorHandle) (at ./Library/PackageCache/com.unity.entities@6a355619334f/Unity.Entities/World.cs:1321)
Unity.Entities.DefaultWorldInitialization:AddSystemToRootLevelSystemGroupsInternal<Unity.Entities.DefaultWorldInitialization/DefaultRootGroups> (Unity.Entities.World,Unity.Collections.NativeList`1<Unity.Entities.SystemTypeIndex>,Unity.Entities.ComponentSystemGroup,Unity.Entities.DefaultWorldInitialization/DefaultRootGroups) (at ./Library/PackageCache/com.unity.entities@6a355619334f/Unity.Entities/DefaultWorldInitialization.cs:252)
Unity.Entities.DefaultWorldInitialization:AddSystemToRootLevelSystemGroupsInternal (Unity.Entities.World,Unity.Collections.NativeList`1<Unity.Entities.SystemTypeIndex>) (at ./Library/PackageCache/com.unity.entities@6a355619334f/Unity.Entities/DefaultWorldInitialization.cs:291)
Unity.Entities.DefaultWorldInitialization:AddSystemsToRootLevelSystemGroups (Unity.Entities.World,Unity.Collections.NativeList`1<Unity.Entities.SystemTypeIndex>) (at ./Library/PackageCache/com.unity.entities@6a355619334f/Unity.Entities/DefaultWorldInitialization.cs:215)
Unity.NetCode.ClientServerBootstrap:CreateClientWorld (string,Unity.Collections.NativeList`1<Unity.Entities.SystemTypeIndex>) (at ./Library/PackageCache/com.unity.netcode@2fb2edf0390f/Runtime/ClientServerWorld/ClientServerBootstrap.cs:287)
Unity.NetCode.ClientServerBootstrap:CreateClientWorld (string) (at ./Library/PackageCache/com.unity.netcode@2fb2edf0390f/Runtime/ClientServerWorld/ClientServerBootstrap.cs:274)
Dumativa.Rasek.Backend.NetcodeBootstrap:CreateClientServerWorldsOnDemand () (at Assets/Scripts/_DOTS/Connection/NetcodeBootstrap.cs:100)
GameLifecycleManager/<CreateMatchWorldsAsync>d__15:MoveNext () (at Assets/Scripts/_DOTS/Connection/GameLifecycleManager.cs:76)
System.Runtime.CompilerServices.AsyncTaskMethodBuilder:Start<GameLifecycleManager/<CreateMatchWorldsAsync>d__15> (GameLifecycleManager/<CreateMatchWorldsAsync>d__15&)
GameLifecycleManager:CreateMatchWorldsAsync ()
MainMenuBehaviour/<OnClickPlayButton>d__104:MoveNext () (at Assets/Scripts/_DOTS/MainMenu/MainMenuBehaviour.cs:533)
System.Runtime.CompilerServices.AsyncVoidMethodBuilder:Start<MainMenuBehaviour/<OnClickPlayButton>d__104> (MainMenuBehaviour/<OnClickPlayButton>d__104&)
MainMenuBehaviour:OnClickPlayButton ()
Dumativa.System.Hud.CharacterSelectionView:HandlePlayClicked () (at Assets/Scripts/_DOTS/MainMenu/CharacterSelectionView.cs:149)
UnityEngine.EventSystems.EventSystem:Update () (at ./Library/PackageCache/com.unity.ugui@58f0e62c6dfa/Runtime/UGUI/EventSystem/EventSystem.cs:530)

[QuestDataSO] Validation <color=green>valid</color> for MQT_005
UnityEngine.Debug:Log (object)
Dumativa.Rasek.Quests.QuestDataSO:Validate () (at Assets/Scripts/_DOTS/Quests/QuestDataSO.cs:125)
Dumativa.Rasek.Quests.QuestLibraryInitializationSystem/<>c:<OnCreate>b__3_0 (Dumativa.Rasek.Quests.QuestDataSO) (at Assets/Scripts/_DOTS/Quests/QuestLibraryInitializationSystem.cs:145)
System.Linq.Enumerable:ToArray<Dumativa.Rasek.Quests.QuestDataSO> (System.Collections.Generic.IEnumerable`1<Dumativa.Rasek.Quests.QuestDataSO>)
Dumativa.Rasek.Quests.QuestLibraryInitializationSystem:OnCreate (Unity.Entities.SystemState&) (at Assets/Scripts/_DOTS/Quests/QuestLibraryInitializationSystem.cs:145)
Dumativa.Rasek.Quests.QuestLibraryInitializationSystem:__codegen__OnCreate (intptr,intptr)
Unity.Entities.SystemBaseRegistry:ForwardToManaged (intptr,Unity.Entities.SystemState*,void*) (at ./Library/PackageCache/com.unity.entities@6a355619334f/Unity.Entities/SystemBaseRegistry.cs:364)
Unity.Entities.SystemBaseRegistry:CallForwardingFunction (Unity.Entities.SystemState*,Unity.Entities.UnmanagedSystemFunctionType) (at ./Library/PackageCache/com.unity.entities@6a355619334f/Unity.Entities/SystemBaseRegistry.cs:333)
Unity.Entities.SystemBaseRegistry:CallOnCreate (Unity.Entities.SystemState*) (at ./Library/PackageCache/com.unity.entities@6a355619334f/Unity.Entities/SystemBaseRegistry.cs:370)
Unity.Entities.WorldUnmanagedImpl:CallSystemOnCreateWithCleanup (Unity.Entities.SystemState*) (at ./Library/PackageCache/com.unity.entities@6a355619334f/Unity.Entities/WorldUnmanaged.cs:614)
Unity.Entities.World:GetOrCreateSystemsAndLogException (Unity.Collections.NativeList`1<Unity.Entities.SystemTypeIndex>,int,Unity.Collections.AllocatorManager/AllocatorHandle) (at ./Library/PackageCache/com.unity.entities@6a355619334f/Unity.Entities/World.cs:1282)
Unity.Entities.World:GetOrCreateSystemsAndLogException (Unity.Collections.NativeList`1<Unity.Entities.SystemTypeIndex>,Unity.Collections.AllocatorManager/AllocatorHandle) (at ./Library/PackageCache/com.unity.entities@6a355619334f/Unity.Entities/World.cs:1321)
Unity.Entities.DefaultWorldInitialization:AddSystemToRootLevelSystemGroupsInternal<Unity.Entities.DefaultWorldInitialization/DefaultRootGroups> (Unity.Entities.World,Unity.Collections.NativeList`1<Unity.Entities.SystemTypeIndex>,Unity.Entities.ComponentSystemGroup,Unity.Entities.DefaultWorldInitialization/DefaultRootGroups) (at ./Library/PackageCache/com.unity.entities@6a355619334f/Unity.Entities/DefaultWorldInitialization.cs:252)
Unity.Entities.DefaultWorldInitialization:AddSystemToRootLevelSystemGroupsInternal (Unity.Entities.World,Unity.Collections.NativeList`1<Unity.Entities.SystemTypeIndex>) (at ./Library/PackageCache/com.unity.entities@6a355619334f/Unity.Entities/DefaultWorldInitialization.cs:291)
Unity.Entities.DefaultWorldInitialization:AddSystemsToRootLevelSystemGroups (Unity.Entities.World,Unity.Collections.NativeList`1<Unity.Entities.SystemTypeIndex>) (at ./Library/PackageCache/com.unity.entities@6a355619334f/Unity.Entities/DefaultWorldInitialization.cs:215)
Unity.NetCode.ClientServerBootstrap:CreateClientWorld (string,Unity.Collections.NativeList`1<Unity.Entities.SystemTypeIndex>) (at ./Library/PackageCache/com.unity.netcode@2fb2edf0390f/Runtime/ClientServerWorld/ClientServerBootstrap.cs:287)
Unity.NetCode.ClientServerBootstrap:CreateClientWorld (string) (at ./Library/PackageCache/com.unity.netcode@2fb2edf0390f/Runtime/ClientServerWorld/ClientServerBootstrap.cs:274)
Dumativa.Rasek.Backend.NetcodeBootstrap:CreateClientServerWorldsOnDemand () (at Assets/Scripts/_DOTS/Connection/NetcodeBootstrap.cs:100)
GameLifecycleManager/<CreateMatchWorldsAsync>d__15:MoveNext () (at Assets/Scripts/_DOTS/Connection/GameLifecycleManager.cs:76)
System.Runtime.CompilerServices.AsyncTaskMethodBuilder:Start<GameLifecycleManager/<CreateMatchWorldsAsync>d__15> (GameLifecycleManager/<CreateMatchWorldsAsync>d__15&)
GameLifecycleManager:CreateMatchWorldsAsync ()
MainMenuBehaviour/<OnClickPlayButton>d__104:MoveNext () (at Assets/Scripts/_DOTS/MainMenu/MainMenuBehaviour.cs:533)
System.Runtime.CompilerServices.AsyncVoidMethodBuilder:Start<MainMenuBehaviour/<OnClickPlayButton>d__104> (MainMenuBehaviour/<OnClickPlayButton>d__104&)
MainMenuBehaviour:OnClickPlayButton ()
Dumativa.System.Hud.CharacterSelectionView:HandlePlayClicked () (at Assets/Scripts/_DOTS/MainMenu/CharacterSelectionView.cs:149)
UnityEngine.EventSystems.EventSystem:Update () (at ./Library/PackageCache/com.unity.ugui@58f0e62c6dfa/Runtime/UGUI/EventSystem/EventSystem.cs:530)

[QuestDataSO] Validation <color=green>valid</color> for MQT_006_A
UnityEngine.Debug:Log (object)
Dumativa.Rasek.Quests.QuestDataSO:Validate () (at Assets/Scripts/_DOTS/Quests/QuestDataSO.cs:125)
Dumativa.Rasek.Quests.QuestLibraryInitializationSystem/<>c:<OnCreate>b__3_0 (Dumativa.Rasek.Quests.QuestDataSO) (at Assets/Scripts/_DOTS/Quests/QuestLibraryInitializationSystem.cs:145)
System.Linq.Enumerable:ToArray<Dumativa.Rasek.Quests.QuestDataSO> (System.Collections.Generic.IEnumerable`1<Dumativa.Rasek.Quests.QuestDataSO>)
Dumativa.Rasek.Quests.QuestLibraryInitializationSystem:OnCreate (Unity.Entities.SystemState&) (at Assets/Scripts/_DOTS/Quests/QuestLibraryInitializationSystem.cs:145)
Dumativa.Rasek.Quests.QuestLibraryInitializationSystem:__codegen__OnCreate (intptr,intptr)
Unity.Entities.SystemBaseRegistry:ForwardToManaged (intptr,Unity.Entities.SystemState*,void*) (at ./Library/PackageCache/com.unity.entities@6a355619334f/Unity.Entities/SystemBaseRegistry.cs:364)
Unity.Entities.SystemBaseRegistry:CallForwardingFunction (Unity.Entities.SystemState*,Unity.Entities.UnmanagedSystemFunctionType) (at ./Library/PackageCache/com.unity.entities@6a355619334f/Unity.Entities/SystemBaseRegistry.cs:333)
Unity.Entities.SystemBaseRegistry:CallOnCreate (Unity.Entities.SystemState*) (at ./Library/PackageCache/com.unity.entities@6a355619334f/Unity.Entities/SystemBaseRegistry.cs:370)
Unity.Entities.WorldUnmanagedImpl:CallSystemOnCreateWithCleanup (Unity.Entities.SystemState*) (at ./Library/PackageCache/com.unity.entities@6a355619334f/Unity.Entities/WorldUnmanaged.cs:614)
Unity.Entities.World:GetOrCreateSystemsAndLogException (Unity.Collections.NativeList`1<Unity.Entities.SystemTypeIndex>,int,Unity.Collections.AllocatorManager/AllocatorHandle) (at ./Library/PackageCache/com.unity.entities@6a355619334f/Unity.Entities/World.cs:1282)
Unity.Entities.World:GetOrCreateSystemsAndLogException (Unity.Collections.NativeList`1<Unity.Entities.SystemTypeIndex>,Unity.Collections.AllocatorManager/AllocatorHandle) (at ./Library/PackageCache/com.unity.entities@6a355619334f/Unity.Entities/World.cs:1321)
Unity.Entities.DefaultWorldInitialization:AddSystemToRootLevelSystemGroupsInternal<Unity.Entities.DefaultWorldInitialization/DefaultRootGroups> (Unity.Entities.World,Unity.Collections.NativeList`1<Unity.Entities.SystemTypeIndex>,Unity.Entities.ComponentSystemGroup,Unity.Entities.DefaultWorldInitialization/DefaultRootGroups) (at ./Library/PackageCache/com.unity.entities@6a355619334f/Unity.Entities/DefaultWorldInitialization.cs:252)
Unity.Entities.DefaultWorldInitialization:AddSystemToRootLevelSystemGroupsInternal (Unity.Entities.World,Unity.Collections.NativeList`1<Unity.Entities.SystemTypeIndex>) (at ./Library/PackageCache/com.unity.entities@6a355619334f/Unity.Entities/DefaultWorldInitialization.cs:291)
Unity.Entities.DefaultWorldInitialization:AddSystemsToRootLevelSystemGroups (Unity.Entities.World,Unity.Collections.NativeList`1<Unity.Entities.SystemTypeIndex>) (at ./Library/PackageCache/com.unity.entities@6a355619334f/Unity.Entities/DefaultWorldInitialization.cs:215)
Unity.NetCode.ClientServerBootstrap:CreateClientWorld (string,Unity.Collections.NativeList`1<Unity.Entities.SystemTypeIndex>) (at ./Library/PackageCache/com.unity.netcode@2fb2edf0390f/Runtime/ClientServerWorld/ClientServerBootstrap.cs:287)
Unity.NetCode.ClientServerBootstrap:CreateClientWorld (string) (at ./Library/PackageCache/com.unity.netcode@2fb2edf0390f/Runtime/ClientServerWorld/ClientServerBootstrap.cs:274)
Dumativa.Rasek.Backend.NetcodeBootstrap:CreateClientServerWorldsOnDemand () (at Assets/Scripts/_DOTS/Connection/NetcodeBootstrap.cs:100)
GameLifecycleManager/<CreateMatchWorldsAsync>d__15:MoveNext () (at Assets/Scripts/_DOTS/Connection/GameLifecycleManager.cs:76)
System.Runtime.CompilerServices.AsyncTaskMethodBuilder:Start<GameLifecycleManager/<CreateMatchWorldsAsync>d__15> (GameLifecycleManager/<CreateMatchWorldsAsync>d__15&)
GameLifecycleManager:CreateMatchWorldsAsync ()
MainMenuBehaviour/<OnClickPlayButton>d__104:MoveNext () (at Assets/Scripts/_DOTS/MainMenu/MainMenuBehaviour.cs:533)
System.Runtime.CompilerServices.AsyncVoidMethodBuilder:Start<MainMenuBehaviour/<OnClickPlayButton>d__104> (MainMenuBehaviour/<OnClickPlayButton>d__104&)
MainMenuBehaviour:OnClickPlayButton ()
Dumativa.System.Hud.CharacterSelectionView:HandlePlayClicked () (at Assets/Scripts/_DOTS/MainMenu/CharacterSelectionView.cs:149)
UnityEngine.EventSystems.EventSystem:Update () (at ./Library/PackageCache/com.unity.ugui@58f0e62c6dfa/Runtime/UGUI/EventSystem/EventSystem.cs:530)

[QuestDataSO] Validation <color=green>valid</color> for MQT_006_C
UnityEngine.Debug:Log (object)
Dumativa.Rasek.Quests.QuestDataSO:Validate () (at Assets/Scripts/_DOTS/Quests/QuestDataSO.cs:125)
Dumativa.Rasek.Quests.QuestLibraryInitializationSystem/<>c:<OnCreate>b__3_0 (Dumativa.Rasek.Quests.QuestDataSO) (at Assets/Scripts/_DOTS/Quests/QuestLibraryInitializationSystem.cs:145)
System.Linq.Enumerable:ToArray<Dumativa.Rasek.Quests.QuestDataSO> (System.Collections.Generic.IEnumerable`1<Dumativa.Rasek.Quests.QuestDataSO>)
Dumativa.Rasek.Quests.QuestLibraryInitializationSystem:OnCreate (Unity.Entities.SystemState&) (at Assets/Scripts/_DOTS/Quests/QuestLibraryInitializationSystem.cs:145)
Dumativa.Rasek.Quests.QuestLibraryInitializationSystem:__codegen__OnCreate (intptr,intptr)
Unity.Entities.SystemBaseRegistry:ForwardToManaged (intptr,Unity.Entities.SystemState*,void*) (at ./Library/PackageCache/com.unity.entities@6a355619334f/Unity.Entities/SystemBaseRegistry.cs:364)
Unity.Entities.SystemBaseRegistry:CallForwardingFunction (Unity.Entities.SystemState*,Unity.Entities.UnmanagedSystemFunctionType) (at ./Library/PackageCache/com.unity.entities@6a355619334f/Unity.Entities/SystemBaseRegistry.cs:333)
Unity.Entities.SystemBaseRegistry:CallOnCreate (Unity.Entities.SystemState*) (at ./Library/PackageCache/com.unity.entities@6a355619334f/Unity.Entities/SystemBaseRegistry.cs:370)
Unity.Entities.WorldUnmanagedImpl:CallSystemOnCreateWithCleanup (Unity.Entities.SystemState*) (at ./Library/PackageCache/com.unity.entities@6a355619334f/Unity.Entities/WorldUnmanaged.cs:614)
Unity.Entities.World:GetOrCreateSystemsAndLogException (Unity.Collections.NativeList`1<Unity.Entities.SystemTypeIndex>,int,Unity.Collections.AllocatorManager/AllocatorHandle) (at ./Library/PackageCache/com.unity.entities@6a355619334f/Unity.Entities/World.cs:1282)
Unity.Entities.World:GetOrCreateSystemsAndLogException (Unity.Collections.NativeList`1<Unity.Entities.SystemTypeIndex>,Unity.Collections.AllocatorManager/AllocatorHandle) (at ./Library/PackageCache/com.unity.entities@6a355619334f/Unity.Entities/World.cs:1321)
Unity.Entities.DefaultWorldInitialization:AddSystemToRootLevelSystemGroupsInternal<Unity.Entities.DefaultWorldInitialization/DefaultRootGroups> (Unity.Entities.World,Unity.Collections.NativeList`1<Unity.Entities.SystemTypeIndex>,Unity.Entities.ComponentSystemGroup,Unity.Entities.DefaultWorldInitialization/DefaultRootGroups) (at ./Library/PackageCache/com.unity.entities@6a355619334f/Unity.Entities/DefaultWorldInitialization.cs:252)
Unity.Entities.DefaultWorldInitialization:AddSystemToRootLevelSystemGroupsInternal (Unity.Entities.World,Unity.Collections.NativeList`1<Unity.Entities.SystemTypeIndex>) (at ./Library/PackageCache/com.unity.entities@6a355619334f/Unity.Entities/DefaultWorldInitialization.cs:291)
Unity.Entities.DefaultWorldInitialization:AddSystemsToRootLevelSystemGroups (Unity.Entities.World,Unity.Collections.NativeList`1<Unity.Entities.SystemTypeIndex>) (at ./Library/PackageCache/com.unity.entities@6a355619334f/Unity.Entities/DefaultWorldInitialization.cs:215)
Unity.NetCode.ClientServerBootstrap:CreateClientWorld (string,Unity.Collections.NativeList`1<Unity.Entities.SystemTypeIndex>) (at ./Library/PackageCache/com.unity.netcode@2fb2edf0390f/Runtime/ClientServerWorld/ClientServerBootstrap.cs:287)
Unity.NetCode.ClientServerBootstrap:CreateClientWorld (string) (at ./Library/PackageCache/com.unity.netcode@2fb2edf0390f/Runtime/ClientServerWorld/ClientServerBootstrap.cs:274)
Dumativa.Rasek.Backend.NetcodeBootstrap:CreateClientServerWorldsOnDemand () (at Assets/Scripts/_DOTS/Connection/NetcodeBootstrap.cs:100)
GameLifecycleManager/<CreateMatchWorldsAsync>d__15:MoveNext () (at Assets/Scripts/_DOTS/Connection/GameLifecycleManager.cs:76)
System.Runtime.CompilerServices.AsyncTaskMethodBuilder:Start<GameLifecycleManager/<CreateMatchWorldsAsync>d__15> (GameLifecycleManager/<CreateMatchWorldsAsync>d__15&)
GameLifecycleManager:CreateMatchWorldsAsync ()
MainMenuBehaviour/<OnClickPlayButton>d__104:MoveNext () (at Assets/Scripts/_DOTS/MainMenu/MainMenuBehaviour.cs:533)
System.Runtime.CompilerServices.AsyncVoidMethodBuilder:Start<MainMenuBehaviour/<OnClickPlayButton>d__104> (MainMenuBehaviour/<OnClickPlayButton>d__104&)
MainMenuBehaviour:OnClickPlayButton ()
Dumativa.System.Hud.CharacterSelectionView:HandlePlayClicked () (at Assets/Scripts/_DOTS/MainMenu/CharacterSelectionView.cs:149)
UnityEngine.EventSystems.EventSystem:Update () (at ./Library/PackageCache/com.unity.ugui@58f0e62c6dfa/Runtime/UGUI/EventSystem/EventSystem.cs:530)

[QuestDataSO] Validation <color=green>valid</color> for MQT_006_M
UnityEngine.Debug:Log (object)
Dumativa.Rasek.Quests.QuestDataSO:Validate () (at Assets/Scripts/_DOTS/Quests/QuestDataSO.cs:125)
Dumativa.Rasek.Quests.QuestLibraryInitializationSystem/<>c:<OnCreate>b__3_0 (Dumativa.Rasek.Quests.QuestDataSO) (at Assets/Scripts/_DOTS/Quests/QuestLibraryInitializationSystem.cs:145)
System.Linq.Enumerable:ToArray<Dumativa.Rasek.Quests.QuestDataSO> (System.Collections.Generic.IEnumerable`1<Dumativa.Rasek.Quests.QuestDataSO>)
Dumativa.Rasek.Quests.QuestLibraryInitializationSystem:OnCreate (Unity.Entities.SystemState&) (at Assets/Scripts/_DOTS/Quests/QuestLibraryInitializationSystem.cs:145)
Dumativa.Rasek.Quests.QuestLibraryInitializationSystem:__codegen__OnCreate (intptr,intptr)
Unity.Entities.SystemBaseRegistry:ForwardToManaged (intptr,Unity.Entities.SystemState*,void*) (at ./Library/PackageCache/com.unity.entities@6a355619334f/Unity.Entities/SystemBaseRegistry.cs:364)
Unity.Entities.SystemBaseRegistry:CallForwardingFunction (Unity.Entities.SystemState*,Unity.Entities.UnmanagedSystemFunctionType) (at ./Library/PackageCache/com.unity.entities@6a355619334f/Unity.Entities/SystemBaseRegistry.cs:333)
Unity.Entities.SystemBaseRegistry:CallOnCreate (Unity.Entities.SystemState*) (at ./Library/PackageCache/com.unity.entities@6a355619334f/Unity.Entities/SystemBaseRegistry.cs:370)
Unity.Entities.WorldUnmanagedImpl:CallSystemOnCreateWithCleanup (Unity.Entities.SystemState*) (at ./Library/PackageCache/com.unity.entities@6a355619334f/Unity.Entities/WorldUnmanaged.cs:614)
Unity.Entities.World:GetOrCreateSystemsAndLogException (Unity.Collections.NativeList`1<Unity.Entities.SystemTypeIndex>,int,Unity.Collections.AllocatorManager/AllocatorHandle) (at ./Library/PackageCache/com.unity.entities@6a355619334f/Unity.Entities/World.cs:1282)
Unity.Entities.World:GetOrCreateSystemsAndLogException (Unity.Collections.NativeList`1<Unity.Entities.SystemTypeIndex>,Unity.Collections.AllocatorManager/AllocatorHandle) (at ./Library/PackageCache/com.unity.entities@6a355619334f/Unity.Entities/World.cs:1321)
Unity.Entities.DefaultWorldInitialization:AddSystemToRootLevelSystemGroupsInternal<Unity.Entities.DefaultWorldInitialization/DefaultRootGroups> (Unity.Entities.World,Unity.Collections.NativeList`1<Unity.Entities.SystemTypeIndex>,Unity.Entities.ComponentSystemGroup,Unity.Entities.DefaultWorldInitialization/DefaultRootGroups) (at ./Library/PackageCache/com.unity.entities@6a355619334f/Unity.Entities/DefaultWorldInitialization.cs:252)
Unity.Entities.DefaultWorldInitialization:AddSystemToRootLevelSystemGroupsInternal (Unity.Entities.World,Unity.Collections.NativeList`1<Unity.Entities.SystemTypeIndex>) (at ./Library/PackageCache/com.unity.entities@6a355619334f/Unity.Entities/DefaultWorldInitialization.cs:291)
Unity.Entities.DefaultWorldInitialization:AddSystemsToRootLevelSystemGroups (Unity.Entities.World,Unity.Collections.NativeList`1<Unity.Entities.SystemTypeIndex>) (at ./Library/PackageCache/com.unity.entities@6a355619334f/Unity.Entities/DefaultWorldInitialization.cs:215)
Unity.NetCode.ClientServerBootstrap:CreateClientWorld (string,Unity.Collections.NativeList`1<Unity.Entities.SystemTypeIndex>) (at ./Library/PackageCache/com.unity.netcode@2fb2edf0390f/Runtime/ClientServerWorld/ClientServerBootstrap.cs:287)
Unity.NetCode.ClientServerBootstrap:CreateClientWorld (string) (at ./Library/PackageCache/com.unity.netcode@2fb2edf0390f/Runtime/ClientServerWorld/ClientServerBootstrap.cs:274)
Dumativa.Rasek.Backend.NetcodeBootstrap:CreateClientServerWorldsOnDemand () (at Assets/Scripts/_DOTS/Connection/NetcodeBootstrap.cs:100)
GameLifecycleManager/<CreateMatchWorldsAsync>d__15:MoveNext () (at Assets/Scripts/_DOTS/Connection/GameLifecycleManager.cs:76)
System.Runtime.CompilerServices.AsyncTaskMethodBuilder:Start<GameLifecycleManager/<CreateMatchWorldsAsync>d__15> (GameLifecycleManager/<CreateMatchWorldsAsync>d__15&)
GameLifecycleManager:CreateMatchWorldsAsync ()
MainMenuBehaviour/<OnClickPlayButton>d__104:MoveNext () (at Assets/Scripts/_DOTS/MainMenu/MainMenuBehaviour.cs:533)
System.Runtime.CompilerServices.AsyncVoidMethodBuilder:Start<MainMenuBehaviour/<OnClickPlayButton>d__104> (MainMenuBehaviour/<OnClickPlayButton>d__104&)
MainMenuBehaviour:OnClickPlayButton ()
Dumativa.System.Hud.CharacterSelectionView:HandlePlayClicked () (at Assets/Scripts/_DOTS/MainMenu/CharacterSelectionView.cs:149)
UnityEngine.EventSystems.EventSystem:Update () (at ./Library/PackageCache/com.unity.ugui@58f0e62c6dfa/Runtime/UGUI/EventSystem/EventSystem.cs:530)

[QuestDataSO] Validation <color=green>valid</color> for MQT_006_W
UnityEngine.Debug:Log (object)
Dumativa.Rasek.Quests.QuestDataSO:Validate () (at Assets/Scripts/_DOTS/Quests/QuestDataSO.cs:125)
Dumativa.Rasek.Quests.QuestLibraryInitializationSystem/<>c:<OnCreate>b__3_0 (Dumativa.Rasek.Quests.QuestDataSO) (at Assets/Scripts/_DOTS/Quests/QuestLibraryInitializationSystem.cs:145)
System.Linq.Enumerable:ToArray<Dumativa.Rasek.Quests.QuestDataSO> (System.Collections.Generic.IEnumerable`1<Dumativa.Rasek.Quests.QuestDataSO>)
Dumativa.Rasek.Quests.QuestLibraryInitializationSystem:OnCreate (Unity.Entities.SystemState&) (at Assets/Scripts/_DOTS/Quests/QuestLibraryInitializationSystem.cs:145)
Dumativa.Rasek.Quests.QuestLibraryInitializationSystem:__codegen__OnCreate (intptr,intptr)
Unity.Entities.SystemBaseRegistry:ForwardToManaged (intptr,Unity.Entities.SystemState*,void*) (at ./Library/PackageCache/com.unity.entities@6a355619334f/Unity.Entities/SystemBaseRegistry.cs:364)
Unity.Entities.SystemBaseRegistry:CallForwardingFunction (Unity.Entities.SystemState*,Unity.Entities.UnmanagedSystemFunctionType) (at ./Library/PackageCache/com.unity.entities@6a355619334f/Unity.Entities/SystemBaseRegistry.cs:333)
Unity.Entities.SystemBaseRegistry:CallOnCreate (Unity.Entities.SystemState*) (at ./Library/PackageCache/com.unity.entities@6a355619334f/Unity.Entities/SystemBaseRegistry.cs:370)
Unity.Entities.WorldUnmanagedImpl:CallSystemOnCreateWithCleanup (Unity.Entities.SystemState*) (at ./Library/PackageCache/com.unity.entities@6a355619334f/Unity.Entities/WorldUnmanaged.cs:614)
Unity.Entities.World:GetOrCreateSystemsAndLogException (Unity.Collections.NativeList`1<Unity.Entities.SystemTypeIndex>,int,Unity.Collections.AllocatorManager/AllocatorHandle) (at ./Library/PackageCache/com.unity.entities@6a355619334f/Unity.Entities/World.cs:1282)
Unity.Entities.World:GetOrCreateSystemsAndLogException (Unity.Collections.NativeList`1<Unity.Entities.SystemTypeIndex>,Unity.Collections.AllocatorManager/AllocatorHandle) (at ./Library/PackageCache/com.unity.entities@6a355619334f/Unity.Entities/World.cs:1321)
Unity.Entities.DefaultWorldInitialization:AddSystemToRootLevelSystemGroupsInternal<Unity.Entities.DefaultWorldInitialization/DefaultRootGroups> (Unity.Entities.World,Unity.Collections.NativeList`1<Unity.Entities.SystemTypeIndex>,Unity.Entities.ComponentSystemGroup,Unity.Entities.DefaultWorldInitialization/DefaultRootGroups) (at ./Library/PackageCache/com.unity.entities@6a355619334f/Unity.Entities/DefaultWorldInitialization.cs:252)
Unity.Entities.DefaultWorldInitialization:AddSystemToRootLevelSystemGroupsInternal (Unity.Entities.World,Unity.Collections.NativeList`1<Unity.Entities.SystemTypeIndex>) (at ./Library/PackageCache/com.unity.entities@6a355619334f/Unity.Entities/DefaultWorldInitialization.cs:291)
Unity.Entities.DefaultWorldInitialization:AddSystemsToRootLevelSystemGroups (Unity.Entities.World,Unity.Collections.NativeList`1<Unity.Entities.SystemTypeIndex>) (at ./Library/PackageCache/com.unity.entities@6a355619334f/Unity.Entities/DefaultWorldInitialization.cs:215)
Unity.NetCode.ClientServerBootstrap:CreateClientWorld (string,Unity.Collections.NativeList`1<Unity.Entities.SystemTypeIndex>) (at ./Library/PackageCache/com.unity.netcode@2fb2edf0390f/Runtime/ClientServerWorld/ClientServerBootstrap.cs:287)
Unity.NetCode.ClientServerBootstrap:CreateClientWorld (string) (at ./Library/PackageCache/com.unity.netcode@2fb2edf0390f/Runtime/ClientServerWorld/ClientServerBootstrap.cs:274)
Dumativa.Rasek.Backend.NetcodeBootstrap:CreateClientServerWorldsOnDemand () (at Assets/Scripts/_DOTS/Connection/NetcodeBootstrap.cs:100)
GameLifecycleManager/<CreateMatchWorldsAsync>d__15:MoveNext () (at Assets/Scripts/_DOTS/Connection/GameLifecycleManager.cs:76)
System.Runtime.CompilerServices.AsyncTaskMethodBuilder:Start<GameLifecycleManager/<CreateMatchWorldsAsync>d__15> (GameLifecycleManager/<CreateMatchWorldsAsync>d__15&)
GameLifecycleManager:CreateMatchWorldsAsync ()
MainMenuBehaviour/<OnClickPlayButton>d__104:MoveNext () (at Assets/Scripts/_DOTS/MainMenu/MainMenuBehaviour.cs:533)
System.Runtime.CompilerServices.AsyncVoidMethodBuilder:Start<MainMenuBehaviour/<OnClickPlayButton>d__104> (MainMenuBehaviour/<OnClickPlayButton>d__104&)
MainMenuBehaviour:OnClickPlayButton ()
Dumativa.System.Hud.CharacterSelectionView:HandlePlayClicked () (at Assets/Scripts/_DOTS/MainMenu/CharacterSelectionView.cs:149)
UnityEngine.EventSystems.EventSystem:Update () (at ./Library/PackageCache/com.unity.ugui@58f0e62c6dfa/Runtime/UGUI/EventSystem/EventSystem.cs:530)

[QuestDataSO] Validation <color=green>valid</color> for CQT_A_001
UnityEngine.Debug:Log (object)
Dumativa.Rasek.Quests.QuestDataSO:Validate () (at Assets/Scripts/_DOTS/Quests/QuestDataSO.cs:125)
Dumativa.Rasek.Quests.QuestLibraryInitializationSystem/<>c:<OnCreate>b__3_0 (Dumativa.Rasek.Quests.QuestDataSO) (at Assets/Scripts/_DOTS/Quests/QuestLibraryInitializationSystem.cs:145)
System.Linq.Enumerable:ToArray<Dumativa.Rasek.Quests.QuestDataSO> (System.Collections.Generic.IEnumerable`1<Dumativa.Rasek.Quests.QuestDataSO>)
Dumativa.Rasek.Quests.QuestLibraryInitializationSystem:OnCreate (Unity.Entities.SystemState&) (at Assets/Scripts/_DOTS/Quests/QuestLibraryInitializationSystem.cs:145)
Dumativa.Rasek.Quests.QuestLibraryInitializationSystem:__codegen__OnCreate (intptr,intptr)
Unity.Entities.SystemBaseRegistry:ForwardToManaged (intptr,Unity.Entities.SystemState*,void*) (at ./Library/PackageCache/com.unity.entities@6a355619334f/Unity.Entities/SystemBaseRegistry.cs:364)
Unity.Entities.SystemBaseRegistry:CallForwardingFunction (Unity.Entities.SystemState*,Unity.Entities.UnmanagedSystemFunctionType) (at ./Library/PackageCache/com.unity.entities@6a355619334f/Unity.Entities/SystemBaseRegistry.cs:333)
Unity.Entities.SystemBaseRegistry:CallOnCreate (Unity.Entities.SystemState*) (at ./Library/PackageCache/com.unity.entities@6a355619334f/Unity.Entities/SystemBaseRegistry.cs:370)
Unity.Entities.WorldUnmanagedImpl:CallSystemOnCreateWithCleanup (Unity.Entities.SystemState*) (at ./Library/PackageCache/com.unity.entities@6a355619334f/Unity.Entities/WorldUnmanaged.cs:614)
Unity.Entities.World:GetOrCreateSystemsAndLogException (Unity.Collections.NativeList`1<Unity.Entities.SystemTypeIndex>,int,Unity.Collections.AllocatorManager/AllocatorHandle) (at ./Library/PackageCache/com.unity.entities@6a355619334f/Unity.Entities/World.cs:1282)
Unity.Entities.World:GetOrCreateSystemsAndLogException (Unity.Collections.NativeList`1<Unity.Entities.SystemTypeIndex>,Unity.Collections.AllocatorManager/AllocatorHandle) (at ./Library/PackageCache/com.unity.entities@6a355619334f/Unity.Entities/World.cs:1321)
Unity.Entities.DefaultWorldInitialization:AddSystemToRootLevelSystemGroupsInternal<Unity.Entities.DefaultWorldInitialization/DefaultRootGroups> (Unity.Entities.World,Unity.Collections.NativeList`1<Unity.Entities.SystemTypeIndex>,Unity.Entities.ComponentSystemGroup,Unity.Entities.DefaultWorldInitialization/DefaultRootGroups) (at ./Library/PackageCache/com.unity.entities@6a355619334f/Unity.Entities/DefaultWorldInitialization.cs:252)
Unity.Entities.DefaultWorldInitialization:AddSystemToRootLevelSystemGroupsInternal (Unity.Entities.World,Unity.Collections.NativeList`1<Unity.Entities.SystemTypeIndex>) (at ./Library/PackageCache/com.unity.entities@6a355619334f/Unity.Entities/DefaultWorldInitialization.cs:291)
Unity.Entities.DefaultWorldInitialization:AddSystemsToRootLevelSystemGroups (Unity.Entities.World,Unity.Collections.NativeList`1<Unity.Entities.SystemTypeIndex>) (at ./Library/PackageCache/com.unity.entities@6a355619334f/Unity.Entities/DefaultWorldInitialization.cs:215)
Unity.NetCode.ClientServerBootstrap:CreateClientWorld (string,Unity.Collections.NativeList`1<Unity.Entities.SystemTypeIndex>) (at ./Library/PackageCache/com.unity.netcode@2fb2edf0390f/Runtime/ClientServerWorld/ClientServerBootstrap.cs:287)
Unity.NetCode.ClientServerBootstrap:CreateClientWorld (string) (at ./Library/PackageCache/com.unity.netcode@2fb2edf0390f/Runtime/ClientServerWorld/ClientServerBootstrap.cs:274)
Dumativa.Rasek.Backend.NetcodeBootstrap:CreateClientServerWorldsOnDemand () (at Assets/Scripts/_DOTS/Connection/NetcodeBootstrap.cs:100)
GameLifecycleManager/<CreateMatchWorldsAsync>d__15:MoveNext () (at Assets/Scripts/_DOTS/Connection/GameLifecycleManager.cs:76)
System.Runtime.CompilerServices.AsyncTaskMethodBuilder:Start<GameLifecycleManager/<CreateMatchWorldsAsync>d__15> (GameLifecycleManager/<CreateMatchWorldsAsync>d__15&)
GameLifecycleManager:CreateMatchWorldsAsync ()
MainMenuBehaviour/<OnClickPlayButton>d__104:MoveNext () (at Assets/Scripts/_DOTS/MainMenu/MainMenuBehaviour.cs:533)
System.Runtime.CompilerServices.AsyncVoidMethodBuilder:Start<MainMenuBehaviour/<OnClickPlayButton>d__104> (MainMenuBehaviour/<OnClickPlayButton>d__104&)
MainMenuBehaviour:OnClickPlayButton ()
Dumativa.System.Hud.CharacterSelectionView:HandlePlayClicked () (at Assets/Scripts/_DOTS/MainMenu/CharacterSelectionView.cs:149)
UnityEngine.EventSystems.EventSystem:Update () (at ./Library/PackageCache/com.unity.ugui@58f0e62c6dfa/Runtime/UGUI/EventSystem/EventSystem.cs:530)

[QuestDataSO] Validation <color=green>valid</color> for CQT_A_002
UnityEngine.Debug:Log (object)
Dumativa.Rasek.Quests.QuestDataSO:Validate () (at Assets/Scripts/_DOTS/Quests/QuestDataSO.cs:125)
Dumativa.Rasek.Quests.QuestLibraryInitializationSystem/<>c:<OnCreate>b__3_0 (Dumativa.Rasek.Quests.QuestDataSO) (at Assets/Scripts/_DOTS/Quests/QuestLibraryInitializationSystem.cs:145)
System.Linq.Enumerable:ToArray<Dumativa.Rasek.Quests.QuestDataSO> (System.Collections.Generic.IEnumerable`1<Dumativa.Rasek.Quests.QuestDataSO>)
Dumativa.Rasek.Quests.QuestLibraryInitializationSystem:OnCreate (Unity.Entities.SystemState&) (at Assets/Scripts/_DOTS/Quests/QuestLibraryInitializationSystem.cs:145)
Dumativa.Rasek.Quests.QuestLibraryInitializationSystem:__codegen__OnCreate (intptr,intptr)
Unity.Entities.SystemBaseRegistry:ForwardToManaged (intptr,Unity.Entities.SystemState*,void*) (at ./Library/PackageCache/com.unity.entities@6a355619334f/Unity.Entities/SystemBaseRegistry.cs:364)
Unity.Entities.SystemBaseRegistry:CallForwardingFunction (Unity.Entities.SystemState*,Unity.Entities.UnmanagedSystemFunctionType) (at ./Library/PackageCache/com.unity.entities@6a355619334f/Unity.Entities/SystemBaseRegistry.cs:333)
Unity.Entities.SystemBaseRegistry:CallOnCreate (Unity.Entities.SystemState*) (at ./Library/PackageCache/com.unity.entities@6a355619334f/Unity.Entities/SystemBaseRegistry.cs:370)
Unity.Entities.WorldUnmanagedImpl:CallSystemOnCreateWithCleanup (Unity.Entities.SystemState*) (at ./Library/PackageCache/com.unity.entities@6a355619334f/Unity.Entities/WorldUnmanaged.cs:614)
Unity.Entities.World:GetOrCreateSystemsAndLogException (Unity.Collections.NativeList`1<Unity.Entities.SystemTypeIndex>,int,Unity.Collections.AllocatorManager/AllocatorHandle) (at ./Library/PackageCache/com.unity.entities@6a355619334f/Unity.Entities/World.cs:1282)
Unity.Entities.World:GetOrCreateSystemsAndLogException (Unity.Collections.NativeList`1<Unity.Entities.SystemTypeIndex>,Unity.Collections.AllocatorManager/AllocatorHandle) (at ./Library/PackageCache/com.unity.entities@6a355619334f/Unity.Entities/World.cs:1321)
Unity.Entities.DefaultWorldInitialization:AddSystemToRootLevelSystemGroupsInternal<Unity.Entities.DefaultWorldInitialization/DefaultRootGroups> (Unity.Entities.World,Unity.Collections.NativeList`1<Unity.Entities.SystemTypeIndex>,Unity.Entities.ComponentSystemGroup,Unity.Entities.DefaultWorldInitialization/DefaultRootGroups) (at ./Library/PackageCache/com.unity.entities@6a355619334f/Unity.Entities/DefaultWorldInitialization.cs:252)
Unity.Entities.DefaultWorldInitialization:AddSystemToRootLevelSystemGroupsInternal (Unity.Entities.World,Unity.Collections.NativeList`1<Unity.Entities.SystemTypeIndex>) (at ./Library/PackageCache/com.unity.entities@6a355619334f/Unity.Entities/DefaultWorldInitialization.cs:291)
Unity.Entities.DefaultWorldInitialization:AddSystemsToRootLevelSystemGroups (Unity.Entities.World,Unity.Collections.NativeList`1<Unity.Entities.SystemTypeIndex>) (at ./Library/PackageCache/com.unity.entities@6a355619334f/Unity.Entities/DefaultWorldInitialization.cs:215)
Unity.NetCode.ClientServerBootstrap:CreateClientWorld (string,Unity.Collections.NativeList`1<Unity.Entities.SystemTypeIndex>) (at ./Library/PackageCache/com.unity.netcode@2fb2edf0390f/Runtime/ClientServerWorld/ClientServerBootstrap.cs:287)
Unity.NetCode.ClientServerBootstrap:CreateClientWorld (string) (at ./Library/PackageCache/com.unity.netcode@2fb2edf0390f/Runtime/ClientServerWorld/ClientServerBootstrap.cs:274)
Dumativa.Rasek.Backend.NetcodeBootstrap:CreateClientServerWorldsOnDemand () (at Assets/Scripts/_DOTS/Connection/NetcodeBootstrap.cs:100)
GameLifecycleManager/<CreateMatchWorldsAsync>d__15:MoveNext () (at Assets/Scripts/_DOTS/Connection/GameLifecycleManager.cs:76)
System.Runtime.CompilerServices.AsyncTaskMethodBuilder:Start<GameLifecycleManager/<CreateMatchWorldsAsync>d__15> (GameLifecycleManager/<CreateMatchWorldsAsync>d__15&)
GameLifecycleManager:CreateMatchWorldsAsync ()
MainMenuBehaviour/<OnClickPlayButton>d__104:MoveNext () (at Assets/Scripts/_DOTS/MainMenu/MainMenuBehaviour.cs:533)
System.Runtime.CompilerServices.AsyncVoidMethodBuilder:Start<MainMenuBehaviour/<OnClickPlayButton>d__104> (MainMenuBehaviour/<OnClickPlayButton>d__104&)
MainMenuBehaviour:OnClickPlayButton ()
Dumativa.System.Hud.CharacterSelectionView:HandlePlayClicked () (at Assets/Scripts/_DOTS/MainMenu/CharacterSelectionView.cs:149)
UnityEngine.EventSystems.EventSystem:Update () (at ./Library/PackageCache/com.unity.ugui@58f0e62c6dfa/Runtime/UGUI/EventSystem/EventSystem.cs:530)

[QuestDataSO] Validation <color=green>valid</color> for CQT_A_003
UnityEngine.Debug:Log (object)
Dumativa.Rasek.Quests.QuestDataSO:Validate () (at Assets/Scripts/_DOTS/Quests/QuestDataSO.cs:125)
Dumativa.Rasek.Quests.QuestLibraryInitializationSystem/<>c:<OnCreate>b__3_0 (Dumativa.Rasek.Quests.QuestDataSO) (at Assets/Scripts/_DOTS/Quests/QuestLibraryInitializationSystem.cs:145)
System.Linq.Enumerable:ToArray<Dumativa.Rasek.Quests.QuestDataSO> (System.Collections.Generic.IEnumerable`1<Dumativa.Rasek.Quests.QuestDataSO>)
Dumativa.Rasek.Quests.QuestLibraryInitializationSystem:OnCreate (Unity.Entities.SystemState&) (at Assets/Scripts/_DOTS/Quests/QuestLibraryInitializationSystem.cs:145)
Dumativa.Rasek.Quests.QuestLibraryInitializationSystem:__codegen__OnCreate (intptr,intptr)
Unity.Entities.SystemBaseRegistry:ForwardToManaged (intptr,Unity.Entities.SystemState*,void*) (at ./Library/PackageCache/com.unity.entities@6a355619334f/Unity.Entities/SystemBaseRegistry.cs:364)
Unity.Entities.SystemBaseRegistry:CallForwardingFunction (Unity.Entities.SystemState*,Unity.Entities.UnmanagedSystemFunctionType) (at ./Library/PackageCache/com.unity.entities@6a355619334f/Unity.Entities/SystemBaseRegistry.cs:333)
Unity.Entities.SystemBaseRegistry:CallOnCreate (Unity.Entities.SystemState*) (at ./Library/PackageCache/com.unity.entities@6a355619334f/Unity.Entities/SystemBaseRegistry.cs:370)
Unity.Entities.WorldUnmanagedImpl:CallSystemOnCreateWithCleanup (Unity.Entities.SystemState*) (at ./Library/PackageCache/com.unity.entities@6a355619334f/Unity.Entities/WorldUnmanaged.cs:614)
Unity.Entities.World:GetOrCreateSystemsAndLogException (Unity.Collections.NativeList`1<Unity.Entities.SystemTypeIndex>,int,Unity.Collections.AllocatorManager/AllocatorHandle) (at ./Library/PackageCache/com.unity.entities@6a355619334f/Unity.Entities/World.cs:1282)
Unity.Entities.World:GetOrCreateSystemsAndLogException (Unity.Collections.NativeList`1<Unity.Entities.SystemTypeIndex>,Unity.Collections.AllocatorManager/AllocatorHandle) (at ./Library/PackageCache/com.unity.entities@6a355619334f/Unity.Entities/World.cs:1321)
Unity.Entities.DefaultWorldInitialization:AddSystemToRootLevelSystemGroupsInternal<Unity.Entities.DefaultWorldInitialization/DefaultRootGroups> (Unity.Entities.World,Unity.Collections.NativeList`1<Unity.Entities.SystemTypeIndex>,Unity.Entities.ComponentSystemGroup,Unity.Entities.DefaultWorldInitialization/DefaultRootGroups) (at ./Library/PackageCache/com.unity.entities@6a355619334f/Unity.Entities/DefaultWorldInitialization.cs:252)
Unity.Entities.DefaultWorldInitialization:AddSystemToRootLevelSystemGroupsInternal (Unity.Entities.World,Unity.Collections.NativeList`1<Unity.Entities.SystemTypeIndex>) (at ./Library/PackageCache/com.unity.entities@6a355619334f/Unity.Entities/DefaultWorldInitialization.cs:291)
Unity.Entities.DefaultWorldInitialization:AddSystemsToRootLevelSystemGroups (Unity.Entities.World,Unity.Collections.NativeList`1<Unity.Entities.SystemTypeIndex>) (at ./Library/PackageCache/com.unity.entities@6a355619334f/Unity.Entities/DefaultWorldInitialization.cs:215)
Unity.NetCode.ClientServerBootstrap:CreateClientWorld (string,Unity.Collections.NativeList`1<Unity.Entities.SystemTypeIndex>) (at ./Library/PackageCache/com.unity.netcode@2fb2edf0390f/Runtime/ClientServerWorld/ClientServerBootstrap.cs:287)
Unity.NetCode.ClientServerBootstrap:CreateClientWorld (string) (at ./Library/PackageCache/com.unity.netcode@2fb2edf0390f/Runtime/ClientServerWorld/ClientServerBootstrap.cs:274)
Dumativa.Rasek.Backend.NetcodeBootstrap:CreateClientServerWorldsOnDemand () (at Assets/Scripts/_DOTS/Connection/NetcodeBootstrap.cs:100)
GameLifecycleManager/<CreateMatchWorldsAsync>d__15:MoveNext () (at Assets/Scripts/_DOTS/Connection/GameLifecycleManager.cs:76)
System.Runtime.CompilerServices.AsyncTaskMethodBuilder:Start<GameLifecycleManager/<CreateMatchWorldsAsync>d__15> (GameLifecycleManager/<CreateMatchWorldsAsync>d__15&)
GameLifecycleManager:CreateMatchWorldsAsync ()
MainMenuBehaviour/<OnClickPlayButton>d__104:MoveNext () (at Assets/Scripts/_DOTS/MainMenu/MainMenuBehaviour.cs:533)
System.Runtime.CompilerServices.AsyncVoidMethodBuilder:Start<MainMenuBehaviour/<OnClickPlayButton>d__104> (MainMenuBehaviour/<OnClickPlayButton>d__104&)
MainMenuBehaviour:OnClickPlayButton ()
Dumativa.System.Hud.CharacterSelectionView:HandlePlayClicked () (at Assets/Scripts/_DOTS/MainMenu/CharacterSelectionView.cs:149)
UnityEngine.EventSystems.EventSystem:Update () (at ./Library/PackageCache/com.unity.ugui@58f0e62c6dfa/Runtime/UGUI/EventSystem/EventSystem.cs:530)

[QuestDataSO] Validation <color=green>valid</color> for CQT_C_001
UnityEngine.Debug:Log (object)
Dumativa.Rasek.Quests.QuestDataSO:Validate () (at Assets/Scripts/_DOTS/Quests/QuestDataSO.cs:125)
Dumativa.Rasek.Quests.QuestLibraryInitializationSystem/<>c:<OnCreate>b__3_0 (Dumativa.Rasek.Quests.QuestDataSO) (at Assets/Scripts/_DOTS/Quests/QuestLibraryInitializationSystem.cs:145)
System.Linq.Enumerable:ToArray<Dumativa.Rasek.Quests.QuestDataSO> (System.Collections.Generic.IEnumerable`1<Dumativa.Rasek.Quests.QuestDataSO>)
Dumativa.Rasek.Quests.QuestLibraryInitializationSystem:OnCreate (Unity.Entities.SystemState&) (at Assets/Scripts/_DOTS/Quests/QuestLibraryInitializationSystem.cs:145)
Dumativa.Rasek.Quests.QuestLibraryInitializationSystem:__codegen__OnCreate (intptr,intptr)
Unity.Entities.SystemBaseRegistry:ForwardToManaged (intptr,Unity.Entities.SystemState*,void*) (at ./Library/PackageCache/com.unity.entities@6a355619334f/Unity.Entities/SystemBaseRegistry.cs:364)
Unity.Entities.SystemBaseRegistry:CallForwardingFunction (Unity.Entities.SystemState*,Unity.Entities.UnmanagedSystemFunctionType) (at ./Library/PackageCache/com.unity.entities@6a355619334f/Unity.Entities/SystemBaseRegistry.cs:333)
Unity.Entities.SystemBaseRegistry:CallOnCreate (Unity.Entities.SystemState*) (at ./Library/PackageCache/com.unity.entities@6a355619334f/Unity.Entities/SystemBaseRegistry.cs:370)
Unity.Entities.WorldUnmanagedImpl:CallSystemOnCreateWithCleanup (Unity.Entities.SystemState*) (at ./Library/PackageCache/com.unity.entities@6a355619334f/Unity.Entities/WorldUnmanaged.cs:614)
Unity.Entities.World:GetOrCreateSystemsAndLogException (Unity.Collections.NativeList`1<Unity.Entities.SystemTypeIndex>,int,Unity.Collections.AllocatorManager/AllocatorHandle) (at ./Library/PackageCache/com.unity.entities@6a355619334f/Unity.Entities/World.cs:1282)
Unity.Entities.World:GetOrCreateSystemsAndLogException (Unity.Collections.NativeList`1<Unity.Entities.SystemTypeIndex>,Unity.Collections.AllocatorManager/AllocatorHandle) (at ./Library/PackageCache/com.unity.entities@6a355619334f/Unity.Entities/World.cs:1321)
Unity.Entities.DefaultWorldInitialization:AddSystemToRootLevelSystemGroupsInternal<Unity.Entities.DefaultWorldInitialization/DefaultRootGroups> (Unity.Entities.World,Unity.Collections.NativeList`1<Unity.Entities.SystemTypeIndex>,Unity.Entities.ComponentSystemGroup,Unity.Entities.DefaultWorldInitialization/DefaultRootGroups) (at ./Library/PackageCache/com.unity.entities@6a355619334f/Unity.Entities/DefaultWorldInitialization.cs:252)
Unity.Entities.DefaultWorldInitialization:AddSystemToRootLevelSystemGroupsInternal (Unity.Entities.World,Unity.Collections.NativeList`1<Unity.Entities.SystemTypeIndex>) (at ./Library/PackageCache/com.unity.entities@6a355619334f/Unity.Entities/DefaultWorldInitialization.cs:291)
Unity.Entities.DefaultWorldInitialization:AddSystemsToRootLevelSystemGroups (Unity.Entities.World,Unity.Collections.NativeList`1<Unity.Entities.SystemTypeIndex>) (at ./Library/PackageCache/com.unity.entities@6a355619334f/Unity.Entities/DefaultWorldInitialization.cs:215)
Unity.NetCode.ClientServerBootstrap:CreateClientWorld (string,Unity.Collections.NativeList`1<Unity.Entities.SystemTypeIndex>) (at ./Library/PackageCache/com.unity.netcode@2fb2edf0390f/Runtime/ClientServerWorld/ClientServerBootstrap.cs:287)
Unity.NetCode.ClientServerBootstrap:CreateClientWorld (string) (at ./Library/PackageCache/com.unity.netcode@2fb2edf0390f/Runtime/ClientServerWorld/ClientServerBootstrap.cs:274)
Dumativa.Rasek.Backend.NetcodeBootstrap:CreateClientServerWorldsOnDemand () (at Assets/Scripts/_DOTS/Connection/NetcodeBootstrap.cs:100)
GameLifecycleManager/<CreateMatchWorldsAsync>d__15:MoveNext () (at Assets/Scripts/_DOTS/Connection/GameLifecycleManager.cs:76)
System.Runtime.CompilerServices.AsyncTaskMethodBuilder:Start<GameLifecycleManager/<CreateMatchWorldsAsync>d__15> (GameLifecycleManager/<CreateMatchWorldsAsync>d__15&)
GameLifecycleManager:CreateMatchWorldsAsync ()
MainMenuBehaviour/<OnClickPlayButton>d__104:MoveNext () (at Assets/Scripts/_DOTS/MainMenu/MainMenuBehaviour.cs:533)
System.Runtime.CompilerServices.AsyncVoidMethodBuilder:Start<MainMenuBehaviour/<OnClickPlayButton>d__104> (MainMenuBehaviour/<OnClickPlayButton>d__104&)
MainMenuBehaviour:OnClickPlayButton ()
Dumativa.System.Hud.CharacterSelectionView:HandlePlayClicked () (at Assets/Scripts/_DOTS/MainMenu/CharacterSelectionView.cs:149)
UnityEngine.EventSystems.EventSystem:Update () (at ./Library/PackageCache/com.unity.ugui@58f0e62c6dfa/Runtime/UGUI/EventSystem/EventSystem.cs:530)

[QuestDataSO] Validation <color=green>valid</color> for CQT_C_002
UnityEngine.Debug:Log (object)
Dumativa.Rasek.Quests.QuestDataSO:Validate () (at Assets/Scripts/_DOTS/Quests/QuestDataSO.cs:125)
Dumativa.Rasek.Quests.QuestLibraryInitializationSystem/<>c:<OnCreate>b__3_0 (Dumativa.Rasek.Quests.QuestDataSO) (at Assets/Scripts/_DOTS/Quests/QuestLibraryInitializationSystem.cs:145)
System.Linq.Enumerable:ToArray<Dumativa.Rasek.Quests.QuestDataSO> (System.Collections.Generic.IEnumerable`1<Dumativa.Rasek.Quests.QuestDataSO>)
Dumativa.Rasek.Quests.QuestLibraryInitializationSystem:OnCreate (Unity.Entities.SystemState&) (at Assets/Scripts/_DOTS/Quests/QuestLibraryInitializationSystem.cs:145)
Dumativa.Rasek.Quests.QuestLibraryInitializationSystem:__codegen__OnCreate (intptr,intptr)
Unity.Entities.SystemBaseRegistry:ForwardToManaged (intptr,Unity.Entities.SystemState*,void*) (at ./Library/PackageCache/com.unity.entities@6a355619334f/Unity.Entities/SystemBaseRegistry.cs:364)
Unity.Entities.SystemBaseRegistry:CallForwardingFunction (Unity.Entities.SystemState*,Unity.Entities.UnmanagedSystemFunctionType) (at ./Library/PackageCache/com.unity.entities@6a355619334f/Unity.Entities/SystemBaseRegistry.cs:333)
Unity.Entities.SystemBaseRegistry:CallOnCreate (Unity.Entities.SystemState*) (at ./Library/PackageCache/com.unity.entities@6a355619334f/Unity.Entities/SystemBaseRegistry.cs:370)
Unity.Entities.WorldUnmanagedImpl:CallSystemOnCreateWithCleanup (Unity.Entities.SystemState*) (at ./Library/PackageCache/com.unity.entities@6a355619334f/Unity.Entities/WorldUnmanaged.cs:614)
Unity.Entities.World:GetOrCreateSystemsAndLogException (Unity.Collections.NativeList`1<Unity.Entities.SystemTypeIndex>,int,Unity.Collections.AllocatorManager/AllocatorHandle) (at ./Library/PackageCache/com.unity.entities@6a355619334f/Unity.Entities/World.cs:1282)
Unity.Entities.World:GetOrCreateSystemsAndLogException (Unity.Collections.NativeList`1<Unity.Entities.SystemTypeIndex>,Unity.Collections.AllocatorManager/AllocatorHandle) (at ./Library/PackageCache/com.unity.entities@6a355619334f/Unity.Entities/World.cs:1321)
Unity.Entities.DefaultWorldInitialization:AddSystemToRootLevelSystemGroupsInternal<Unity.Entities.DefaultWorldInitialization/DefaultRootGroups> (Unity.Entities.World,Unity.Collections.NativeList`1<Unity.Entities.SystemTypeIndex>,Unity.Entities.ComponentSystemGroup,Unity.Entities.DefaultWorldInitialization/DefaultRootGroups) (at ./Library/PackageCache/com.unity.entities@6a355619334f/Unity.Entities/DefaultWorldInitialization.cs:252)
Unity.Entities.DefaultWorldInitialization:AddSystemToRootLevelSystemGroupsInternal (Unity.Entities.World,Unity.Collections.NativeList`1<Unity.Entities.SystemTypeIndex>) (at ./Library/PackageCache/com.unity.entities@6a355619334f/Unity.Entities/DefaultWorldInitialization.cs:291)
Unity.Entities.DefaultWorldInitialization:AddSystemsToRootLevelSystemGroups (Unity.Entities.World,Unity.Collections.NativeList`1<Unity.Entities.SystemTypeIndex>) (at ./Library/PackageCache/com.unity.entities@6a355619334f/Unity.Entities/DefaultWorldInitialization.cs:215)
Unity.NetCode.ClientServerBootstrap:CreateClientWorld (string,Unity.Collections.NativeList`1<Unity.Entities.SystemTypeIndex>) (at ./Library/PackageCache/com.unity.netcode@2fb2edf0390f/Runtime/ClientServerWorld/ClientServerBootstrap.cs:287)
Unity.NetCode.ClientServerBootstrap:CreateClientWorld (string) (at ./Library/PackageCache/com.unity.netcode@2fb2edf0390f/Runtime/ClientServerWorld/ClientServerBootstrap.cs:274)
Dumativa.Rasek.Backend.NetcodeBootstrap:CreateClientServerWorldsOnDemand () (at Assets/Scripts/_DOTS/Connection/NetcodeBootstrap.cs:100)
GameLifecycleManager/<CreateMatchWorldsAsync>d__15:MoveNext () (at Assets/Scripts/_DOTS/Connection/GameLifecycleManager.cs:76)
System.Runtime.CompilerServices.AsyncTaskMethodBuilder:Start<GameLifecycleManager/<CreateMatchWorldsAsync>d__15> (GameLifecycleManager/<CreateMatchWorldsAsync>d__15&)
GameLifecycleManager:CreateMatchWorldsAsync ()
MainMenuBehaviour/<OnClickPlayButton>d__104:MoveNext () (at Assets/Scripts/_DOTS/MainMenu/MainMenuBehaviour.cs:533)
System.Runtime.CompilerServices.AsyncVoidMethodBuilder:Start<MainMenuBehaviour/<OnClickPlayButton>d__104> (MainMenuBehaviour/<OnClickPlayButton>d__104&)
MainMenuBehaviour:OnClickPlayButton ()
Dumativa.System.Hud.CharacterSelectionView:HandlePlayClicked () (at Assets/Scripts/_DOTS/MainMenu/CharacterSelectionView.cs:149)
UnityEngine.EventSystems.EventSystem:Update () (at ./Library/PackageCache/com.unity.ugui@58f0e62c6dfa/Runtime/UGUI/EventSystem/EventSystem.cs:530)

[QuestDataSO] Validation <color=green>valid</color> for CQT_C_003
UnityEngine.Debug:Log (object)
Dumativa.Rasek.Quests.QuestDataSO:Validate () (at Assets/Scripts/_DOTS/Quests/QuestDataSO.cs:125)
Dumativa.Rasek.Quests.QuestLibraryInitializationSystem/<>c:<OnCreate>b__3_0 (Dumativa.Rasek.Quests.QuestDataSO) (at Assets/Scripts/_DOTS/Quests/QuestLibraryInitializationSystem.cs:145)
System.Linq.Enumerable:ToArray<Dumativa.Rasek.Quests.QuestDataSO> (System.Collections.Generic.IEnumerable`1<Dumativa.Rasek.Quests.QuestDataSO>)
Dumativa.Rasek.Quests.QuestLibraryInitializationSystem:OnCreate (Unity.Entities.SystemState&) (at Assets/Scripts/_DOTS/Quests/QuestLibraryInitializationSystem.cs:145)
Dumativa.Rasek.Quests.QuestLibraryInitializationSystem:__codegen__OnCreate (intptr,intptr)
Unity.Entities.SystemBaseRegistry:ForwardToManaged (intptr,Unity.Entities.SystemState*,void*) (at ./Library/PackageCache/com.unity.entities@6a355619334f/Unity.Entities/SystemBaseRegistry.cs:364)
Unity.Entities.SystemBaseRegistry:CallForwardingFunction (Unity.Entities.SystemState*,Unity.Entities.UnmanagedSystemFunctionType) (at ./Library/PackageCache/com.unity.entities@6a355619334f/Unity.Entities/SystemBaseRegistry.cs:333)
Unity.Entities.SystemBaseRegistry:CallOnCreate (Unity.Entities.SystemState*) (at ./Library/PackageCache/com.unity.entities@6a355619334f/Unity.Entities/SystemBaseRegistry.cs:370)
Unity.Entities.WorldUnmanagedImpl:CallSystemOnCreateWithCleanup (Unity.Entities.SystemState*) (at ./Library/PackageCache/com.unity.entities@6a355619334f/Unity.Entities/WorldUnmanaged.cs:614)
Unity.Entities.World:GetOrCreateSystemsAndLogException (Unity.Collections.NativeList`1<Unity.Entities.SystemTypeIndex>,int,Unity.Collections.AllocatorManager/AllocatorHandle) (at ./Library/PackageCache/com.unity.entities@6a355619334f/Unity.Entities/World.cs:1282)
Unity.Entities.World:GetOrCreateSystemsAndLogException (Unity.Collections.NativeList`1<Unity.Entities.SystemTypeIndex>,Unity.Collections.AllocatorManager/AllocatorHandle) (at ./Library/PackageCache/com.unity.entities@6a355619334f/Unity.Entities/World.cs:1321)
Unity.Entities.DefaultWorldInitialization:AddSystemToRootLevelSystemGroupsInternal<Unity.Entities.DefaultWorldInitialization/DefaultRootGroups> (Unity.Entities.World,Unity.Collections.NativeList`1<Unity.Entities.SystemTypeIndex>,Unity.Entities.ComponentSystemGroup,Unity.Entities.DefaultWorldInitialization/DefaultRootGroups) (at ./Library/PackageCache/com.unity.entities@6a355619334f/Unity.Entities/DefaultWorldInitialization.cs:252)
Unity.Entities.DefaultWorldInitialization:AddSystemToRootLevelSystemGroupsInternal (Unity.Entities.World,Unity.Collections.NativeList`1<Unity.Entities.SystemTypeIndex>) (at ./Library/PackageCache/com.unity.entities@6a355619334f/Unity.Entities/DefaultWorldInitialization.cs:291)
Unity.Entities.DefaultWorldInitialization:AddSystemsToRootLevelSystemGroups (Unity.Entities.World,Unity.Collections.NativeList`1<Unity.Entities.SystemTypeIndex>) (at ./Library/PackageCache/com.unity.entities@6a355619334f/Unity.Entities/DefaultWorldInitialization.cs:215)
Unity.NetCode.ClientServerBootstrap:CreateClientWorld (string,Unity.Collections.NativeList`1<Unity.Entities.SystemTypeIndex>) (at ./Library/PackageCache/com.unity.netcode@2fb2edf0390f/Runtime/ClientServerWorld/ClientServerBootstrap.cs:287)
Unity.NetCode.ClientServerBootstrap:CreateClientWorld (string) (at ./Library/PackageCache/com.unity.netcode@2fb2edf0390f/Runtime/ClientServerWorld/ClientServerBootstrap.cs:274)
Dumativa.Rasek.Backend.NetcodeBootstrap:CreateClientServerWorldsOnDemand () (at Assets/Scripts/_DOTS/Connection/NetcodeBootstrap.cs:100)
GameLifecycleManager/<CreateMatchWorldsAsync>d__15:MoveNext () (at Assets/Scripts/_DOTS/Connection/GameLifecycleManager.cs:76)
System.Runtime.CompilerServices.AsyncTaskMethodBuilder:Start<GameLifecycleManager/<CreateMatchWorldsAsync>d__15> (GameLifecycleManager/<CreateMatchWorldsAsync>d__15&)
GameLifecycleManager:CreateMatchWorldsAsync ()
MainMenuBehaviour/<OnClickPlayButton>d__104:MoveNext () (at Assets/Scripts/_DOTS/MainMenu/MainMenuBehaviour.cs:533)
System.Runtime.CompilerServices.AsyncVoidMethodBuilder:Start<MainMenuBehaviour/<OnClickPlayButton>d__104> (MainMenuBehaviour/<OnClickPlayButton>d__104&)
MainMenuBehaviour:OnClickPlayButton ()
Dumativa.System.Hud.CharacterSelectionView:HandlePlayClicked () (at Assets/Scripts/_DOTS/MainMenu/CharacterSelectionView.cs:149)
UnityEngine.EventSystems.EventSystem:Update () (at ./Library/PackageCache/com.unity.ugui@58f0e62c6dfa/Runtime/UGUI/EventSystem/EventSystem.cs:530)

[QuestDataSO] Validation <color=red>error</color> for CQT_M_001 | Errors below
- <b>Rewarded skill</b> must not be null at index 0.

UnityEngine.Debug:LogError (object,UnityEngine.Object)
Dumativa.Rasek.Quests.QuestDataSO:Validate () (at Assets/Scripts/_DOTS/Quests/QuestDataSO.cs:124)
Dumativa.Rasek.Quests.QuestLibraryInitializationSystem/<>c:<OnCreate>b__3_0 (Dumativa.Rasek.Quests.QuestDataSO) (at Assets/Scripts/_DOTS/Quests/QuestLibraryInitializationSystem.cs:145)
System.Linq.Enumerable:ToArray<Dumativa.Rasek.Quests.QuestDataSO> (System.Collections.Generic.IEnumerable`1<Dumativa.Rasek.Quests.QuestDataSO>)
Dumativa.Rasek.Quests.QuestLibraryInitializationSystem:OnCreate (Unity.Entities.SystemState&) (at Assets/Scripts/_DOTS/Quests/QuestLibraryInitializationSystem.cs:145)
Dumativa.Rasek.Quests.QuestLibraryInitializationSystem:__codegen__OnCreate (intptr,intptr)
Unity.Entities.SystemBaseRegistry:ForwardToManaged (intptr,Unity.Entities.SystemState*,void*) (at ./Library/PackageCache/com.unity.entities@6a355619334f/Unity.Entities/SystemBaseRegistry.cs:364)
Unity.Entities.SystemBaseRegistry:CallForwardingFunction (Unity.Entities.SystemState*,Unity.Entities.UnmanagedSystemFunctionType) (at ./Library/PackageCache/com.unity.entities@6a355619334f/Unity.Entities/SystemBaseRegistry.cs:333)
Unity.Entities.SystemBaseRegistry:CallOnCreate (Unity.Entities.SystemState*) (at ./Library/PackageCache/com.unity.entities@6a355619334f/Unity.Entities/SystemBaseRegistry.cs:370)
Unity.Entities.WorldUnmanagedImpl:CallSystemOnCreateWithCleanup (Unity.Entities.SystemState*) (at ./Library/PackageCache/com.unity.entities@6a355619334f/Unity.Entities/WorldUnmanaged.cs:614)
Unity.Entities.World:GetOrCreateSystemsAndLogException (Unity.Collections.NativeList`1<Unity.Entities.SystemTypeIndex>,int,Unity.Collections.AllocatorManager/AllocatorHandle) (at ./Library/PackageCache/com.unity.entities@6a355619334f/Unity.Entities/World.cs:1282)
Unity.Entities.World:GetOrCreateSystemsAndLogException (Unity.Collections.NativeList`1<Unity.Entities.SystemTypeIndex>,Unity.Collections.AllocatorManager/AllocatorHandle) (at ./Library/PackageCache/com.unity.entities@6a355619334f/Unity.Entities/World.cs:1321)
Unity.Entities.DefaultWorldInitialization:AddSystemToRootLevelSystemGroupsInternal<Unity.Entities.DefaultWorldInitialization/DefaultRootGroups> (Unity.Entities.World,Unity.Collections.NativeList`1<Unity.Entities.SystemTypeIndex>,Unity.Entities.ComponentSystemGroup,Unity.Entities.DefaultWorldInitialization/DefaultRootGroups) (at ./Library/PackageCache/com.unity.entities@6a355619334f/Unity.Entities/DefaultWorldInitialization.cs:252)
Unity.Entities.DefaultWorldInitialization:AddSystemToRootLevelSystemGroupsInternal (Unity.Entities.World,Unity.Collections.NativeList`1<Unity.Entities.SystemTypeIndex>) (at ./Library/PackageCache/com.unity.entities@6a355619334f/Unity.Entities/DefaultWorldInitialization.cs:291)
Unity.Entities.DefaultWorldInitialization:AddSystemsToRootLevelSystemGroups (Unity.Entities.World,Unity.Collections.NativeList`1<Unity.Entities.SystemTypeIndex>) (at ./Library/PackageCache/com.unity.entities@6a355619334f/Unity.Entities/DefaultWorldInitialization.cs:215)
Unity.NetCode.ClientServerBootstrap:CreateClientWorld (string,Unity.Collections.NativeList`1<Unity.Entities.SystemTypeIndex>) (at ./Library/PackageCache/com.unity.netcode@2fb2edf0390f/Runtime/ClientServerWorld/ClientServerBootstrap.cs:287)
Unity.NetCode.ClientServerBootstrap:CreateClientWorld (string) (at ./Library/PackageCache/com.unity.netcode@2fb2edf0390f/Runtime/ClientServerWorld/ClientServerBootstrap.cs:274)
Dumativa.Rasek.Backend.NetcodeBootstrap:CreateClientServerWorldsOnDemand () (at Assets/Scripts/_DOTS/Connection/NetcodeBootstrap.cs:100)
GameLifecycleManager/<CreateMatchWorldsAsync>d__15:MoveNext () (at Assets/Scripts/_DOTS/Connection/GameLifecycleManager.cs:76)
System.Runtime.CompilerServices.AsyncTaskMethodBuilder:Start<GameLifecycleManager/<CreateMatchWorldsAsync>d__15> (GameLifecycleManager/<CreateMatchWorldsAsync>d__15&)
GameLifecycleManager:CreateMatchWorldsAsync ()
MainMenuBehaviour/<OnClickPlayButton>d__104:MoveNext () (at Assets/Scripts/_DOTS/MainMenu/MainMenuBehaviour.cs:533)
System.Runtime.CompilerServices.AsyncVoidMethodBuilder:Start<MainMenuBehaviour/<OnClickPlayButton>d__104> (MainMenuBehaviour/<OnClickPlayButton>d__104&)
MainMenuBehaviour:OnClickPlayButton ()
Dumativa.System.Hud.CharacterSelectionView:HandlePlayClicked () (at Assets/Scripts/_DOTS/MainMenu/CharacterSelectionView.cs:149)
UnityEngine.EventSystems.EventSystem:Update () (at ./Library/PackageCache/com.unity.ugui@58f0e62c6dfa/Runtime/UGUI/EventSystem/EventSystem.cs:530)

[QuestDataSO] Validation <color=red>error</color> for CQT_M_002 | Errors below
- <b>Rewarded skill</b> must not be null at index 0.

UnityEngine.Debug:LogError (object,UnityEngine.Object)
Dumativa.Rasek.Quests.QuestDataSO:Validate () (at Assets/Scripts/_DOTS/Quests/QuestDataSO.cs:124)
Dumativa.Rasek.Quests.QuestLibraryInitializationSystem/<>c:<OnCreate>b__3_0 (Dumativa.Rasek.Quests.QuestDataSO) (at Assets/Scripts/_DOTS/Quests/QuestLibraryInitializationSystem.cs:145)
System.Linq.Enumerable:ToArray<Dumativa.Rasek.Quests.QuestDataSO> (System.Collections.Generic.IEnumerable`1<Dumativa.Rasek.Quests.QuestDataSO>)
Dumativa.Rasek.Quests.QuestLibraryInitializationSystem:OnCreate (Unity.Entities.SystemState&) (at Assets/Scripts/_DOTS/Quests/QuestLibraryInitializationSystem.cs:145)
Dumativa.Rasek.Quests.QuestLibraryInitializationSystem:__codegen__OnCreate (intptr,intptr)
Unity.Entities.SystemBaseRegistry:ForwardToManaged (intptr,Unity.Entities.SystemState*,void*) (at ./Library/PackageCache/com.unity.entities@6a355619334f/Unity.Entities/SystemBaseRegistry.cs:364)
Unity.Entities.SystemBaseRegistry:CallForwardingFunction (Unity.Entities.SystemState*,Unity.Entities.UnmanagedSystemFunctionType) (at ./Library/PackageCache/com.unity.entities@6a355619334f/Unity.Entities/SystemBaseRegistry.cs:333)
Unity.Entities.SystemBaseRegistry:CallOnCreate (Unity.Entities.SystemState*) (at ./Library/PackageCache/com.unity.entities@6a355619334f/Unity.Entities/SystemBaseRegistry.cs:370)
Unity.Entities.WorldUnmanagedImpl:CallSystemOnCreateWithCleanup (Unity.Entities.SystemState*) (at ./Library/PackageCache/com.unity.entities@6a355619334f/Unity.Entities/WorldUnmanaged.cs:614)
Unity.Entities.World:GetOrCreateSystemsAndLogException (Unity.Collections.NativeList`1<Unity.Entities.SystemTypeIndex>,int,Unity.Collections.AllocatorManager/AllocatorHandle) (at ./Library/PackageCache/com.unity.entities@6a355619334f/Unity.Entities/World.cs:1282)
Unity.Entities.World:GetOrCreateSystemsAndLogException (Unity.Collections.NativeList`1<Unity.Entities.SystemTypeIndex>,Unity.Collections.AllocatorManager/AllocatorHandle) (at ./Library/PackageCache/com.unity.entities@6a355619334f/Unity.Entities/World.cs:1321)
Unity.Entities.DefaultWorldInitialization:AddSystemToRootLevelSystemGroupsInternal<Unity.Entities.DefaultWorldInitialization/DefaultRootGroups> (Unity.Entities.World,Unity.Collections.NativeList`1<Unity.Entities.SystemTypeIndex>,Unity.Entities.ComponentSystemGroup,Unity.Entities.DefaultWorldInitialization/DefaultRootGroups) (at ./Library/PackageCache/com.unity.entities@6a355619334f/Unity.Entities/DefaultWorldInitialization.cs:252)
Unity.Entities.DefaultWorldInitialization:AddSystemToRootLevelSystemGroupsInternal (Unity.Entities.World,Unity.Collections.NativeList`1<Unity.Entities.SystemTypeIndex>) (at ./Library/PackageCache/com.unity.entities@6a355619334f/Unity.Entities/DefaultWorldInitialization.cs:291)
Unity.Entities.DefaultWorldInitialization:AddSystemsToRootLevelSystemGroups (Unity.Entities.World,Unity.Collections.NativeList`1<Unity.Entities.SystemTypeIndex>) (at ./Library/PackageCache/com.unity.entities@6a355619334f/Unity.Entities/DefaultWorldInitialization.cs:215)
Unity.NetCode.ClientServerBootstrap:CreateClientWorld (string,Unity.Collections.NativeList`1<Unity.Entities.SystemTypeIndex>) (at ./Library/PackageCache/com.unity.netcode@2fb2edf0390f/Runtime/ClientServerWorld/ClientServerBootstrap.cs:287)
Unity.NetCode.ClientServerBootstrap:CreateClientWorld (string) (at ./Library/PackageCache/com.unity.netcode@2fb2edf0390f/Runtime/ClientServerWorld/ClientServerBootstrap.cs:274)
Dumativa.Rasek.Backend.NetcodeBootstrap:CreateClientServerWorldsOnDemand () (at Assets/Scripts/_DOTS/Connection/NetcodeBootstrap.cs:100)
GameLifecycleManager/<CreateMatchWorldsAsync>d__15:MoveNext () (at Assets/Scripts/_DOTS/Connection/GameLifecycleManager.cs:76)
System.Runtime.CompilerServices.AsyncTaskMethodBuilder:Start<GameLifecycleManager/<CreateMatchWorldsAsync>d__15> (GameLifecycleManager/<CreateMatchWorldsAsync>d__15&)
GameLifecycleManager:CreateMatchWorldsAsync ()
MainMenuBehaviour/<OnClickPlayButton>d__104:MoveNext () (at Assets/Scripts/_DOTS/MainMenu/MainMenuBehaviour.cs:533)
System.Runtime.CompilerServices.AsyncVoidMethodBuilder:Start<MainMenuBehaviour/<OnClickPlayButton>d__104> (MainMenuBehaviour/<OnClickPlayButton>d__104&)
MainMenuBehaviour:OnClickPlayButton ()
Dumativa.System.Hud.CharacterSelectionView:HandlePlayClicked () (at Assets/Scripts/_DOTS/MainMenu/CharacterSelectionView.cs:149)
UnityEngine.EventSystems.EventSystem:Update () (at ./Library/PackageCache/com.unity.ugui@58f0e62c6dfa/Runtime/UGUI/EventSystem/EventSystem.cs:530)

[QuestDataSO] Validation <color=red>error</color> for CQT_M_003 | Errors below
- <b>Rewarded skill</b> must not be null at index 0.

UnityEngine.Debug:LogError (object,UnityEngine.Object)
Dumativa.Rasek.Quests.QuestDataSO:Validate () (at Assets/Scripts/_DOTS/Quests/QuestDataSO.cs:124)
Dumativa.Rasek.Quests.QuestLibraryInitializationSystem/<>c:<OnCreate>b__3_0 (Dumativa.Rasek.Quests.QuestDataSO) (at Assets/Scripts/_DOTS/Quests/QuestLibraryInitializationSystem.cs:145)
System.Linq.Enumerable:ToArray<Dumativa.Rasek.Quests.QuestDataSO> (System.Collections.Generic.IEnumerable`1<Dumativa.Rasek.Quests.QuestDataSO>)
Dumativa.Rasek.Quests.QuestLibraryInitializationSystem:OnCreate (Unity.Entities.SystemState&) (at Assets/Scripts/_DOTS/Quests/QuestLibraryInitializationSystem.cs:145)
Dumativa.Rasek.Quests.QuestLibraryInitializationSystem:__codegen__OnCreate (intptr,intptr)
Unity.Entities.SystemBaseRegistry:ForwardToManaged (intptr,Unity.Entities.SystemState*,void*) (at ./Library/PackageCache/com.unity.entities@6a355619334f/Unity.Entities/SystemBaseRegistry.cs:364)
Unity.Entities.SystemBaseRegistry:CallForwardingFunction (Unity.Entities.SystemState*,Unity.Entities.UnmanagedSystemFunctionType) (at ./Library/PackageCache/com.unity.entities@6a355619334f/Unity.Entities/SystemBaseRegistry.cs:333)
Unity.Entities.SystemBaseRegistry:CallOnCreate (Unity.Entities.SystemState*) (at ./Library/PackageCache/com.unity.entities@6a355619334f/Unity.Entities/SystemBaseRegistry.cs:370)
Unity.Entities.WorldUnmanagedImpl:CallSystemOnCreateWithCleanup (Unity.Entities.SystemState*) (at ./Library/PackageCache/com.unity.entities@6a355619334f/Unity.Entities/WorldUnmanaged.cs:614)
Unity.Entities.World:GetOrCreateSystemsAndLogException (Unity.Collections.NativeList`1<Unity.Entities.SystemTypeIndex>,int,Unity.Collections.AllocatorManager/AllocatorHandle) (at ./Library/PackageCache/com.unity.entities@6a355619334f/Unity.Entities/World.cs:1282)
Unity.Entities.World:GetOrCreateSystemsAndLogException (Unity.Collections.NativeList`1<Unity.Entities.SystemTypeIndex>,Unity.Collections.AllocatorManager/AllocatorHandle) (at ./Library/PackageCache/com.unity.entities@6a355619334f/Unity.Entities/World.cs:1321)
Unity.Entities.DefaultWorldInitialization:AddSystemToRootLevelSystemGroupsInternal<Unity.Entities.DefaultWorldInitialization/DefaultRootGroups> (Unity.Entities.World,Unity.Collections.NativeList`1<Unity.Entities.SystemTypeIndex>,Unity.Entities.ComponentSystemGroup,Unity.Entities.DefaultWorldInitialization/DefaultRootGroups) (at ./Library/PackageCache/com.unity.entities@6a355619334f/Unity.Entities/DefaultWorldInitialization.cs:252)
Unity.Entities.DefaultWorldInitialization:AddSystemToRootLevelSystemGroupsInternal (Unity.Entities.World,Unity.Collections.NativeList`1<Unity.Entities.SystemTypeIndex>) (at ./Library/PackageCache/com.unity.entities@6a355619334f/Unity.Entities/DefaultWorldInitialization.cs:291)
Unity.Entities.DefaultWorldInitialization:AddSystemsToRootLevelSystemGroups (Unity.Entities.World,Unity.Collections.NativeList`1<Unity.Entities.SystemTypeIndex>) (at ./Library/PackageCache/com.unity.entities@6a355619334f/Unity.Entities/DefaultWorldInitialization.cs:215)
Unity.NetCode.ClientServerBootstrap:CreateClientWorld (string,Unity.Collections.NativeList`1<Unity.Entities.SystemTypeIndex>) (at ./Library/PackageCache/com.unity.netcode@2fb2edf0390f/Runtime/ClientServerWorld/ClientServerBootstrap.cs:287)
Unity.NetCode.ClientServerBootstrap:CreateClientWorld (string) (at ./Library/PackageCache/com.unity.netcode@2fb2edf0390f/Runtime/ClientServerWorld/ClientServerBootstrap.cs:274)
Dumativa.Rasek.Backend.NetcodeBootstrap:CreateClientServerWorldsOnDemand () (at Assets/Scripts/_DOTS/Connection/NetcodeBootstrap.cs:100)
GameLifecycleManager/<CreateMatchWorldsAsync>d__15:MoveNext () (at Assets/Scripts/_DOTS/Connection/GameLifecycleManager.cs:76)
System.Runtime.CompilerServices.AsyncTaskMethodBuilder:Start<GameLifecycleManager/<CreateMatchWorldsAsync>d__15> (GameLifecycleManager/<CreateMatchWorldsAsync>d__15&)
GameLifecycleManager:CreateMatchWorldsAsync ()
MainMenuBehaviour/<OnClickPlayButton>d__104:MoveNext () (at Assets/Scripts/_DOTS/MainMenu/MainMenuBehaviour.cs:533)
System.Runtime.CompilerServices.AsyncVoidMethodBuilder:Start<MainMenuBehaviour/<OnClickPlayButton>d__104> (MainMenuBehaviour/<OnClickPlayButton>d__104&)
MainMenuBehaviour:OnClickPlayButton ()
Dumativa.System.Hud.CharacterSelectionView:HandlePlayClicked () (at Assets/Scripts/_DOTS/MainMenu/CharacterSelectionView.cs:149)
UnityEngine.EventSystems.EventSystem:Update () (at ./Library/PackageCache/com.unity.ugui@58f0e62c6dfa/Runtime/UGUI/EventSystem/EventSystem.cs:530)

[QuestDataSO] Validation <color=red>error</color> for CQT_W_001 | Errors below
- <b>Rewarded skill</b> must not be null at index 0.

UnityEngine.Debug:LogError (object,UnityEngine.Object)
Dumativa.Rasek.Quests.QuestDataSO:Validate () (at Assets/Scripts/_DOTS/Quests/QuestDataSO.cs:124)
Dumativa.Rasek.Quests.QuestLibraryInitializationSystem/<>c:<OnCreate>b__3_0 (Dumativa.Rasek.Quests.QuestDataSO) (at Assets/Scripts/_DOTS/Quests/QuestLibraryInitializationSystem.cs:145)
System.Linq.Enumerable:ToArray<Dumativa.Rasek.Quests.QuestDataSO> (System.Collections.Generic.IEnumerable`1<Dumativa.Rasek.Quests.QuestDataSO>)
Dumativa.Rasek.Quests.QuestLibraryInitializationSystem:OnCreate (Unity.Entities.SystemState&) (at Assets/Scripts/_DOTS/Quests/QuestLibraryInitializationSystem.cs:145)
Dumativa.Rasek.Quests.QuestLibraryInitializationSystem:__codegen__OnCreate (intptr,intptr)
Unity.Entities.SystemBaseRegistry:ForwardToManaged (intptr,Unity.Entities.SystemState*,void*) (at ./Library/PackageCache/com.unity.entities@6a355619334f/Unity.Entities/SystemBaseRegistry.cs:364)
Unity.Entities.SystemBaseRegistry:CallForwardingFunction (Unity.Entities.SystemState*,Unity.Entities.UnmanagedSystemFunctionType) (at ./Library/PackageCache/com.unity.entities@6a355619334f/Unity.Entities/SystemBaseRegistry.cs:333)
Unity.Entities.SystemBaseRegistry:CallOnCreate (Unity.Entities.SystemState*) (at ./Library/PackageCache/com.unity.entities@6a355619334f/Unity.Entities/SystemBaseRegistry.cs:370)
Unity.Entities.WorldUnmanagedImpl:CallSystemOnCreateWithCleanup (Unity.Entities.SystemState*) (at ./Library/PackageCache/com.unity.entities@6a355619334f/Unity.Entities/WorldUnmanaged.cs:614)
Unity.Entities.World:GetOrCreateSystemsAndLogException (Unity.Collections.NativeList`1<Unity.Entities.SystemTypeIndex>,int,Unity.Collections.AllocatorManager/AllocatorHandle) (at ./Library/PackageCache/com.unity.entities@6a355619334f/Unity.Entities/World.cs:1282)
Unity.Entities.World:GetOrCreateSystemsAndLogException (Unity.Collections.NativeList`1<Unity.Entities.SystemTypeIndex>,Unity.Collections.AllocatorManager/AllocatorHandle) (at ./Library/PackageCache/com.unity.entities@6a355619334f/Unity.Entities/World.cs:1321)
Unity.Entities.DefaultWorldInitialization:AddSystemToRootLevelSystemGroupsInternal<Unity.Entities.DefaultWorldInitialization/DefaultRootGroups> (Unity.Entities.World,Unity.Collections.NativeList`1<Unity.Entities.SystemTypeIndex>,Unity.Entities.ComponentSystemGroup,Unity.Entities.DefaultWorldInitialization/DefaultRootGroups) (at ./Library/PackageCache/com.unity.entities@6a355619334f/Unity.Entities/DefaultWorldInitialization.cs:252)
Unity.Entities.DefaultWorldInitialization:AddSystemToRootLevelSystemGroupsInternal (Unity.Entities.World,Unity.Collections.NativeList`1<Unity.Entities.SystemTypeIndex>) (at ./Library/PackageCache/com.unity.entities@6a355619334f/Unity.Entities/DefaultWorldInitialization.cs:291)
Unity.Entities.DefaultWorldInitialization:AddSystemsToRootLevelSystemGroups (Unity.Entities.World,Unity.Collections.NativeList`1<Unity.Entities.SystemTypeIndex>) (at ./Library/PackageCache/com.unity.entities@6a355619334f/Unity.Entities/DefaultWorldInitialization.cs:215)
Unity.NetCode.ClientServerBootstrap:CreateClientWorld (string,Unity.Collections.NativeList`1<Unity.Entities.SystemTypeIndex>) (at ./Library/PackageCache/com.unity.netcode@2fb2edf0390f/Runtime/ClientServerWorld/ClientServerBootstrap.cs:287)
Unity.NetCode.ClientServerBootstrap:CreateClientWorld (string) (at ./Library/PackageCache/com.unity.netcode@2fb2edf0390f/Runtime/ClientServerWorld/ClientServerBootstrap.cs:274)
Dumativa.Rasek.Backend.NetcodeBootstrap:CreateClientServerWorldsOnDemand () (at Assets/Scripts/_DOTS/Connection/NetcodeBootstrap.cs:100)
GameLifecycleManager/<CreateMatchWorldsAsync>d__15:MoveNext () (at Assets/Scripts/_DOTS/Connection/GameLifecycleManager.cs:76)
System.Runtime.CompilerServices.AsyncTaskMethodBuilder:Start<GameLifecycleManager/<CreateMatchWorldsAsync>d__15> (GameLifecycleManager/<CreateMatchWorldsAsync>d__15&)
GameLifecycleManager:CreateMatchWorldsAsync ()
MainMenuBehaviour/<OnClickPlayButton>d__104:MoveNext () (at Assets/Scripts/_DOTS/MainMenu/MainMenuBehaviour.cs:533)
System.Runtime.CompilerServices.AsyncVoidMethodBuilder:Start<MainMenuBehaviour/<OnClickPlayButton>d__104> (MainMenuBehaviour/<OnClickPlayButton>d__104&)
MainMenuBehaviour:OnClickPlayButton ()
Dumativa.System.Hud.CharacterSelectionView:HandlePlayClicked () (at Assets/Scripts/_DOTS/MainMenu/CharacterSelectionView.cs:149)
UnityEngine.EventSystems.EventSystem:Update () (at ./Library/PackageCache/com.unity.ugui@58f0e62c6dfa/Runtime/UGUI/EventSystem/EventSystem.cs:530)

[QuestDataSO] Validation <color=red>error</color> for CQT_W_002 | Errors below
- <b>Rewarded skill</b> must not be null at index 0.

UnityEngine.Debug:LogError (object,UnityEngine.Object)
Dumativa.Rasek.Quests.QuestDataSO:Validate () (at Assets/Scripts/_DOTS/Quests/QuestDataSO.cs:124)
Dumativa.Rasek.Quests.QuestLibraryInitializationSystem/<>c:<OnCreate>b__3_0 (Dumativa.Rasek.Quests.QuestDataSO) (at Assets/Scripts/_DOTS/Quests/QuestLibraryInitializationSystem.cs:145)
System.Linq.Enumerable:ToArray<Dumativa.Rasek.Quests.QuestDataSO> (System.Collections.Generic.IEnumerable`1<Dumativa.Rasek.Quests.QuestDataSO>)
Dumativa.Rasek.Quests.QuestLibraryInitializationSystem:OnCreate (Unity.Entities.SystemState&) (at Assets/Scripts/_DOTS/Quests/QuestLibraryInitializationSystem.cs:145)
Dumativa.Rasek.Quests.QuestLibraryInitializationSystem:__codegen__OnCreate (intptr,intptr)
Unity.Entities.SystemBaseRegistry:ForwardToManaged (intptr,Unity.Entities.SystemState*,void*) (at ./Library/PackageCache/com.unity.entities@6a355619334f/Unity.Entities/SystemBaseRegistry.cs:364)
Unity.Entities.SystemBaseRegistry:CallForwardingFunction (Unity.Entities.SystemState*,Unity.Entities.UnmanagedSystemFunctionType) (at ./Library/PackageCache/com.unity.entities@6a355619334f/Unity.Entities/SystemBaseRegistry.cs:333)
Unity.Entities.SystemBaseRegistry:CallOnCreate (Unity.Entities.SystemState*) (at ./Library/PackageCache/com.unity.entities@6a355619334f/Unity.Entities/SystemBaseRegistry.cs:370)
Unity.Entities.WorldUnmanagedImpl:CallSystemOnCreateWithCleanup (Unity.Entities.SystemState*) (at ./Library/PackageCache/com.unity.entities@6a355619334f/Unity.Entities/WorldUnmanaged.cs:614)
Unity.Entities.World:GetOrCreateSystemsAndLogException (Unity.Collections.NativeList`1<Unity.Entities.SystemTypeIndex>,int,Unity.Collections.AllocatorManager/AllocatorHandle) (at ./Library/PackageCache/com.unity.entities@6a355619334f/Unity.Entities/World.cs:1282)
Unity.Entities.World:GetOrCreateSystemsAndLogException (Unity.Collections.NativeList`1<Unity.Entities.SystemTypeIndex>,Unity.Collections.AllocatorManager/AllocatorHandle) (at ./Library/PackageCache/com.unity.entities@6a355619334f/Unity.Entities/World.cs:1321)
Unity.Entities.DefaultWorldInitialization:AddSystemToRootLevelSystemGroupsInternal<Unity.Entities.DefaultWorldInitialization/DefaultRootGroups> (Unity.Entities.World,Unity.Collections.NativeList`1<Unity.Entities.SystemTypeIndex>,Unity.Entities.ComponentSystemGroup,Unity.Entities.DefaultWorldInitialization/DefaultRootGroups) (at ./Library/PackageCache/com.unity.entities@6a355619334f/Unity.Entities/DefaultWorldInitialization.cs:252)
Unity.Entities.DefaultWorldInitialization:AddSystemToRootLevelSystemGroupsInternal (Unity.Entities.World,Unity.Collections.NativeList`1<Unity.Entities.SystemTypeIndex>) (at ./Library/PackageCache/com.unity.entities@6a355619334f/Unity.Entities/DefaultWorldInitialization.cs:291)
Unity.Entities.DefaultWorldInitialization:AddSystemsToRootLevelSystemGroups (Unity.Entities.World,Unity.Collections.NativeList`1<Unity.Entities.SystemTypeIndex>) (at ./Library/PackageCache/com.unity.entities@6a355619334f/Unity.Entities/DefaultWorldInitialization.cs:215)
Unity.NetCode.ClientServerBootstrap:CreateClientWorld (string,Unity.Collections.NativeList`1<Unity.Entities.SystemTypeIndex>) (at ./Library/PackageCache/com.unity.netcode@2fb2edf0390f/Runtime/ClientServerWorld/ClientServerBootstrap.cs:287)
Unity.NetCode.ClientServerBootstrap:CreateClientWorld (string) (at ./Library/PackageCache/com.unity.netcode@2fb2edf0390f/Runtime/ClientServerWorld/ClientServerBootstrap.cs:274)
Dumativa.Rasek.Backend.NetcodeBootstrap:CreateClientServerWorldsOnDemand () (at Assets/Scripts/_DOTS/Connection/NetcodeBootstrap.cs:100)
GameLifecycleManager/<CreateMatchWorldsAsync>d__15:MoveNext () (at Assets/Scripts/_DOTS/Connection/GameLifecycleManager.cs:76)
System.Runtime.CompilerServices.AsyncTaskMethodBuilder:Start<GameLifecycleManager/<CreateMatchWorldsAsync>d__15> (GameLifecycleManager/<CreateMatchWorldsAsync>d__15&)
GameLifecycleManager:CreateMatchWorldsAsync ()
MainMenuBehaviour/<OnClickPlayButton>d__104:MoveNext () (at Assets/Scripts/_DOTS/MainMenu/MainMenuBehaviour.cs:533)
System.Runtime.CompilerServices.AsyncVoidMethodBuilder:Start<MainMenuBehaviour/<OnClickPlayButton>d__104> (MainMenuBehaviour/<OnClickPlayButton>d__104&)
MainMenuBehaviour:OnClickPlayButton ()
Dumativa.System.Hud.CharacterSelectionView:HandlePlayClicked () (at Assets/Scripts/_DOTS/MainMenu/CharacterSelectionView.cs:149)
UnityEngine.EventSystems.EventSystem:Update () (at ./Library/PackageCache/com.unity.ugui@58f0e62c6dfa/Runtime/UGUI/EventSystem/EventSystem.cs:530)

[QuestDataSO] Validation <color=green>valid</color> for CQT_W_003
UnityEngine.Debug:Log (object)
Dumativa.Rasek.Quests.QuestDataSO:Validate () (at Assets/Scripts/_DOTS/Quests/QuestDataSO.cs:125)
Dumativa.Rasek.Quests.QuestLibraryInitializationSystem/<>c:<OnCreate>b__3_0 (Dumativa.Rasek.Quests.QuestDataSO) (at Assets/Scripts/_DOTS/Quests/QuestLibraryInitializationSystem.cs:145)
System.Linq.Enumerable:ToArray<Dumativa.Rasek.Quests.QuestDataSO> (System.Collections.Generic.IEnumerable`1<Dumativa.Rasek.Quests.QuestDataSO>)
Dumativa.Rasek.Quests.QuestLibraryInitializationSystem:OnCreate (Unity.Entities.SystemState&) (at Assets/Scripts/_DOTS/Quests/QuestLibraryInitializationSystem.cs:145)
Dumativa.Rasek.Quests.QuestLibraryInitializationSystem:__codegen__OnCreate (intptr,intptr)
Unity.Entities.SystemBaseRegistry:ForwardToManaged (intptr,Unity.Entities.SystemState*,void*) (at ./Library/PackageCache/com.unity.entities@6a355619334f/Unity.Entities/SystemBaseRegistry.cs:364)
Unity.Entities.SystemBaseRegistry:CallForwardingFunction (Unity.Entities.SystemState*,Unity.Entities.UnmanagedSystemFunctionType) (at ./Library/PackageCache/com.unity.entities@6a355619334f/Unity.Entities/SystemBaseRegistry.cs:333)
Unity.Entities.SystemBaseRegistry:CallOnCreate (Unity.Entities.SystemState*) (at ./Library/PackageCache/com.unity.entities@6a355619334f/Unity.Entities/SystemBaseRegistry.cs:370)
Unity.Entities.WorldUnmanagedImpl:CallSystemOnCreateWithCleanup (Unity.Entities.SystemState*) (at ./Library/PackageCache/com.unity.entities@6a355619334f/Unity.Entities/WorldUnmanaged.cs:614)
Unity.Entities.World:GetOrCreateSystemsAndLogException (Unity.Collections.NativeList`1<Unity.Entities.SystemTypeIndex>,int,Unity.Collections.AllocatorManager/AllocatorHandle) (at ./Library/PackageCache/com.unity.entities@6a355619334f/Unity.Entities/World.cs:1282)
Unity.Entities.World:GetOrCreateSystemsAndLogException (Unity.Collections.NativeList`1<Unity.Entities.SystemTypeIndex>,Unity.Collections.AllocatorManager/AllocatorHandle) (at ./Library/PackageCache/com.unity.entities@6a355619334f/Unity.Entities/World.cs:1321)
Unity.Entities.DefaultWorldInitialization:AddSystemToRootLevelSystemGroupsInternal<Unity.Entities.DefaultWorldInitialization/DefaultRootGroups> (Unity.Entities.World,Unity.Collections.NativeList`1<Unity.Entities.SystemTypeIndex>,Unity.Entities.ComponentSystemGroup,Unity.Entities.DefaultWorldInitialization/DefaultRootGroups) (at ./Library/PackageCache/com.unity.entities@6a355619334f/Unity.Entities/DefaultWorldInitialization.cs:252)
Unity.Entities.DefaultWorldInitialization:AddSystemToRootLevelSystemGroupsInternal (Unity.Entities.World,Unity.Collections.NativeList`1<Unity.Entities.SystemTypeIndex>) (at ./Library/PackageCache/com.unity.entities@6a355619334f/Unity.Entities/DefaultWorldInitialization.cs:291)
Unity.Entities.DefaultWorldInitialization:AddSystemsToRootLevelSystemGroups (Unity.Entities.World,Unity.Collections.NativeList`1<Unity.Entities.SystemTypeIndex>) (at ./Library/PackageCache/com.unity.entities@6a355619334f/Unity.Entities/DefaultWorldInitialization.cs:215)
Unity.NetCode.ClientServerBootstrap:CreateClientWorld (string,Unity.Collections.NativeList`1<Unity.Entities.SystemTypeIndex>) (at ./Library/PackageCache/com.unity.netcode@2fb2edf0390f/Runtime/ClientServerWorld/ClientServerBootstrap.cs:287)
Unity.NetCode.ClientServerBootstrap:CreateClientWorld (string) (at ./Library/PackageCache/com.unity.netcode@2fb2edf0390f/Runtime/ClientServerWorld/ClientServerBootstrap.cs:274)
Dumativa.Rasek.Backend.NetcodeBootstrap:CreateClientServerWorldsOnDemand () (at Assets/Scripts/_DOTS/Connection/NetcodeBootstrap.cs:100)
GameLifecycleManager/<CreateMatchWorldsAsync>d__15:MoveNext () (at Assets/Scripts/_DOTS/Connection/GameLifecycleManager.cs:76)
System.Runtime.CompilerServices.AsyncTaskMethodBuilder:Start<GameLifecycleManager/<CreateMatchWorldsAsync>d__15> (GameLifecycleManager/<CreateMatchWorldsAsync>d__15&)
GameLifecycleManager:CreateMatchWorldsAsync ()
MainMenuBehaviour/<OnClickPlayButton>d__104:MoveNext () (at Assets/Scripts/_DOTS/MainMenu/MainMenuBehaviour.cs:533)
System.Runtime.CompilerServices.AsyncVoidMethodBuilder:Start<MainMenuBehaviour/<OnClickPlayButton>d__104> (MainMenuBehaviour/<OnClickPlayButton>d__104&)
MainMenuBehaviour:OnClickPlayButton ()
Dumativa.System.Hud.CharacterSelectionView:HandlePlayClicked () (at Assets/Scripts/_DOTS/MainMenu/CharacterSelectionView.cs:149)
UnityEngine.EventSystems.EventSystem:Update () (at ./Library/PackageCache/com.unity.ugui@58f0e62c6dfa/Runtime/UGUI/EventSystem/EventSystem.cs:530)

[WorldsReferenceHolder] SetClientWorld -> ClientWorld
UnityEngine.Debug:Log (object)
WorldsReferenceHolder:SetClientWorld (Unity.Entities.World) (at Assets/Scripts/_DOTS/Netcode Utils/WorldsReferenceHolder.cs:59)
GameLifecycleManager/<CreateMatchWorldsAsync>d__15:MoveNext () (at Assets/Scripts/_DOTS/Connection/GameLifecycleManager.cs:92)
System.Runtime.CompilerServices.AsyncTaskMethodBuilder:Start<GameLifecycleManager/<CreateMatchWorldsAsync>d__15> (GameLifecycleManager/<CreateMatchWorldsAsync>d__15&)
GameLifecycleManager:CreateMatchWorldsAsync ()
MainMenuBehaviour/<OnClickPlayButton>d__104:MoveNext () (at Assets/Scripts/_DOTS/MainMenu/MainMenuBehaviour.cs:533)
System.Runtime.CompilerServices.AsyncVoidMethodBuilder:Start<MainMenuBehaviour/<OnClickPlayButton>d__104> (MainMenuBehaviour/<OnClickPlayButton>d__104&)
MainMenuBehaviour:OnClickPlayButton ()
Dumativa.System.Hud.CharacterSelectionView:HandlePlayClicked () (at Assets/Scripts/_DOTS/MainMenu/CharacterSelectionView.cs:149)
UnityEngine.EventSystems.EventSystem:Update () (at ./Library/PackageCache/com.unity.ugui@58f0e62c6dfa/Runtime/UGUI/EventSystem/EventSystem.cs:530)

[WorldsReferenceHolder] SetServerWorld -> ServerWorld
UnityEngine.Debug:Log (object)
WorldsReferenceHolder:SetServerWorld (Unity.Entities.World) (at Assets/Scripts/_DOTS/Netcode Utils/WorldsReferenceHolder.cs:66)
GameLifecycleManager/<CreateMatchWorldsAsync>d__15:MoveNext () (at Assets/Scripts/_DOTS/Connection/GameLifecycleManager.cs:93)
System.Runtime.CompilerServices.AsyncTaskMethodBuilder:Start<GameLifecycleManager/<CreateMatchWorldsAsync>d__15> (GameLifecycleManager/<CreateMatchWorldsAsync>d__15&)
GameLifecycleManager:CreateMatchWorldsAsync ()
MainMenuBehaviour/<OnClickPlayButton>d__104:MoveNext () (at Assets/Scripts/_DOTS/MainMenu/MainMenuBehaviour.cs:533)
System.Runtime.CompilerServices.AsyncVoidMethodBuilder:Start<MainMenuBehaviour/<OnClickPlayButton>d__104> (MainMenuBehaviour/<OnClickPlayButton>d__104&)
MainMenuBehaviour:OnClickPlayButton ()
Dumativa.System.Hud.CharacterSelectionView:HandlePlayClicked () (at Assets/Scripts/_DOTS/MainMenu/CharacterSelectionView.cs:149)
UnityEngine.EventSystems.EventSystem:Update () (at ./Library/PackageCache/com.unity.ugui@58f0e62c6dfa/Runtime/UGUI/EventSystem/EventSystem.cs:530)

[Lifecycle] CreateMatchWorldsAsync complete.
UnityEngine.Debug:Log (object)
GameLifecycleManager/<CreateMatchWorldsAsync>d__15:MoveNext () (at Assets/Scripts/_DOTS/Connection/GameLifecycleManager.cs:128)
System.Runtime.CompilerServices.AsyncTaskMethodBuilder:Start<GameLifecycleManager/<CreateMatchWorldsAsync>d__15> (GameLifecycleManager/<CreateMatchWorldsAsync>d__15&)
GameLifecycleManager:CreateMatchWorldsAsync ()
MainMenuBehaviour/<OnClickPlayButton>d__104:MoveNext () (at Assets/Scripts/_DOTS/MainMenu/MainMenuBehaviour.cs:533)
System.Runtime.CompilerServices.AsyncVoidMethodBuilder:Start<MainMenuBehaviour/<OnClickPlayButton>d__104> (MainMenuBehaviour/<OnClickPlayButton>d__104&)
MainMenuBehaviour:OnClickPlayButton ()
Dumativa.System.Hud.CharacterSelectionView:HandlePlayClicked () (at Assets/Scripts/_DOTS/MainMenu/CharacterSelectionView.cs:149)
UnityEngine.EventSystems.EventSystem:Update () (at ./Library/PackageCache/com.unity.ugui@58f0e62c6dfa/Runtime/UGUI/EventSystem/EventSystem.cs:530)

[BattleListManagerSystem] OnCreate | Battle list initialized: [Create default: [Lenght: 1], Battle list entry default: 0, Sort: 0, Type: 1].
UnityEngine.Debug:Log (object)
Unity.Logging.Sinks.ManagedUnityEngineDebugLogWrapper:WriteFunc (Unity.Logging.LogLevel,byte*,int) (at ./Library/PackageCache/com.unity.logging@85e874eaccae/Runtime/TestSinks/UnityDebugLogSink.cs:147)


Agora vou mostrar o que acontece nos logs na primeira vez que entro no jogo, clicando no botão Arena que chama a seleção de personagens, daí pra frente até entrar e andar um pouco no mapa:
Primeiro detalhe importante, já na tela de SignedIn eu tenho este log acontecendo toda hora:


[DefaultDriverConstructor.RegisterClientUdpDriver] Creating the client default UDP socket network interface driver.
UnityEngine.Debug:Log (object)
Unity.Logging.Sinks.ManagedUnityEngineDebugLogWrapper:WriteFunc (Unity.Logging.LogLevel,byte*,int) (at ./Library/PackageCache/com.unity.logging@85e874eaccae/Runtime/TestSinks/UnityDebugLogSink.cs:147)

Server tick batching has occured. 4 ticks have been batched into 1.
UnityEngine.Debug:Log (object)
Unity.Logging.Sinks.ManagedUnityEngineDebugLogWrapper:WriteFunc (Unity.Logging.LogLevel,byte*,int) (at ./Library/PackageCache/com.unity.logging@85e874eaccae/Runtime/TestSinks/UnityDebugLogSink.cs:147)

[ClientWorld] NetworkProtocolVersion finalized with: NPV[NetCodeVersion:2, GameVersion:0, RpcCollection:10106481564060997224, ComponentCollection:6911038318169943688], DefaultVariants:1, Serializers:50, SS:57, InputBuffers:2, RPCs:105, DynamicAssemblyList:False!
UnityEngine.Debug:Log (object)
Unity.Logging.Sinks.ManagedUnityEngineDebugLogWrapper:WriteFunc (Unity.Logging.LogLevel,byte*,int) (at ./Library/PackageCache/com.unity.logging@85e874eaccae/Runtime/TestSinks/UnityDebugLogSink.cs:147)

Server tick batching has occured. 3 ticks have been batched into 1.
UnityEngine.Debug:Log (object)
Unity.Logging.Sinks.ManagedUnityEngineDebugLogWrapper:WriteFunc (Unity.Logging.LogLevel,byte*,int) (at ./Library/PackageCache/com.unity.logging@85e874eaccae/Runtime/TestSinks/UnityDebugLogSink.cs:147)

Vou mostrar agora os logs de quando abro o client, antes de fazer login:
[Adaptive Performance] No Active Loader was found. Make sure to select your loader in the Adaptive Performance Settings for this platform.
UnityEngine.AdaptivePerformance.AdaptivePerformanceInitializer:AutoInitialize () (at ./Library/PackageCache/com.unity.adaptiveperformance@5e96ea40f562/Runtime/Core/AdaptivePerformanceInit.cs:90)

Multiple custom ICustomBootstrap specified, ignoring MenuCustomBootstrap
UnityEngine.Debug:LogError (object)
Unity.Debug:LogError (object) (at ./Library/PackageCache/com.unity.entities@6a355619334f/Unity.Entities/Stubs/Unity/Debug.cs:11)
Unity.Entities.DefaultWorldInitialization:CreateBootStrap () (at ./Library/PackageCache/com.unity.entities@6a355619334f/Unity.Entities/DefaultWorldInitialization.cs:410)
Unity.Entities.DefaultWorldInitialization:Initialize (string,bool) (at ./Library/PackageCache/com.unity.entities@6a355619334f/Unity.Entities/DefaultWorldInitialization.cs:133)
Unity.Entities.AutomaticWorldBootstrap:Initialize () (at ./Library/PackageCache/com.unity.entities@6a355619334f/Unity.Entities.Hybrid/Injection/AutomaticWorldBootstrap.cs:16)

[NetcodeBootstrap] Before Driver
UnityEngine.Debug:Log (object)
Dumativa.Rasek.Logger:Log (string) (at Assets/Scripts/_DOTS/Connection/Logger.cs:13)
Dumativa.Rasek.Backend.NetcodeBootstrap:Initialize (string) (at Assets/Scripts/_DOTS/Connection/NetcodeBootstrap.cs:43)
Unity.Entities.DefaultWorldInitialization:Initialize (string,bool) (at ./Library/PackageCache/com.unity.entities@6a355619334f/Unity.Entities/DefaultWorldInitialization.cs:134)
Unity.Entities.AutomaticWorldBootstrap:Initialize () (at ./Library/PackageCache/com.unity.entities@6a355619334f/Unity.Entities.Hybrid/Injection/AutomaticWorldBootstrap.cs:16)

[NetcodeBootstrap] After Driver
UnityEngine.Debug:Log (object)
Dumativa.Rasek.Logger:Log (string) (at Assets/Scripts/_DOTS/Connection/Logger.cs:13)
Dumativa.Rasek.Backend.NetcodeBootstrap:Initialize (string) (at Assets/Scripts/_DOTS/Connection/NetcodeBootstrap.cs:46)
Unity.Entities.DefaultWorldInitialization:Initialize (string,bool) (at ./Library/PackageCache/com.unity.entities@6a355619334f/Unity.Entities/DefaultWorldInitialization.cs:134)
Unity.Entities.AutomaticWorldBootstrap:Initialize () (at ./Library/PackageCache/com.unity.entities@6a355619334f/Unity.Entities.Hybrid/Injection/AutomaticWorldBootstrap.cs:16)

[NetcodeBoostrap] Test Server Local
UnityEngine.Debug:Log (object)
Dumativa.Rasek.Logger:Log (string) (at Assets/Scripts/_DOTS/Connection/Logger.cs:13)
Dumativa.Rasek.Backend.NetcodeBootstrap/<TestServerLocal>d__9:MoveNext () (at Assets/Scripts/_DOTS/Connection/NetcodeBootstrap.cs:107)
System.Runtime.CompilerServices.AsyncVoidMethodBuilder:Start<Dumativa.Rasek.Backend.NetcodeBootstrap/<TestServerLocal>d__9> (Dumativa.Rasek.Backend.NetcodeBootstrap/<TestServerLocal>d__9&)
Dumativa.Rasek.Backend.NetcodeBootstrap:TestServerLocal ()
Dumativa.Rasek.Backend.NetcodeBootstrap:Initialize (string) (at Assets/Scripts/_DOTS/Connection/NetcodeBootstrap.cs:78)
Unity.Entities.DefaultWorldInitialization:Initialize (string,bool) (at ./Library/PackageCache/com.unity.entities@6a355619334f/Unity.Entities/DefaultWorldInitialization.cs:134)
Unity.Entities.AutomaticWorldBootstrap:Initialize () (at ./Library/PackageCache/com.unity.entities@6a355619334f/Unity.Entities.Hybrid/Injection/AutomaticWorldBootstrap.cs:16)

[UGS] Starting Unity Services ...
UnityEngine.Debug:Log (object)
Dumativa.Rasek.Logger:Log (string) (at Assets/Scripts/_DOTS/Connection/Logger.cs:13)
Dumativa.Rasek.Backend.NetcodeBootstrap/<TryInitializeUnityServices>d__13:MoveNext () (at Assets/Scripts/_DOTS/Connection/NetcodeBootstrap.cs:152)
System.Runtime.CompilerServices.AsyncTaskMethodBuilder`1<bool>:Start<Dumativa.Rasek.Backend.NetcodeBootstrap/<TryInitializeUnityServices>d__13> (Dumativa.Rasek.Backend.NetcodeBootstrap/<TryInitializeUnityServices>d__13&)
Dumativa.Rasek.Backend.NetcodeBootstrap:TryInitializeUnityServices (string)
Dumativa.Rasek.Backend.NetcodeBootstrap/<TestServerLocal>d__9:MoveNext () (at Assets/Scripts/_DOTS/Connection/NetcodeBootstrap.cs:108)
System.Runtime.CompilerServices.AsyncVoidMethodBuilder:Start<Dumativa.Rasek.Backend.NetcodeBootstrap/<TestServerLocal>d__9> (Dumativa.Rasek.Backend.NetcodeBootstrap/<TestServerLocal>d__9&)
Dumativa.Rasek.Backend.NetcodeBootstrap:TestServerLocal ()
Dumativa.Rasek.Backend.NetcodeBootstrap:Initialize (string) (at Assets/Scripts/_DOTS/Connection/NetcodeBootstrap.cs:78)
Unity.Entities.DefaultWorldInitialization:Initialize (string,bool) (at ./Library/PackageCache/com.unity.entities@6a355619334f/Unity.Entities/DefaultWorldInitialization.cs:134)
Unity.Entities.AutomaticWorldBootstrap:Initialize () (at ./Library/PackageCache/com.unity.entities@6a355619334f/Unity.Entities.Hybrid/Injection/AutomaticWorldBootstrap.cs:16)

[DataAssetBridge] All Networkable Scriptable Objects have a valid Guid.
UnityEngine.Debug:Log (object)
Dumativa.Rasek.DataAssetBridge:CheckUnsetID () (at Assets/Scripts/_DOTS/AssetBridge/DataAssetBridge.cs:48)
Dumativa.Rasek.DataAssetBridge:ValidateIDs () (at Assets/Scripts/_DOTS/AssetBridge/DataAssetBridge.cs:89)
Dumativa.Rasek.DataAssetBridge:OnInitialize () (at Assets/Scripts/_DOTS/AssetBridge/DataAssetBridge.cs:24)
SingletonScriptableObject`1<Dumativa.Rasek.DataAssetBridge>:get_Instance () (at Assets/Scripts/_DOTS/AssetBridge/SingletonScriptableObject.cs:24)
Dumativa.System.Combat.SkinLibraryInitializationSystem:ToBlobAssetReference () (at Assets/Scripts/_DOTS/Presentation/Data/SkinLibraryInitializationSystem.cs:48)
Dumativa.System.Combat.SkinLibraryInitializationSystem:OnCreate (Unity.Entities.SystemState&) (at Assets/Scripts/_DOTS/Presentation/Data/SkinLibraryInitializationSystem.cs:22)
Dumativa.System.Combat.SkinLibraryInitializationSystem:__codegen__OnCreate (intptr,intptr)
Unity.Entities.SystemBaseRegistry:ForwardToManaged (intptr,Unity.Entities.SystemState*,void*) (at ./Library/PackageCache/com.unity.entities@6a355619334f/Unity.Entities/SystemBaseRegistry.cs:364)
Unity.Entities.SystemBaseRegistry:CallForwardingFunction (Unity.Entities.SystemState*,Unity.Entities.UnmanagedSystemFunctionType) (at ./Library/PackageCache/com.unity.entities@6a355619334f/Unity.Entities/SystemBaseRegistry.cs:333)
Unity.Entities.SystemBaseRegistry:CallOnCreate (Unity.Entities.SystemState*) (at ./Library/PackageCache/com.unity.entities@6a355619334f/Unity.Entities/SystemBaseRegistry.cs:370)
Unity.Entities.WorldUnmanagedImpl:CallSystemOnCreateWithCleanup (Unity.Entities.SystemState*) (at ./Library/PackageCache/com.unity.entities@6a355619334f/Unity.Entities/WorldUnmanaged.cs:614)
Unity.Entities.World:GetOrCreateSystemsAndLogException (Unity.Collections.NativeList`1<Unity.Entities.SystemTypeIndex>,int,Unity.Collections.AllocatorManager/AllocatorHandle) (at ./Library/PackageCache/com.unity.entities@6a355619334f/Unity.Entities/World.cs:1282)
Unity.Entities.World:GetOrCreateSystemsAndLogException (Unity.Collections.NativeList`1<Unity.Entities.SystemTypeIndex>,Unity.Collections.AllocatorManager/AllocatorHandle) (at ./Library/PackageCache/com.unity.entities@6a355619334f/Unity.Entities/World.cs:1321)
Unity.Entities.DefaultWorldInitialization:AddSystemToRootLevelSystemGroupsInternal<Unity.Entities.DefaultWorldInitialization/DefaultRootGroups> (Unity.Entities.World,Unity.Collections.NativeList`1<Unity.Entities.SystemTypeIndex>,Unity.Entities.ComponentSystemGroup,Unity.Entities.DefaultWorldInitialization/DefaultRootGroups) (at ./Library/PackageCache/com.unity.entities@6a355619334f/Unity.Entities/DefaultWorldInitialization.cs:252)
Unity.Entities.DefaultWorldInitialization:AddSystemToRootLevelSystemGroupsInternal (Unity.Entities.World,Unity.Collections.NativeList`1<Unity.Entities.SystemTypeIndex>) (at ./Library/PackageCache/com.unity.entities@6a355619334f/Unity.Entities/DefaultWorldInitialization.cs:291)
Unity.Entities.DefaultWorldInitialization:AddSystemsToRootLevelSystemGroups (Unity.Entities.World,Unity.Collections.NativeList`1<Unity.Entities.SystemTypeIndex>) (at ./Library/PackageCache/com.unity.entities@6a355619334f/Unity.Entities/DefaultWorldInitialization.cs:215)
Unity.NetCode.ClientServerBootstrap:CreateServerWorld (string,Unity.Collections.NativeList`1<Unity.Entities.SystemTypeIndex>) (at ./Library/PackageCache/com.unity.netcode@2fb2edf0390f/Runtime/ClientServerWorld/ClientServerBootstrap.cs:390)
Unity.NetCode.ClientServerBootstrap:CreateServerWorld (string) (at ./Library/PackageCache/com.unity.netcode@2fb2edf0390f/Runtime/ClientServerWorld/ClientServerBootstrap.cs:377)
Unity.NetCode.ClientServerBootstrap:CreateDefaultClientServerWorlds () (at ./Library/PackageCache/com.unity.netcode@2fb2edf0390f/Runtime/ClientServerWorld/ClientServerBootstrap.cs:223)
Dumativa.Rasek.Backend.NetcodeBootstrap:Initialize (string) (at Assets/Scripts/_DOTS/Connection/NetcodeBootstrap.cs:82)
Unity.Entities.DefaultWorldInitialization:Initialize (string,bool) (at ./Library/PackageCache/com.unity.entities@6a355619334f/Unity.Entities/DefaultWorldInitialization.cs:134)
Unity.Entities.AutomaticWorldBootstrap:Initialize () (at ./Library/PackageCache/com.unity.entities@6a355619334f/Unity.Entities.Hybrid/Injection/AutomaticWorldBootstrap.cs:16)

[DataAssetBridge] All Networkable Scriptable Objects have a valid Guid.
UnityEngine.Debug:Log (object)
Dumativa.Rasek.DataAssetBridge:CheckCollisions () (at Assets/Scripts/_DOTS/AssetBridge/DataAssetBridge.cs:81)
Dumativa.Rasek.DataAssetBridge:ValidateIDs () (at Assets/Scripts/_DOTS/AssetBridge/DataAssetBridge.cs:89)
Dumativa.Rasek.DataAssetBridge:OnInitialize () (at Assets/Scripts/_DOTS/AssetBridge/DataAssetBridge.cs:24)
SingletonScriptableObject`1<Dumativa.Rasek.DataAssetBridge>:get_Instance () (at Assets/Scripts/_DOTS/AssetBridge/SingletonScriptableObject.cs:24)
Dumativa.System.Combat.SkinLibraryInitializationSystem:ToBlobAssetReference () (at Assets/Scripts/_DOTS/Presentation/Data/SkinLibraryInitializationSystem.cs:48)
Dumativa.System.Combat.SkinLibraryInitializationSystem:OnCreate (Unity.Entities.SystemState&) (at Assets/Scripts/_DOTS/Presentation/Data/SkinLibraryInitializationSystem.cs:22)
Dumativa.System.Combat.SkinLibraryInitializationSystem:__codegen__OnCreate (intptr,intptr)
Unity.Entities.SystemBaseRegistry:ForwardToManaged (intptr,Unity.Entities.SystemState*,void*) (at ./Library/PackageCache/com.unity.entities@6a355619334f/Unity.Entities/SystemBaseRegistry.cs:364)
Unity.Entities.SystemBaseRegistry:CallForwardingFunction (Unity.Entities.SystemState*,Unity.Entities.UnmanagedSystemFunctionType) (at ./Library/PackageCache/com.unity.entities@6a355619334f/Unity.Entities/SystemBaseRegistry.cs:333)
Unity.Entities.SystemBaseRegistry:CallOnCreate (Unity.Entities.SystemState*) (at ./Library/PackageCache/com.unity.entities@6a355619334f/Unity.Entities/SystemBaseRegistry.cs:370)
Unity.Entities.WorldUnmanagedImpl:CallSystemOnCreateWithCleanup (Unity.Entities.SystemState*) (at ./Library/PackageCache/com.unity.entities@6a355619334f/Unity.Entities/WorldUnmanaged.cs:614)
Unity.Entities.World:GetOrCreateSystemsAndLogException (Unity.Collections.NativeList`1<Unity.Entities.SystemTypeIndex>,int,Unity.Collections.AllocatorManager/AllocatorHandle) (at ./Library/PackageCache/com.unity.entities@6a355619334f/Unity.Entities/World.cs:1282)
Unity.Entities.World:GetOrCreateSystemsAndLogException (Unity.Collections.NativeList`1<Unity.Entities.SystemTypeIndex>,Unity.Collections.AllocatorManager/AllocatorHandle) (at ./Library/PackageCache/com.unity.entities@6a355619334f/Unity.Entities/World.cs:1321)
Unity.Entities.DefaultWorldInitialization:AddSystemToRootLevelSystemGroupsInternal<Unity.Entities.DefaultWorldInitialization/DefaultRootGroups> (Unity.Entities.World,Unity.Collections.NativeList`1<Unity.Entities.SystemTypeIndex>,Unity.Entities.ComponentSystemGroup,Unity.Entities.DefaultWorldInitialization/DefaultRootGroups) (at ./Library/PackageCache/com.unity.entities@6a355619334f/Unity.Entities/DefaultWorldInitialization.cs:252)
Unity.Entities.DefaultWorldInitialization:AddSystemToRootLevelSystemGroupsInternal (Unity.Entities.World,Unity.Collections.NativeList`1<Unity.Entities.SystemTypeIndex>) (at ./Library/PackageCache/com.unity.entities@6a355619334f/Unity.Entities/DefaultWorldInitialization.cs:291)
Unity.Entities.DefaultWorldInitialization:AddSystemsToRootLevelSystemGroups (Unity.Entities.World,Unity.Collections.NativeList`1<Unity.Entities.SystemTypeIndex>) (at ./Library/PackageCache/com.unity.entities@6a355619334f/Unity.Entities/DefaultWorldInitialization.cs:215)
Unity.NetCode.ClientServerBootstrap:CreateServerWorld (string,Unity.Collections.NativeList`1<Unity.Entities.SystemTypeIndex>) (at ./Library/PackageCache/com.unity.netcode@2fb2edf0390f/Runtime/ClientServerWorld/ClientServerBootstrap.cs:390)
Unity.NetCode.ClientServerBootstrap:CreateServerWorld (string) (at ./Library/PackageCache/com.unity.netcode@2fb2edf0390f/Runtime/ClientServerWorld/ClientServerBootstrap.cs:377)
Unity.NetCode.ClientServerBootstrap:CreateDefaultClientServerWorlds () (at ./Library/PackageCache/com.unity.netcode@2fb2edf0390f/Runtime/ClientServerWorld/ClientServerBootstrap.cs:223)
Dumativa.Rasek.Backend.NetcodeBootstrap:Initialize (string) (at Assets/Scripts/_DOTS/Connection/NetcodeBootstrap.cs:82)
Unity.Entities.DefaultWorldInitialization:Initialize (string,bool) (at ./Library/PackageCache/com.unity.entities@6a355619334f/Unity.Entities/DefaultWorldInitialization.cs:134)
Unity.Entities.AutomaticWorldBootstrap:Initialize () (at ./Library/PackageCache/com.unity.entities@6a355619334f/Unity.Entities.Hybrid/Injection/AutomaticWorldBootstrap.cs:16)

[QuestDataSO] Validation <color=green>valid</color> for Debug_001
UnityEngine.Debug:Log (object)
Dumativa.Rasek.Quests.QuestDataSO:Validate () (at Assets/Scripts/_DOTS/Quests/QuestDataSO.cs:125)
Dumativa.Rasek.Quests.QuestLibraryInitializationSystem/<>c:<OnCreate>b__3_0 (Dumativa.Rasek.Quests.QuestDataSO) (at Assets/Scripts/_DOTS/Quests/QuestLibraryInitializationSystem.cs:145)
System.Linq.Enumerable:ToArray<Dumativa.Rasek.Quests.QuestDataSO> (System.Collections.Generic.IEnumerable`1<Dumativa.Rasek.Quests.QuestDataSO>)
Dumativa.Rasek.Quests.QuestLibraryInitializationSystem:OnCreate (Unity.Entities.SystemState&) (at Assets/Scripts/_DOTS/Quests/QuestLibraryInitializationSystem.cs:145)
Dumativa.Rasek.Quests.QuestLibraryInitializationSystem:__codegen__OnCreate (intptr,intptr)
Unity.Entities.SystemBaseRegistry:ForwardToManaged (intptr,Unity.Entities.SystemState*,void*) (at ./Library/PackageCache/com.unity.entities@6a355619334f/Unity.Entities/SystemBaseRegistry.cs:364)
Unity.Entities.SystemBaseRegistry:CallForwardingFunction (Unity.Entities.SystemState*,Unity.Entities.UnmanagedSystemFunctionType) (at ./Library/PackageCache/com.unity.entities@6a355619334f/Unity.Entities/SystemBaseRegistry.cs:333)
Unity.Entities.SystemBaseRegistry:CallOnCreate (Unity.Entities.SystemState*) (at ./Library/PackageCache/com.unity.entities@6a355619334f/Unity.Entities/SystemBaseRegistry.cs:370)
Unity.Entities.WorldUnmanagedImpl:CallSystemOnCreateWithCleanup (Unity.Entities.SystemState*) (at ./Library/PackageCache/com.unity.entities@6a355619334f/Unity.Entities/WorldUnmanaged.cs:614)
Unity.Entities.World:GetOrCreateSystemsAndLogException (Unity.Collections.NativeList`1<Unity.Entities.SystemTypeIndex>,int,Unity.Collections.AllocatorManager/AllocatorHandle) (at ./Library/PackageCache/com.unity.entities@6a355619334f/Unity.Entities/World.cs:1282)
Unity.Entities.World:GetOrCreateSystemsAndLogException (Unity.Collections.NativeList`1<Unity.Entities.SystemTypeIndex>,Unity.Collections.AllocatorManager/AllocatorHandle) (at ./Library/PackageCache/com.unity.entities@6a355619334f/Unity.Entities/World.cs:1321)
Unity.Entities.DefaultWorldInitialization:AddSystemToRootLevelSystemGroupsInternal<Unity.Entities.DefaultWorldInitialization/DefaultRootGroups> (Unity.Entities.World,Unity.Collections.NativeList`1<Unity.Entities.SystemTypeIndex>,Unity.Entities.ComponentSystemGroup,Unity.Entities.DefaultWorldInitialization/DefaultRootGroups) (at ./Library/PackageCache/com.unity.entities@6a355619334f/Unity.Entities/DefaultWorldInitialization.cs:252)
Unity.Entities.DefaultWorldInitialization:AddSystemToRootLevelSystemGroupsInternal (Unity.Entities.World,Unity.Collections.NativeList`1<Unity.Entities.SystemTypeIndex>) (at ./Library/PackageCache/com.unity.entities@6a355619334f/Unity.Entities/DefaultWorldInitialization.cs:291)
Unity.Entities.DefaultWorldInitialization:AddSystemsToRootLevelSystemGroups (Unity.Entities.World,Unity.Collections.NativeList`1<Unity.Entities.SystemTypeIndex>) (at ./Library/PackageCache/com.unity.entities@6a355619334f/Unity.Entities/DefaultWorldInitialization.cs:215)
Unity.NetCode.ClientServerBootstrap:CreateServerWorld (string,Unity.Collections.NativeList`1<Unity.Entities.SystemTypeIndex>) (at ./Library/PackageCache/com.unity.netcode@2fb2edf0390f/Runtime/ClientServerWorld/ClientServerBootstrap.cs:390)
Unity.NetCode.ClientServerBootstrap:CreateServerWorld (string) (at ./Library/PackageCache/com.unity.netcode@2fb2edf0390f/Runtime/ClientServerWorld/ClientServerBootstrap.cs:377)
Unity.NetCode.ClientServerBootstrap:CreateDefaultClientServerWorlds () (at ./Library/PackageCache/com.unity.netcode@2fb2edf0390f/Runtime/ClientServerWorld/ClientServerBootstrap.cs:223)
Dumativa.Rasek.Backend.NetcodeBootstrap:Initialize (string) (at Assets/Scripts/_DOTS/Connection/NetcodeBootstrap.cs:82)
Unity.Entities.DefaultWorldInitialization:Initialize (string,bool) (at ./Library/PackageCache/com.unity.entities@6a355619334f/Unity.Entities/DefaultWorldInitialization.cs:134)
Unity.Entities.AutomaticWorldBootstrap:Initialize () (at ./Library/PackageCache/com.unity.entities@6a355619334f/Unity.Entities.Hybrid/Injection/AutomaticWorldBootstrap.cs:16)

[QuestDataSO] Validation <color=green>valid</color> for Debug_002
UnityEngine.Debug:Log (object)
Dumativa.Rasek.Quests.QuestDataSO:Validate () (at Assets/Scripts/_DOTS/Quests/QuestDataSO.cs:125)
Dumativa.Rasek.Quests.QuestLibraryInitializationSystem/<>c:<OnCreate>b__3_0 (Dumativa.Rasek.Quests.QuestDataSO) (at Assets/Scripts/_DOTS/Quests/QuestLibraryInitializationSystem.cs:145)
System.Linq.Enumerable:ToArray<Dumativa.Rasek.Quests.QuestDataSO> (System.Collections.Generic.IEnumerable`1<Dumativa.Rasek.Quests.QuestDataSO>)
Dumativa.Rasek.Quests.QuestLibraryInitializationSystem:OnCreate (Unity.Entities.SystemState&) (at Assets/Scripts/_DOTS/Quests/QuestLibraryInitializationSystem.cs:145)
Dumativa.Rasek.Quests.QuestLibraryInitializationSystem:__codegen__OnCreate (intptr,intptr)
Unity.Entities.SystemBaseRegistry:ForwardToManaged (intptr,Unity.Entities.SystemState*,void*) (at ./Library/PackageCache/com.unity.entities@6a355619334f/Unity.Entities/SystemBaseRegistry.cs:364)
Unity.Entities.SystemBaseRegistry:CallForwardingFunction (Unity.Entities.SystemState*,Unity.Entities.UnmanagedSystemFunctionType) (at ./Library/PackageCache/com.unity.entities@6a355619334f/Unity.Entities/SystemBaseRegistry.cs:333)
Unity.Entities.SystemBaseRegistry:CallOnCreate (Unity.Entities.SystemState*) (at ./Library/PackageCache/com.unity.entities@6a355619334f/Unity.Entities/SystemBaseRegistry.cs:370)
Unity.Entities.WorldUnmanagedImpl:CallSystemOnCreateWithCleanup (Unity.Entities.SystemState*) (at ./Library/PackageCache/com.unity.entities@6a355619334f/Unity.Entities/WorldUnmanaged.cs:614)
Unity.Entities.World:GetOrCreateSystemsAndLogException (Unity.Collections.NativeList`1<Unity.Entities.SystemTypeIndex>,int,Unity.Collections.AllocatorManager/AllocatorHandle) (at ./Library/PackageCache/com.unity.entities@6a355619334f/Unity.Entities/World.cs:1282)
Unity.Entities.World:GetOrCreateSystemsAndLogException (Unity.Collections.NativeList`1<Unity.Entities.SystemTypeIndex>,Unity.Collections.AllocatorManager/AllocatorHandle) (at ./Library/PackageCache/com.unity.entities@6a355619334f/Unity.Entities/World.cs:1321)
Unity.Entities.DefaultWorldInitialization:AddSystemToRootLevelSystemGroupsInternal<Unity.Entities.DefaultWorldInitialization/DefaultRootGroups> (Unity.Entities.World,Unity.Collections.NativeList`1<Unity.Entities.SystemTypeIndex>,Unity.Entities.ComponentSystemGroup,Unity.Entities.DefaultWorldInitialization/DefaultRootGroups) (at ./Library/PackageCache/com.unity.entities@6a355619334f/Unity.Entities/DefaultWorldInitialization.cs:252)
Unity.Entities.DefaultWorldInitialization:AddSystemToRootLevelSystemGroupsInternal (Unity.Entities.World,Unity.Collections.NativeList`1<Unity.Entities.SystemTypeIndex>) (at ./Library/PackageCache/com.unity.entities@6a355619334f/Unity.Entities/DefaultWorldInitialization.cs:291)
Unity.Entities.DefaultWorldInitialization:AddSystemsToRootLevelSystemGroups (Unity.Entities.World,Unity.Collections.NativeList`1<Unity.Entities.SystemTypeIndex>) (at ./Library/PackageCache/com.unity.entities@6a355619334f/Unity.Entities/DefaultWorldInitialization.cs:215)
Unity.NetCode.ClientServerBootstrap:CreateServerWorld (string,Unity.Collections.NativeList`1<Unity.Entities.SystemTypeIndex>) (at ./Library/PackageCache/com.unity.netcode@2fb2edf0390f/Runtime/ClientServerWorld/ClientServerBootstrap.cs:390)
Unity.NetCode.ClientServerBootstrap:CreateServerWorld (string) (at ./Library/PackageCache/com.unity.netcode@2fb2edf0390f/Runtime/ClientServerWorld/ClientServerBootstrap.cs:377)
Unity.NetCode.ClientServerBootstrap:CreateDefaultClientServerWorlds () (at ./Library/PackageCache/com.unity.netcode@2fb2edf0390f/Runtime/ClientServerWorld/ClientServerBootstrap.cs:223)
Dumativa.Rasek.Backend.NetcodeBootstrap:Initialize (string) (at Assets/Scripts/_DOTS/Connection/NetcodeBootstrap.cs:82)
Unity.Entities.DefaultWorldInitialization:Initialize (string,bool) (at ./Library/PackageCache/com.unity.entities@6a355619334f/Unity.Entities/DefaultWorldInitialization.cs:134)
Unity.Entities.AutomaticWorldBootstrap:Initialize () (at ./Library/PackageCache/com.unity.entities@6a355619334f/Unity.Entities.Hybrid/Injection/AutomaticWorldBootstrap.cs:16)

[QuestDataSO] Validation <color=green>valid</color> for Debug_003
UnityEngine.Debug:Log (object)
Dumativa.Rasek.Quests.QuestDataSO:Validate () (at Assets/Scripts/_DOTS/Quests/QuestDataSO.cs:125)
Dumativa.Rasek.Quests.QuestLibraryInitializationSystem/<>c:<OnCreate>b__3_0 (Dumativa.Rasek.Quests.QuestDataSO) (at Assets/Scripts/_DOTS/Quests/QuestLibraryInitializationSystem.cs:145)
System.Linq.Enumerable:ToArray<Dumativa.Rasek.Quests.QuestDataSO> (System.Collections.Generic.IEnumerable`1<Dumativa.Rasek.Quests.QuestDataSO>)
Dumativa.Rasek.Quests.QuestLibraryInitializationSystem:OnCreate (Unity.Entities.SystemState&) (at Assets/Scripts/_DOTS/Quests/QuestLibraryInitializationSystem.cs:145)
Dumativa.Rasek.Quests.QuestLibraryInitializationSystem:__codegen__OnCreate (intptr,intptr)
Unity.Entities.SystemBaseRegistry:ForwardToManaged (intptr,Unity.Entities.SystemState*,void*) (at ./Library/PackageCache/com.unity.entities@6a355619334f/Unity.Entities/SystemBaseRegistry.cs:364)
Unity.Entities.SystemBaseRegistry:CallForwardingFunction (Unity.Entities.SystemState*,Unity.Entities.UnmanagedSystemFunctionType) (at ./Library/PackageCache/com.unity.entities@6a355619334f/Unity.Entities/SystemBaseRegistry.cs:333)
Unity.Entities.SystemBaseRegistry:CallOnCreate (Unity.Entities.SystemState*) (at ./Library/PackageCache/com.unity.entities@6a355619334f/Unity.Entities/SystemBaseRegistry.cs:370)
Unity.Entities.WorldUnmanagedImpl:CallSystemOnCreateWithCleanup (Unity.Entities.SystemState*) (at ./Library/PackageCache/com.unity.entities@6a355619334f/Unity.Entities/WorldUnmanaged.cs:614)
Unity.Entities.World:GetOrCreateSystemsAndLogException (Unity.Collections.NativeList`1<Unity.Entities.SystemTypeIndex>,int,Unity.Collections.AllocatorManager/AllocatorHandle) (at ./Library/PackageCache/com.unity.entities@6a355619334f/Unity.Entities/World.cs:1282)
Unity.Entities.World:GetOrCreateSystemsAndLogException (Unity.Collections.NativeList`1<Unity.Entities.SystemTypeIndex>,Unity.Collections.AllocatorManager/AllocatorHandle) (at ./Library/PackageCache/com.unity.entities@6a355619334f/Unity.Entities/World.cs:1321)
Unity.Entities.DefaultWorldInitialization:AddSystemToRootLevelSystemGroupsInternal<Unity.Entities.DefaultWorldInitialization/DefaultRootGroups> (Unity.Entities.World,Unity.Collections.NativeList`1<Unity.Entities.SystemTypeIndex>,Unity.Entities.ComponentSystemGroup,Unity.Entities.DefaultWorldInitialization/DefaultRootGroups) (at ./Library/PackageCache/com.unity.entities@6a355619334f/Unity.Entities/DefaultWorldInitialization.cs:252)
Unity.Entities.DefaultWorldInitialization:AddSystemToRootLevelSystemGroupsInternal (Unity.Entities.World,Unity.Collections.NativeList`1<Unity.Entities.SystemTypeIndex>) (at ./Library/PackageCache/com.unity.entities@6a355619334f/Unity.Entities/DefaultWorldInitialization.cs:291)
Unity.Entities.DefaultWorldInitialization:AddSystemsToRootLevelSystemGroups (Unity.Entities.World,Unity.Collections.NativeList`1<Unity.Entities.SystemTypeIndex>) (at ./Library/PackageCache/com.unity.entities@6a355619334f/Unity.Entities/DefaultWorldInitialization.cs:215)
Unity.NetCode.ClientServerBootstrap:CreateServerWorld (string,Unity.Collections.NativeList`1<Unity.Entities.SystemTypeIndex>) (at ./Library/PackageCache/com.unity.netcode@2fb2edf0390f/Runtime/ClientServerWorld/ClientServerBootstrap.cs:390)
Unity.NetCode.ClientServerBootstrap:CreateServerWorld (string) (at ./Library/PackageCache/com.unity.netcode@2fb2edf0390f/Runtime/ClientServerWorld/ClientServerBootstrap.cs:377)
Unity.NetCode.ClientServerBootstrap:CreateDefaultClientServerWorlds () (at ./Library/PackageCache/com.unity.netcode@2fb2edf0390f/Runtime/ClientServerWorld/ClientServerBootstrap.cs:223)
Dumativa.Rasek.Backend.NetcodeBootstrap:Initialize (string) (at Assets/Scripts/_DOTS/Connection/NetcodeBootstrap.cs:82)
Unity.Entities.DefaultWorldInitialization:Initialize (string,bool) (at ./Library/PackageCache/com.unity.entities@6a355619334f/Unity.Entities/DefaultWorldInitialization.cs:134)
Unity.Entities.AutomaticWorldBootstrap:Initialize () (at ./Library/PackageCache/com.unity.entities@6a355619334f/Unity.Entities.Hybrid/Injection/AutomaticWorldBootstrap.cs:16)

[QuestDataSO] Validation <color=green>valid</color> for MQT_001
UnityEngine.Debug:Log (object)
Dumativa.Rasek.Quests.QuestDataSO:Validate () (at Assets/Scripts/_DOTS/Quests/QuestDataSO.cs:125)
Dumativa.Rasek.Quests.QuestLibraryInitializationSystem/<>c:<OnCreate>b__3_0 (Dumativa.Rasek.Quests.QuestDataSO) (at Assets/Scripts/_DOTS/Quests/QuestLibraryInitializationSystem.cs:145)
System.Linq.Enumerable:ToArray<Dumativa.Rasek.Quests.QuestDataSO> (System.Collections.Generic.IEnumerable`1<Dumativa.Rasek.Quests.QuestDataSO>)
Dumativa.Rasek.Quests.QuestLibraryInitializationSystem:OnCreate (Unity.Entities.SystemState&) (at Assets/Scripts/_DOTS/Quests/QuestLibraryInitializationSystem.cs:145)
Dumativa.Rasek.Quests.QuestLibraryInitializationSystem:__codegen__OnCreate (intptr,intptr)
Unity.Entities.SystemBaseRegistry:ForwardToManaged (intptr,Unity.Entities.SystemState*,void*) (at ./Library/PackageCache/com.unity.entities@6a355619334f/Unity.Entities/SystemBaseRegistry.cs:364)
Unity.Entities.SystemBaseRegistry:CallForwardingFunction (Unity.Entities.SystemState*,Unity.Entities.UnmanagedSystemFunctionType) (at ./Library/PackageCache/com.unity.entities@6a355619334f/Unity.Entities/SystemBaseRegistry.cs:333)
Unity.Entities.SystemBaseRegistry:CallOnCreate (Unity.Entities.SystemState*) (at ./Library/PackageCache/com.unity.entities@6a355619334f/Unity.Entities/SystemBaseRegistry.cs:370)
Unity.Entities.WorldUnmanagedImpl:CallSystemOnCreateWithCleanup (Unity.Entities.SystemState*) (at ./Library/PackageCache/com.unity.entities@6a355619334f/Unity.Entities/WorldUnmanaged.cs:614)
Unity.Entities.World:GetOrCreateSystemsAndLogException (Unity.Collections.NativeList`1<Unity.Entities.SystemTypeIndex>,int,Unity.Collections.AllocatorManager/AllocatorHandle) (at ./Library/PackageCache/com.unity.entities@6a355619334f/Unity.Entities/World.cs:1282)
Unity.Entities.World:GetOrCreateSystemsAndLogException (Unity.Collections.NativeList`1<Unity.Entities.SystemTypeIndex>,Unity.Collections.AllocatorManager/AllocatorHandle) (at ./Library/PackageCache/com.unity.entities@6a355619334f/Unity.Entities/World.cs:1321)
Unity.Entities.DefaultWorldInitialization:AddSystemToRootLevelSystemGroupsInternal<Unity.Entities.DefaultWorldInitialization/DefaultRootGroups> (Unity.Entities.World,Unity.Collections.NativeList`1<Unity.Entities.SystemTypeIndex>,Unity.Entities.ComponentSystemGroup,Unity.Entities.DefaultWorldInitialization/DefaultRootGroups) (at ./Library/PackageCache/com.unity.entities@6a355619334f/Unity.Entities/DefaultWorldInitialization.cs:252)
Unity.Entities.DefaultWorldInitialization:AddSystemToRootLevelSystemGroupsInternal (Unity.Entities.World,Unity.Collections.NativeList`1<Unity.Entities.SystemTypeIndex>) (at ./Library/PackageCache/com.unity.entities@6a355619334f/Unity.Entities/DefaultWorldInitialization.cs:291)
Unity.Entities.DefaultWorldInitialization:AddSystemsToRootLevelSystemGroups (Unity.Entities.World,Unity.Collections.NativeList`1<Unity.Entities.SystemTypeIndex>) (at ./Library/PackageCache/com.unity.entities@6a355619334f/Unity.Entities/DefaultWorldInitialization.cs:215)
Unity.NetCode.ClientServerBootstrap:CreateServerWorld (string,Unity.Collections.NativeList`1<Unity.Entities.SystemTypeIndex>) (at ./Library/PackageCache/com.unity.netcode@2fb2edf0390f/Runtime/ClientServerWorld/ClientServerBootstrap.cs:390)
Unity.NetCode.ClientServerBootstrap:CreateServerWorld (string) (at ./Library/PackageCache/com.unity.netcode@2fb2edf0390f/Runtime/ClientServerWorld/ClientServerBootstrap.cs:377)
Unity.NetCode.ClientServerBootstrap:CreateDefaultClientServerWorlds () (at ./Library/PackageCache/com.unity.netcode@2fb2edf0390f/Runtime/ClientServerWorld/ClientServerBootstrap.cs:223)
Dumativa.Rasek.Backend.NetcodeBootstrap:Initialize (string) (at Assets/Scripts/_DOTS/Connection/NetcodeBootstrap.cs:82)
Unity.Entities.DefaultWorldInitialization:Initialize (string,bool) (at ./Library/PackageCache/com.unity.entities@6a355619334f/Unity.Entities/DefaultWorldInitialization.cs:134)
Unity.Entities.AutomaticWorldBootstrap:Initialize () (at ./Library/PackageCache/com.unity.entities@6a355619334f/Unity.Entities.Hybrid/Injection/AutomaticWorldBootstrap.cs:16)

[QuestDataSO] Validation <color=green>valid</color> for MQT_002
UnityEngine.Debug:Log (object)
Dumativa.Rasek.Quests.QuestDataSO:Validate () (at Assets/Scripts/_DOTS/Quests/QuestDataSO.cs:125)
Dumativa.Rasek.Quests.QuestLibraryInitializationSystem/<>c:<OnCreate>b__3_0 (Dumativa.Rasek.Quests.QuestDataSO) (at Assets/Scripts/_DOTS/Quests/QuestLibraryInitializationSystem.cs:145)
System.Linq.Enumerable:ToArray<Dumativa.Rasek.Quests.QuestDataSO> (System.Collections.Generic.IEnumerable`1<Dumativa.Rasek.Quests.QuestDataSO>)
Dumativa.Rasek.Quests.QuestLibraryInitializationSystem:OnCreate (Unity.Entities.SystemState&) (at Assets/Scripts/_DOTS/Quests/QuestLibraryInitializationSystem.cs:145)
Dumativa.Rasek.Quests.QuestLibraryInitializationSystem:__codegen__OnCreate (intptr,intptr)
Unity.Entities.SystemBaseRegistry:ForwardToManaged (intptr,Unity.Entities.SystemState*,void*) (at ./Library/PackageCache/com.unity.entities@6a355619334f/Unity.Entities/SystemBaseRegistry.cs:364)
Unity.Entities.SystemBaseRegistry:CallForwardingFunction (Unity.Entities.SystemState*,Unity.Entities.UnmanagedSystemFunctionType) (at ./Library/PackageCache/com.unity.entities@6a355619334f/Unity.Entities/SystemBaseRegistry.cs:333)
Unity.Entities.SystemBaseRegistry:CallOnCreate (Unity.Entities.SystemState*) (at ./Library/PackageCache/com.unity.entities@6a355619334f/Unity.Entities/SystemBaseRegistry.cs:370)
Unity.Entities.WorldUnmanagedImpl:CallSystemOnCreateWithCleanup (Unity.Entities.SystemState*) (at ./Library/PackageCache/com.unity.entities@6a355619334f/Unity.Entities/WorldUnmanaged.cs:614)
Unity.Entities.World:GetOrCreateSystemsAndLogException (Unity.Collections.NativeList`1<Unity.Entities.SystemTypeIndex>,int,Unity.Collections.AllocatorManager/AllocatorHandle) (at ./Library/PackageCache/com.unity.entities@6a355619334f/Unity.Entities/World.cs:1282)
Unity.Entities.World:GetOrCreateSystemsAndLogException (Unity.Collections.NativeList`1<Unity.Entities.SystemTypeIndex>,Unity.Collections.AllocatorManager/AllocatorHandle) (at ./Library/PackageCache/com.unity.entities@6a355619334f/Unity.Entities/World.cs:1321)
Unity.Entities.DefaultWorldInitialization:AddSystemToRootLevelSystemGroupsInternal<Unity.Entities.DefaultWorldInitialization/DefaultRootGroups> (Unity.Entities.World,Unity.Collections.NativeList`1<Unity.Entities.SystemTypeIndex>,Unity.Entities.ComponentSystemGroup,Unity.Entities.DefaultWorldInitialization/DefaultRootGroups) (at ./Library/PackageCache/com.unity.entities@6a355619334f/Unity.Entities/DefaultWorldInitialization.cs:252)
Unity.Entities.DefaultWorldInitialization:AddSystemToRootLevelSystemGroupsInternal (Unity.Entities.World,Unity.Collections.NativeList`1<Unity.Entities.SystemTypeIndex>) (at ./Library/PackageCache/com.unity.entities@6a355619334f/Unity.Entities/DefaultWorldInitialization.cs:291)
Unity.Entities.DefaultWorldInitialization:AddSystemsToRootLevelSystemGroups (Unity.Entities.World,Unity.Collections.NativeList`1<Unity.Entities.SystemTypeIndex>) (at ./Library/PackageCache/com.unity.entities@6a355619334f/Unity.Entities/DefaultWorldInitialization.cs:215)
Unity.NetCode.ClientServerBootstrap:CreateServerWorld (string,Unity.Collections.NativeList`1<Unity.Entities.SystemTypeIndex>) (at ./Library/PackageCache/com.unity.netcode@2fb2edf0390f/Runtime/ClientServerWorld/ClientServerBootstrap.cs:390)
Unity.NetCode.ClientServerBootstrap:CreateServerWorld (string) (at ./Library/PackageCache/com.unity.netcode@2fb2edf0390f/Runtime/ClientServerWorld/ClientServerBootstrap.cs:377)
Unity.NetCode.ClientServerBootstrap:CreateDefaultClientServerWorlds () (at ./Library/PackageCache/com.unity.netcode@2fb2edf0390f/Runtime/ClientServerWorld/ClientServerBootstrap.cs:223)
Dumativa.Rasek.Backend.NetcodeBootstrap:Initialize (string) (at Assets/Scripts/_DOTS/Connection/NetcodeBootstrap.cs:82)
Unity.Entities.DefaultWorldInitialization:Initialize (string,bool) (at ./Library/PackageCache/com.unity.entities@6a355619334f/Unity.Entities/DefaultWorldInitialization.cs:134)
Unity.Entities.AutomaticWorldBootstrap:Initialize () (at ./Library/PackageCache/com.unity.entities@6a355619334f/Unity.Entities.Hybrid/Injection/AutomaticWorldBootstrap.cs:16)

[QuestDataSO] Validation <color=green>valid</color> for MQT_003
UnityEngine.Debug:Log (object)
Dumativa.Rasek.Quests.QuestDataSO:Validate () (at Assets/Scripts/_DOTS/Quests/QuestDataSO.cs:125)
Dumativa.Rasek.Quests.QuestLibraryInitializationSystem/<>c:<OnCreate>b__3_0 (Dumativa.Rasek.Quests.QuestDataSO) (at Assets/Scripts/_DOTS/Quests/QuestLibraryInitializationSystem.cs:145)
System.Linq.Enumerable:ToArray<Dumativa.Rasek.Quests.QuestDataSO> (System.Collections.Generic.IEnumerable`1<Dumativa.Rasek.Quests.QuestDataSO>)
Dumativa.Rasek.Quests.QuestLibraryInitializationSystem:OnCreate (Unity.Entities.SystemState&) (at Assets/Scripts/_DOTS/Quests/QuestLibraryInitializationSystem.cs:145)
Dumativa.Rasek.Quests.QuestLibraryInitializationSystem:__codegen__OnCreate (intptr,intptr)
Unity.Entities.SystemBaseRegistry:ForwardToManaged (intptr,Unity.Entities.SystemState*,void*) (at ./Library/PackageCache/com.unity.entities@6a355619334f/Unity.Entities/SystemBaseRegistry.cs:364)
Unity.Entities.SystemBaseRegistry:CallForwardingFunction (Unity.Entities.SystemState*,Unity.Entities.UnmanagedSystemFunctionType) (at ./Library/PackageCache/com.unity.entities@6a355619334f/Unity.Entities/SystemBaseRegistry.cs:333)
Unity.Entities.SystemBaseRegistry:CallOnCreate (Unity.Entities.SystemState*) (at ./Library/PackageCache/com.unity.entities@6a355619334f/Unity.Entities/SystemBaseRegistry.cs:370)
Unity.Entities.WorldUnmanagedImpl:CallSystemOnCreateWithCleanup (Unity.Entities.SystemState*) (at ./Library/PackageCache/com.unity.entities@6a355619334f/Unity.Entities/WorldUnmanaged.cs:614)
Unity.Entities.World:GetOrCreateSystemsAndLogException (Unity.Collections.NativeList`1<Unity.Entities.SystemTypeIndex>,int,Unity.Collections.AllocatorManager/AllocatorHandle) (at ./Library/PackageCache/com.unity.entities@6a355619334f/Unity.Entities/World.cs:1282)
Unity.Entities.World:GetOrCreateSystemsAndLogException (Unity.Collections.NativeList`1<Unity.Entities.SystemTypeIndex>,Unity.Collections.AllocatorManager/AllocatorHandle) (at ./Library/PackageCache/com.unity.entities@6a355619334f/Unity.Entities/World.cs:1321)
Unity.Entities.DefaultWorldInitialization:AddSystemToRootLevelSystemGroupsInternal<Unity.Entities.DefaultWorldInitialization/DefaultRootGroups> (Unity.Entities.World,Unity.Collections.NativeList`1<Unity.Entities.SystemTypeIndex>,Unity.Entities.ComponentSystemGroup,Unity.Entities.DefaultWorldInitialization/DefaultRootGroups) (at ./Library/PackageCache/com.unity.entities@6a355619334f/Unity.Entities/DefaultWorldInitialization.cs:252)
Unity.Entities.DefaultWorldInitialization:AddSystemToRootLevelSystemGroupsInternal (Unity.Entities.World,Unity.Collections.NativeList`1<Unity.Entities.SystemTypeIndex>) (at ./Library/PackageCache/com.unity.entities@6a355619334f/Unity.Entities/DefaultWorldInitialization.cs:291)
Unity.Entities.DefaultWorldInitialization:AddSystemsToRootLevelSystemGroups (Unity.Entities.World,Unity.Collections.NativeList`1<Unity.Entities.SystemTypeIndex>) (at ./Library/PackageCache/com.unity.entities@6a355619334f/Unity.Entities/DefaultWorldInitialization.cs:215)
Unity.NetCode.ClientServerBootstrap:CreateServerWorld (string,Unity.Collections.NativeList`1<Unity.Entities.SystemTypeIndex>) (at ./Library/PackageCache/com.unity.netcode@2fb2edf0390f/Runtime/ClientServerWorld/ClientServerBootstrap.cs:390)
Unity.NetCode.ClientServerBootstrap:CreateServerWorld (string) (at ./Library/PackageCache/com.unity.netcode@2fb2edf0390f/Runtime/ClientServerWorld/ClientServerBootstrap.cs:377)
Unity.NetCode.ClientServerBootstrap:CreateDefaultClientServerWorlds () (at ./Library/PackageCache/com.unity.netcode@2fb2edf0390f/Runtime/ClientServerWorld/ClientServerBootstrap.cs:223)
Dumativa.Rasek.Backend.NetcodeBootstrap:Initialize (string) (at Assets/Scripts/_DOTS/Connection/NetcodeBootstrap.cs:82)
Unity.Entities.DefaultWorldInitialization:Initialize (string,bool) (at ./Library/PackageCache/com.unity.entities@6a355619334f/Unity.Entities/DefaultWorldInitialization.cs:134)
Unity.Entities.AutomaticWorldBootstrap:Initialize () (at ./Library/PackageCache/com.unity.entities@6a355619334f/Unity.Entities.Hybrid/Injection/AutomaticWorldBootstrap.cs:16)

[QuestDataSO] Validation <color=green>valid</color> for MQT_004
UnityEngine.Debug:Log (object)
Dumativa.Rasek.Quests.QuestDataSO:Validate () (at Assets/Scripts/_DOTS/Quests/QuestDataSO.cs:125)
Dumativa.Rasek.Quests.QuestLibraryInitializationSystem/<>c:<OnCreate>b__3_0 (Dumativa.Rasek.Quests.QuestDataSO) (at Assets/Scripts/_DOTS/Quests/QuestLibraryInitializationSystem.cs:145)
System.Linq.Enumerable:ToArray<Dumativa.Rasek.Quests.QuestDataSO> (System.Collections.Generic.IEnumerable`1<Dumativa.Rasek.Quests.QuestDataSO>)
Dumativa.Rasek.Quests.QuestLibraryInitializationSystem:OnCreate (Unity.Entities.SystemState&) (at Assets/Scripts/_DOTS/Quests/QuestLibraryInitializationSystem.cs:145)
Dumativa.Rasek.Quests.QuestLibraryInitializationSystem:__codegen__OnCreate (intptr,intptr)
Unity.Entities.SystemBaseRegistry:ForwardToManaged (intptr,Unity.Entities.SystemState*,void*) (at ./Library/PackageCache/com.unity.entities@6a355619334f/Unity.Entities/SystemBaseRegistry.cs:364)
Unity.Entities.SystemBaseRegistry:CallForwardingFunction (Unity.Entities.SystemState*,Unity.Entities.UnmanagedSystemFunctionType) (at ./Library/PackageCache/com.unity.entities@6a355619334f/Unity.Entities/SystemBaseRegistry.cs:333)
Unity.Entities.SystemBaseRegistry:CallOnCreate (Unity.Entities.SystemState*) (at ./Library/PackageCache/com.unity.entities@6a355619334f/Unity.Entities/SystemBaseRegistry.cs:370)
Unity.Entities.WorldUnmanagedImpl:CallSystemOnCreateWithCleanup (Unity.Entities.SystemState*) (at ./Library/PackageCache/com.unity.entities@6a355619334f/Unity.Entities/WorldUnmanaged.cs:614)
Unity.Entities.World:GetOrCreateSystemsAndLogException (Unity.Collections.NativeList`1<Unity.Entities.SystemTypeIndex>,int,Unity.Collections.AllocatorManager/AllocatorHandle) (at ./Library/PackageCache/com.unity.entities@6a355619334f/Unity.Entities/World.cs:1282)
Unity.Entities.World:GetOrCreateSystemsAndLogException (Unity.Collections.NativeList`1<Unity.Entities.SystemTypeIndex>,Unity.Collections.AllocatorManager/AllocatorHandle) (at ./Library/PackageCache/com.unity.entities@6a355619334f/Unity.Entities/World.cs:1321)
Unity.Entities.DefaultWorldInitialization:AddSystemToRootLevelSystemGroupsInternal<Unity.Entities.DefaultWorldInitialization/DefaultRootGroups> (Unity.Entities.World,Unity.Collections.NativeList`1<Unity.Entities.SystemTypeIndex>,Unity.Entities.ComponentSystemGroup,Unity.Entities.DefaultWorldInitialization/DefaultRootGroups) (at ./Library/PackageCache/com.unity.entities@6a355619334f/Unity.Entities/DefaultWorldInitialization.cs:252)
Unity.Entities.DefaultWorldInitialization:AddSystemToRootLevelSystemGroupsInternal (Unity.Entities.World,Unity.Collections.NativeList`1<Unity.Entities.SystemTypeIndex>) (at ./Library/PackageCache/com.unity.entities@6a355619334f/Unity.Entities/DefaultWorldInitialization.cs:291)
Unity.Entities.DefaultWorldInitialization:AddSystemsToRootLevelSystemGroups (Unity.Entities.World,Unity.Collections.NativeList`1<Unity.Entities.SystemTypeIndex>) (at ./Library/PackageCache/com.unity.entities@6a355619334f/Unity.Entities/DefaultWorldInitialization.cs:215)
Unity.NetCode.ClientServerBootstrap:CreateServerWorld (string,Unity.Collections.NativeList`1<Unity.Entities.SystemTypeIndex>) (at ./Library/PackageCache/com.unity.netcode@2fb2edf0390f/Runtime/ClientServerWorld/ClientServerBootstrap.cs:390)
Unity.NetCode.ClientServerBootstrap:CreateServerWorld (string) (at ./Library/PackageCache/com.unity.netcode@2fb2edf0390f/Runtime/ClientServerWorld/ClientServerBootstrap.cs:377)
Unity.NetCode.ClientServerBootstrap:CreateDefaultClientServerWorlds () (at ./Library/PackageCache/com.unity.netcode@2fb2edf0390f/Runtime/ClientServerWorld/ClientServerBootstrap.cs:223)
Dumativa.Rasek.Backend.NetcodeBootstrap:Initialize (string) (at Assets/Scripts/_DOTS/Connection/NetcodeBootstrap.cs:82)
Unity.Entities.DefaultWorldInitialization:Initialize (string,bool) (at ./Library/PackageCache/com.unity.entities@6a355619334f/Unity.Entities/DefaultWorldInitialization.cs:134)
Unity.Entities.AutomaticWorldBootstrap:Initialize () (at ./Library/PackageCache/com.unity.entities@6a355619334f/Unity.Entities.Hybrid/Injection/AutomaticWorldBootstrap.cs:16)

[QuestDataSO] Validation <color=green>valid</color> for MQT_005
UnityEngine.Debug:Log (object)
Dumativa.Rasek.Quests.QuestDataSO:Validate () (at Assets/Scripts/_DOTS/Quests/QuestDataSO.cs:125)
Dumativa.Rasek.Quests.QuestLibraryInitializationSystem/<>c:<OnCreate>b__3_0 (Dumativa.Rasek.Quests.QuestDataSO) (at Assets/Scripts/_DOTS/Quests/QuestLibraryInitializationSystem.cs:145)
System.Linq.Enumerable:ToArray<Dumativa.Rasek.Quests.QuestDataSO> (System.Collections.Generic.IEnumerable`1<Dumativa.Rasek.Quests.QuestDataSO>)
Dumativa.Rasek.Quests.QuestLibraryInitializationSystem:OnCreate (Unity.Entities.SystemState&) (at Assets/Scripts/_DOTS/Quests/QuestLibraryInitializationSystem.cs:145)
Dumativa.Rasek.Quests.QuestLibraryInitializationSystem:__codegen__OnCreate (intptr,intptr)
Unity.Entities.SystemBaseRegistry:ForwardToManaged (intptr,Unity.Entities.SystemState*,void*) (at ./Library/PackageCache/com.unity.entities@6a355619334f/Unity.Entities/SystemBaseRegistry.cs:364)
Unity.Entities.SystemBaseRegistry:CallForwardingFunction (Unity.Entities.SystemState*,Unity.Entities.UnmanagedSystemFunctionType) (at ./Library/PackageCache/com.unity.entities@6a355619334f/Unity.Entities/SystemBaseRegistry.cs:333)
Unity.Entities.SystemBaseRegistry:CallOnCreate (Unity.Entities.SystemState*) (at ./Library/PackageCache/com.unity.entities@6a355619334f/Unity.Entities/SystemBaseRegistry.cs:370)
Unity.Entities.WorldUnmanagedImpl:CallSystemOnCreateWithCleanup (Unity.Entities.SystemState*) (at ./Library/PackageCache/com.unity.entities@6a355619334f/Unity.Entities/WorldUnmanaged.cs:614)
Unity.Entities.World:GetOrCreateSystemsAndLogException (Unity.Collections.NativeList`1<Unity.Entities.SystemTypeIndex>,int,Unity.Collections.AllocatorManager/AllocatorHandle) (at ./Library/PackageCache/com.unity.entities@6a355619334f/Unity.Entities/World.cs:1282)
Unity.Entities.World:GetOrCreateSystemsAndLogException (Unity.Collections.NativeList`1<Unity.Entities.SystemTypeIndex>,Unity.Collections.AllocatorManager/AllocatorHandle) (at ./Library/PackageCache/com.unity.entities@6a355619334f/Unity.Entities/World.cs:1321)
Unity.Entities.DefaultWorldInitialization:AddSystemToRootLevelSystemGroupsInternal<Unity.Entities.DefaultWorldInitialization/DefaultRootGroups> (Unity.Entities.World,Unity.Collections.NativeList`1<Unity.Entities.SystemTypeIndex>,Unity.Entities.ComponentSystemGroup,Unity.Entities.DefaultWorldInitialization/DefaultRootGroups) (at ./Library/PackageCache/com.unity.entities@6a355619334f/Unity.Entities/DefaultWorldInitialization.cs:252)
Unity.Entities.DefaultWorldInitialization:AddSystemToRootLevelSystemGroupsInternal (Unity.Entities.World,Unity.Collections.NativeList`1<Unity.Entities.SystemTypeIndex>) (at ./Library/PackageCache/com.unity.entities@6a355619334f/Unity.Entities/DefaultWorldInitialization.cs:291)
Unity.Entities.DefaultWorldInitialization:AddSystemsToRootLevelSystemGroups (Unity.Entities.World,Unity.Collections.NativeList`1<Unity.Entities.SystemTypeIndex>) (at ./Library/PackageCache/com.unity.entities@6a355619334f/Unity.Entities/DefaultWorldInitialization.cs:215)
Unity.NetCode.ClientServerBootstrap:CreateServerWorld (string,Unity.Collections.NativeList`1<Unity.Entities.SystemTypeIndex>) (at ./Library/PackageCache/com.unity.netcode@2fb2edf0390f/Runtime/ClientServerWorld/ClientServerBootstrap.cs:390)
Unity.NetCode.ClientServerBootstrap:CreateServerWorld (string) (at ./Library/PackageCache/com.unity.netcode@2fb2edf0390f/Runtime/ClientServerWorld/ClientServerBootstrap.cs:377)
Unity.NetCode.ClientServerBootstrap:CreateDefaultClientServerWorlds () (at ./Library/PackageCache/com.unity.netcode@2fb2edf0390f/Runtime/ClientServerWorld/ClientServerBootstrap.cs:223)
Dumativa.Rasek.Backend.NetcodeBootstrap:Initialize (string) (at Assets/Scripts/_DOTS/Connection/NetcodeBootstrap.cs:82)
Unity.Entities.DefaultWorldInitialization:Initialize (string,bool) (at ./Library/PackageCache/com.unity.entities@6a355619334f/Unity.Entities/DefaultWorldInitialization.cs:134)
Unity.Entities.AutomaticWorldBootstrap:Initialize () (at ./Library/PackageCache/com.unity.entities@6a355619334f/Unity.Entities.Hybrid/Injection/AutomaticWorldBootstrap.cs:16)

[QuestDataSO] Validation <color=green>valid</color> for MQT_006_A
UnityEngine.Debug:Log (object)
Dumativa.Rasek.Quests.QuestDataSO:Validate () (at Assets/Scripts/_DOTS/Quests/QuestDataSO.cs:125)
Dumativa.Rasek.Quests.QuestLibraryInitializationSystem/<>c:<OnCreate>b__3_0 (Dumativa.Rasek.Quests.QuestDataSO) (at Assets/Scripts/_DOTS/Quests/QuestLibraryInitializationSystem.cs:145)
System.Linq.Enumerable:ToArray<Dumativa.Rasek.Quests.QuestDataSO> (System.Collections.Generic.IEnumerable`1<Dumativa.Rasek.Quests.QuestDataSO>)
Dumativa.Rasek.Quests.QuestLibraryInitializationSystem:OnCreate (Unity.Entities.SystemState&) (at Assets/Scripts/_DOTS/Quests/QuestLibraryInitializationSystem.cs:145)
Dumativa.Rasek.Quests.QuestLibraryInitializationSystem:__codegen__OnCreate (intptr,intptr)
Unity.Entities.SystemBaseRegistry:ForwardToManaged (intptr,Unity.Entities.SystemState*,void*) (at ./Library/PackageCache/com.unity.entities@6a355619334f/Unity.Entities/SystemBaseRegistry.cs:364)
Unity.Entities.SystemBaseRegistry:CallForwardingFunction (Unity.Entities.SystemState*,Unity.Entities.UnmanagedSystemFunctionType) (at ./Library/PackageCache/com.unity.entities@6a355619334f/Unity.Entities/SystemBaseRegistry.cs:333)
Unity.Entities.SystemBaseRegistry:CallOnCreate (Unity.Entities.SystemState*) (at ./Library/PackageCache/com.unity.entities@6a355619334f/Unity.Entities/SystemBaseRegistry.cs:370)
Unity.Entities.WorldUnmanagedImpl:CallSystemOnCreateWithCleanup (Unity.Entities.SystemState*) (at ./Library/PackageCache/com.unity.entities@6a355619334f/Unity.Entities/WorldUnmanaged.cs:614)
Unity.Entities.World:GetOrCreateSystemsAndLogException (Unity.Collections.NativeList`1<Unity.Entities.SystemTypeIndex>,int,Unity.Collections.AllocatorManager/AllocatorHandle) (at ./Library/PackageCache/com.unity.entities@6a355619334f/Unity.Entities/World.cs:1282)
Unity.Entities.World:GetOrCreateSystemsAndLogException (Unity.Collections.NativeList`1<Unity.Entities.SystemTypeIndex>,Unity.Collections.AllocatorManager/AllocatorHandle) (at ./Library/PackageCache/com.unity.entities@6a355619334f/Unity.Entities/World.cs:1321)
Unity.Entities.DefaultWorldInitialization:AddSystemToRootLevelSystemGroupsInternal<Unity.Entities.DefaultWorldInitialization/DefaultRootGroups> (Unity.Entities.World,Unity.Collections.NativeList`1<Unity.Entities.SystemTypeIndex>,Unity.Entities.ComponentSystemGroup,Unity.Entities.DefaultWorldInitialization/DefaultRootGroups) (at ./Library/PackageCache/com.unity.entities@6a355619334f/Unity.Entities/DefaultWorldInitialization.cs:252)
Unity.Entities.DefaultWorldInitialization:AddSystemToRootLevelSystemGroupsInternal (Unity.Entities.World,Unity.Collections.NativeList`1<Unity.Entities.SystemTypeIndex>) (at ./Library/PackageCache/com.unity.entities@6a355619334f/Unity.Entities/DefaultWorldInitialization.cs:291)
Unity.Entities.DefaultWorldInitialization:AddSystemsToRootLevelSystemGroups (Unity.Entities.World,Unity.Collections.NativeList`1<Unity.Entities.SystemTypeIndex>) (at ./Library/PackageCache/com.unity.entities@6a355619334f/Unity.Entities/DefaultWorldInitialization.cs:215)
Unity.NetCode.ClientServerBootstrap:CreateServerWorld (string,Unity.Collections.NativeList`1<Unity.Entities.SystemTypeIndex>) (at ./Library/PackageCache/com.unity.netcode@2fb2edf0390f/Runtime/ClientServerWorld/ClientServerBootstrap.cs:390)
Unity.NetCode.ClientServerBootstrap:CreateServerWorld (string) (at ./Library/PackageCache/com.unity.netcode@2fb2edf0390f/Runtime/ClientServerWorld/ClientServerBootstrap.cs:377)
Unity.NetCode.ClientServerBootstrap:CreateDefaultClientServerWorlds () (at ./Library/PackageCache/com.unity.netcode@2fb2edf0390f/Runtime/ClientServerWorld/ClientServerBootstrap.cs:223)
Dumativa.Rasek.Backend.NetcodeBootstrap:Initialize (string) (at Assets/Scripts/_DOTS/Connection/NetcodeBootstrap.cs:82)
Unity.Entities.DefaultWorldInitialization:Initialize (string,bool) (at ./Library/PackageCache/com.unity.entities@6a355619334f/Unity.Entities/DefaultWorldInitialization.cs:134)
Unity.Entities.AutomaticWorldBootstrap:Initialize () (at ./Library/PackageCache/com.unity.entities@6a355619334f/Unity.Entities.Hybrid/Injection/AutomaticWorldBootstrap.cs:16)

[QuestDataSO] Validation <color=green>valid</color> for MQT_006_C
UnityEngine.Debug:Log (object)
Dumativa.Rasek.Quests.QuestDataSO:Validate () (at Assets/Scripts/_DOTS/Quests/QuestDataSO.cs:125)
Dumativa.Rasek.Quests.QuestLibraryInitializationSystem/<>c:<OnCreate>b__3_0 (Dumativa.Rasek.Quests.QuestDataSO) (at Assets/Scripts/_DOTS/Quests/QuestLibraryInitializationSystem.cs:145)
System.Linq.Enumerable:ToArray<Dumativa.Rasek.Quests.QuestDataSO> (System.Collections.Generic.IEnumerable`1<Dumativa.Rasek.Quests.QuestDataSO>)
Dumativa.Rasek.Quests.QuestLibraryInitializationSystem:OnCreate (Unity.Entities.SystemState&) (at Assets/Scripts/_DOTS/Quests/QuestLibraryInitializationSystem.cs:145)
Dumativa.Rasek.Quests.QuestLibraryInitializationSystem:__codegen__OnCreate (intptr,intptr)
Unity.Entities.SystemBaseRegistry:ForwardToManaged (intptr,Unity.Entities.SystemState*,void*) (at ./Library/PackageCache/com.unity.entities@6a355619334f/Unity.Entities/SystemBaseRegistry.cs:364)
Unity.Entities.SystemBaseRegistry:CallForwardingFunction (Unity.Entities.SystemState*,Unity.Entities.UnmanagedSystemFunctionType) (at ./Library/PackageCache/com.unity.entities@6a355619334f/Unity.Entities/SystemBaseRegistry.cs:333)
Unity.Entities.SystemBaseRegistry:CallOnCreate (Unity.Entities.SystemState*) (at ./Library/PackageCache/com.unity.entities@6a355619334f/Unity.Entities/SystemBaseRegistry.cs:370)
Unity.Entities.WorldUnmanagedImpl:CallSystemOnCreateWithCleanup (Unity.Entities.SystemState*) (at ./Library/PackageCache/com.unity.entities@6a355619334f/Unity.Entities/WorldUnmanaged.cs:614)
Unity.Entities.World:GetOrCreateSystemsAndLogException (Unity.Collections.NativeList`1<Unity.Entities.SystemTypeIndex>,int,Unity.Collections.AllocatorManager/AllocatorHandle) (at ./Library/PackageCache/com.unity.entities@6a355619334f/Unity.Entities/World.cs:1282)
Unity.Entities.World:GetOrCreateSystemsAndLogException (Unity.Collections.NativeList`1<Unity.Entities.SystemTypeIndex>,Unity.Collections.AllocatorManager/AllocatorHandle) (at ./Library/PackageCache/com.unity.entities@6a355619334f/Unity.Entities/World.cs:1321)
Unity.Entities.DefaultWorldInitialization:AddSystemToRootLevelSystemGroupsInternal<Unity.Entities.DefaultWorldInitialization/DefaultRootGroups> (Unity.Entities.World,Unity.Collections.NativeList`1<Unity.Entities.SystemTypeIndex>,Unity.Entities.ComponentSystemGroup,Unity.Entities.DefaultWorldInitialization/DefaultRootGroups) (at ./Library/PackageCache/com.unity.entities@6a355619334f/Unity.Entities/DefaultWorldInitialization.cs:252)
Unity.Entities.DefaultWorldInitialization:AddSystemToRootLevelSystemGroupsInternal (Unity.Entities.World,Unity.Collections.NativeList`1<Unity.Entities.SystemTypeIndex>) (at ./Library/PackageCache/com.unity.entities@6a355619334f/Unity.Entities/DefaultWorldInitialization.cs:291)
Unity.Entities.DefaultWorldInitialization:AddSystemsToRootLevelSystemGroups (Unity.Entities.World,Unity.Collections.NativeList`1<Unity.Entities.SystemTypeIndex>) (at ./Library/PackageCache/com.unity.entities@6a355619334f/Unity.Entities/DefaultWorldInitialization.cs:215)
Unity.NetCode.ClientServerBootstrap:CreateServerWorld (string,Unity.Collections.NativeList`1<Unity.Entities.SystemTypeIndex>) (at ./Library/PackageCache/com.unity.netcode@2fb2edf0390f/Runtime/ClientServerWorld/ClientServerBootstrap.cs:390)
Unity.NetCode.ClientServerBootstrap:CreateServerWorld (string) (at ./Library/PackageCache/com.unity.netcode@2fb2edf0390f/Runtime/ClientServerWorld/ClientServerBootstrap.cs:377)
Unity.NetCode.ClientServerBootstrap:CreateDefaultClientServerWorlds () (at ./Library/PackageCache/com.unity.netcode@2fb2edf0390f/Runtime/ClientServerWorld/ClientServerBootstrap.cs:223)
Dumativa.Rasek.Backend.NetcodeBootstrap:Initialize (string) (at Assets/Scripts/_DOTS/Connection/NetcodeBootstrap.cs:82)
Unity.Entities.DefaultWorldInitialization:Initialize (string,bool) (at ./Library/PackageCache/com.unity.entities@6a355619334f/Unity.Entities/DefaultWorldInitialization.cs:134)
Unity.Entities.AutomaticWorldBootstrap:Initialize () (at ./Library/PackageCache/com.unity.entities@6a355619334f/Unity.Entities.Hybrid/Injection/AutomaticWorldBootstrap.cs:16)

[QuestDataSO] Validation <color=green>valid</color> for MQT_006_M
UnityEngine.Debug:Log (object)
Dumativa.Rasek.Quests.QuestDataSO:Validate () (at Assets/Scripts/_DOTS/Quests/QuestDataSO.cs:125)
Dumativa.Rasek.Quests.QuestLibraryInitializationSystem/<>c:<OnCreate>b__3_0 (Dumativa.Rasek.Quests.QuestDataSO) (at Assets/Scripts/_DOTS/Quests/QuestLibraryInitializationSystem.cs:145)
System.Linq.Enumerable:ToArray<Dumativa.Rasek.Quests.QuestDataSO> (System.Collections.Generic.IEnumerable`1<Dumativa.Rasek.Quests.QuestDataSO>)
Dumativa.Rasek.Quests.QuestLibraryInitializationSystem:OnCreate (Unity.Entities.SystemState&) (at Assets/Scripts/_DOTS/Quests/QuestLibraryInitializationSystem.cs:145)
Dumativa.Rasek.Quests.QuestLibraryInitializationSystem:__codegen__OnCreate (intptr,intptr)
Unity.Entities.SystemBaseRegistry:ForwardToManaged (intptr,Unity.Entities.SystemState*,void*) (at ./Library/PackageCache/com.unity.entities@6a355619334f/Unity.Entities/SystemBaseRegistry.cs:364)
Unity.Entities.SystemBaseRegistry:CallForwardingFunction (Unity.Entities.SystemState*,Unity.Entities.UnmanagedSystemFunctionType) (at ./Library/PackageCache/com.unity.entities@6a355619334f/Unity.Entities/SystemBaseRegistry.cs:333)
Unity.Entities.SystemBaseRegistry:CallOnCreate (Unity.Entities.SystemState*) (at ./Library/PackageCache/com.unity.entities@6a355619334f/Unity.Entities/SystemBaseRegistry.cs:370)
Unity.Entities.WorldUnmanagedImpl:CallSystemOnCreateWithCleanup (Unity.Entities.SystemState*) (at ./Library/PackageCache/com.unity.entities@6a355619334f/Unity.Entities/WorldUnmanaged.cs:614)
Unity.Entities.World:GetOrCreateSystemsAndLogException (Unity.Collections.NativeList`1<Unity.Entities.SystemTypeIndex>,int,Unity.Collections.AllocatorManager/AllocatorHandle) (at ./Library/PackageCache/com.unity.entities@6a355619334f/Unity.Entities/World.cs:1282)
Unity.Entities.World:GetOrCreateSystemsAndLogException (Unity.Collections.NativeList`1<Unity.Entities.SystemTypeIndex>,Unity.Collections.AllocatorManager/AllocatorHandle) (at ./Library/PackageCache/com.unity.entities@6a355619334f/Unity.Entities/World.cs:1321)
Unity.Entities.DefaultWorldInitialization:AddSystemToRootLevelSystemGroupsInternal<Unity.Entities.DefaultWorldInitialization/DefaultRootGroups> (Unity.Entities.World,Unity.Collections.NativeList`1<Unity.Entities.SystemTypeIndex>,Unity.Entities.ComponentSystemGroup,Unity.Entities.DefaultWorldInitialization/DefaultRootGroups) (at ./Library/PackageCache/com.unity.entities@6a355619334f/Unity.Entities/DefaultWorldInitialization.cs:252)
Unity.Entities.DefaultWorldInitialization:AddSystemToRootLevelSystemGroupsInternal (Unity.Entities.World,Unity.Collections.NativeList`1<Unity.Entities.SystemTypeIndex>) (at ./Library/PackageCache/com.unity.entities@6a355619334f/Unity.Entities/DefaultWorldInitialization.cs:291)
Unity.Entities.DefaultWorldInitialization:AddSystemsToRootLevelSystemGroups (Unity.Entities.World,Unity.Collections.NativeList`1<Unity.Entities.SystemTypeIndex>) (at ./Library/PackageCache/com.unity.entities@6a355619334f/Unity.Entities/DefaultWorldInitialization.cs:215)
Unity.NetCode.ClientServerBootstrap:CreateServerWorld (string,Unity.Collections.NativeList`1<Unity.Entities.SystemTypeIndex>) (at ./Library/PackageCache/com.unity.netcode@2fb2edf0390f/Runtime/ClientServerWorld/ClientServerBootstrap.cs:390)
Unity.NetCode.ClientServerBootstrap:CreateServerWorld (string) (at ./Library/PackageCache/com.unity.netcode@2fb2edf0390f/Runtime/ClientServerWorld/ClientServerBootstrap.cs:377)
Unity.NetCode.ClientServerBootstrap:CreateDefaultClientServerWorlds () (at ./Library/PackageCache/com.unity.netcode@2fb2edf0390f/Runtime/ClientServerWorld/ClientServerBootstrap.cs:223)
Dumativa.Rasek.Backend.NetcodeBootstrap:Initialize (string) (at Assets/Scripts/_DOTS/Connection/NetcodeBootstrap.cs:82)
Unity.Entities.DefaultWorldInitialization:Initialize (string,bool) (at ./Library/PackageCache/com.unity.entities@6a355619334f/Unity.Entities/DefaultWorldInitialization.cs:134)
Unity.Entities.AutomaticWorldBootstrap:Initialize () (at ./Library/PackageCache/com.unity.entities@6a355619334f/Unity.Entities.Hybrid/Injection/AutomaticWorldBootstrap.cs:16)

[QuestDataSO] Validation <color=green>valid</color> for MQT_006_W
UnityEngine.Debug:Log (object)
Dumativa.Rasek.Quests.QuestDataSO:Validate () (at Assets/Scripts/_DOTS/Quests/QuestDataSO.cs:125)
Dumativa.Rasek.Quests.QuestLibraryInitializationSystem/<>c:<OnCreate>b__3_0 (Dumativa.Rasek.Quests.QuestDataSO) (at Assets/Scripts/_DOTS/Quests/QuestLibraryInitializationSystem.cs:145)
System.Linq.Enumerable:ToArray<Dumativa.Rasek.Quests.QuestDataSO> (System.Collections.Generic.IEnumerable`1<Dumativa.Rasek.Quests.QuestDataSO>)
Dumativa.Rasek.Quests.QuestLibraryInitializationSystem:OnCreate (Unity.Entities.SystemState&) (at Assets/Scripts/_DOTS/Quests/QuestLibraryInitializationSystem.cs:145)
Dumativa.Rasek.Quests.QuestLibraryInitializationSystem:__codegen__OnCreate (intptr,intptr)
Unity.Entities.SystemBaseRegistry:ForwardToManaged (intptr,Unity.Entities.SystemState*,void*) (at ./Library/PackageCache/com.unity.entities@6a355619334f/Unity.Entities/SystemBaseRegistry.cs:364)
Unity.Entities.SystemBaseRegistry:CallForwardingFunction (Unity.Entities.SystemState*,Unity.Entities.UnmanagedSystemFunctionType) (at ./Library/PackageCache/com.unity.entities@6a355619334f/Unity.Entities/SystemBaseRegistry.cs:333)
Unity.Entities.SystemBaseRegistry:CallOnCreate (Unity.Entities.SystemState*) (at ./Library/PackageCache/com.unity.entities@6a355619334f/Unity.Entities/SystemBaseRegistry.cs:370)
Unity.Entities.WorldUnmanagedImpl:CallSystemOnCreateWithCleanup (Unity.Entities.SystemState*) (at ./Library/PackageCache/com.unity.entities@6a355619334f/Unity.Entities/WorldUnmanaged.cs:614)
Unity.Entities.World:GetOrCreateSystemsAndLogException (Unity.Collections.NativeList`1<Unity.Entities.SystemTypeIndex>,int,Unity.Collections.AllocatorManager/AllocatorHandle) (at ./Library/PackageCache/com.unity.entities@6a355619334f/Unity.Entities/World.cs:1282)
Unity.Entities.World:GetOrCreateSystemsAndLogException (Unity.Collections.NativeList`1<Unity.Entities.SystemTypeIndex>,Unity.Collections.AllocatorManager/AllocatorHandle) (at ./Library/PackageCache/com.unity.entities@6a355619334f/Unity.Entities/World.cs:1321)
Unity.Entities.DefaultWorldInitialization:AddSystemToRootLevelSystemGroupsInternal<Unity.Entities.DefaultWorldInitialization/DefaultRootGroups> (Unity.Entities.World,Unity.Collections.NativeList`1<Unity.Entities.SystemTypeIndex>,Unity.Entities.ComponentSystemGroup,Unity.Entities.DefaultWorldInitialization/DefaultRootGroups) (at ./Library/PackageCache/com.unity.entities@6a355619334f/Unity.Entities/DefaultWorldInitialization.cs:252)
Unity.Entities.DefaultWorldInitialization:AddSystemToRootLevelSystemGroupsInternal (Unity.Entities.World,Unity.Collections.NativeList`1<Unity.Entities.SystemTypeIndex>) (at ./Library/PackageCache/com.unity.entities@6a355619334f/Unity.Entities/DefaultWorldInitialization.cs:291)
Unity.Entities.DefaultWorldInitialization:AddSystemsToRootLevelSystemGroups (Unity.Entities.World,Unity.Collections.NativeList`1<Unity.Entities.SystemTypeIndex>) (at ./Library/PackageCache/com.unity.entities@6a355619334f/Unity.Entities/DefaultWorldInitialization.cs:215)
Unity.NetCode.ClientServerBootstrap:CreateServerWorld (string,Unity.Collections.NativeList`1<Unity.Entities.SystemTypeIndex>) (at ./Library/PackageCache/com.unity.netcode@2fb2edf0390f/Runtime/ClientServerWorld/ClientServerBootstrap.cs:390)
Unity.NetCode.ClientServerBootstrap:CreateServerWorld (string) (at ./Library/PackageCache/com.unity.netcode@2fb2edf0390f/Runtime/ClientServerWorld/ClientServerBootstrap.cs:377)
Unity.NetCode.ClientServerBootstrap:CreateDefaultClientServerWorlds () (at ./Library/PackageCache/com.unity.netcode@2fb2edf0390f/Runtime/ClientServerWorld/ClientServerBootstrap.cs:223)
Dumativa.Rasek.Backend.NetcodeBootstrap:Initialize (string) (at Assets/Scripts/_DOTS/Connection/NetcodeBootstrap.cs:82)
Unity.Entities.DefaultWorldInitialization:Initialize (string,bool) (at ./Library/PackageCache/com.unity.entities@6a355619334f/Unity.Entities/DefaultWorldInitialization.cs:134)
Unity.Entities.AutomaticWorldBootstrap:Initialize () (at ./Library/PackageCache/com.unity.entities@6a355619334f/Unity.Entities.Hybrid/Injection/AutomaticWorldBootstrap.cs:16)

[QuestDataSO] Validation <color=green>valid</color> for CQT_A_001
UnityEngine.Debug:Log (object)
Dumativa.Rasek.Quests.QuestDataSO:Validate () (at Assets/Scripts/_DOTS/Quests/QuestDataSO.cs:125)
Dumativa.Rasek.Quests.QuestLibraryInitializationSystem/<>c:<OnCreate>b__3_0 (Dumativa.Rasek.Quests.QuestDataSO) (at Assets/Scripts/_DOTS/Quests/QuestLibraryInitializationSystem.cs:145)
System.Linq.Enumerable:ToArray<Dumativa.Rasek.Quests.QuestDataSO> (System.Collections.Generic.IEnumerable`1<Dumativa.Rasek.Quests.QuestDataSO>)
Dumativa.Rasek.Quests.QuestLibraryInitializationSystem:OnCreate (Unity.Entities.SystemState&) (at Assets/Scripts/_DOTS/Quests/QuestLibraryInitializationSystem.cs:145)
Dumativa.Rasek.Quests.QuestLibraryInitializationSystem:__codegen__OnCreate (intptr,intptr)
Unity.Entities.SystemBaseRegistry:ForwardToManaged (intptr,Unity.Entities.SystemState*,void*) (at ./Library/PackageCache/com.unity.entities@6a355619334f/Unity.Entities/SystemBaseRegistry.cs:364)
Unity.Entities.SystemBaseRegistry:CallForwardingFunction (Unity.Entities.SystemState*,Unity.Entities.UnmanagedSystemFunctionType) (at ./Library/PackageCache/com.unity.entities@6a355619334f/Unity.Entities/SystemBaseRegistry.cs:333)
Unity.Entities.SystemBaseRegistry:CallOnCreate (Unity.Entities.SystemState*) (at ./Library/PackageCache/com.unity.entities@6a355619334f/Unity.Entities/SystemBaseRegistry.cs:370)
Unity.Entities.WorldUnmanagedImpl:CallSystemOnCreateWithCleanup (Unity.Entities.SystemState*) (at ./Library/PackageCache/com.unity.entities@6a355619334f/Unity.Entities/WorldUnmanaged.cs:614)
Unity.Entities.World:GetOrCreateSystemsAndLogException (Unity.Collections.NativeList`1<Unity.Entities.SystemTypeIndex>,int,Unity.Collections.AllocatorManager/AllocatorHandle) (at ./Library/PackageCache/com.unity.entities@6a355619334f/Unity.Entities/World.cs:1282)
Unity.Entities.World:GetOrCreateSystemsAndLogException (Unity.Collections.NativeList`1<Unity.Entities.SystemTypeIndex>,Unity.Collections.AllocatorManager/AllocatorHandle) (at ./Library/PackageCache/com.unity.entities@6a355619334f/Unity.Entities/World.cs:1321)
Unity.Entities.DefaultWorldInitialization:AddSystemToRootLevelSystemGroupsInternal<Unity.Entities.DefaultWorldInitialization/DefaultRootGroups> (Unity.Entities.World,Unity.Collections.NativeList`1<Unity.Entities.SystemTypeIndex>,Unity.Entities.ComponentSystemGroup,Unity.Entities.DefaultWorldInitialization/DefaultRootGroups) (at ./Library/PackageCache/com.unity.entities@6a355619334f/Unity.Entities/DefaultWorldInitialization.cs:252)
Unity.Entities.DefaultWorldInitialization:AddSystemToRootLevelSystemGroupsInternal (Unity.Entities.World,Unity.Collections.NativeList`1<Unity.Entities.SystemTypeIndex>) (at ./Library/PackageCache/com.unity.entities@6a355619334f/Unity.Entities/DefaultWorldInitialization.cs:291)
Unity.Entities.DefaultWorldInitialization:AddSystemsToRootLevelSystemGroups (Unity.Entities.World,Unity.Collections.NativeList`1<Unity.Entities.SystemTypeIndex>) (at ./Library/PackageCache/com.unity.entities@6a355619334f/Unity.Entities/DefaultWorldInitialization.cs:215)
Unity.NetCode.ClientServerBootstrap:CreateServerWorld (string,Unity.Collections.NativeList`1<Unity.Entities.SystemTypeIndex>) (at ./Library/PackageCache/com.unity.netcode@2fb2edf0390f/Runtime/ClientServerWorld/ClientServerBootstrap.cs:390)
Unity.NetCode.ClientServerBootstrap:CreateServerWorld (string) (at ./Library/PackageCache/com.unity.netcode@2fb2edf0390f/Runtime/ClientServerWorld/ClientServerBootstrap.cs:377)
Unity.NetCode.ClientServerBootstrap:CreateDefaultClientServerWorlds () (at ./Library/PackageCache/com.unity.netcode@2fb2edf0390f/Runtime/ClientServerWorld/ClientServerBootstrap.cs:223)
Dumativa.Rasek.Backend.NetcodeBootstrap:Initialize (string) (at Assets/Scripts/_DOTS/Connection/NetcodeBootstrap.cs:82)
Unity.Entities.DefaultWorldInitialization:Initialize (string,bool) (at ./Library/PackageCache/com.unity.entities@6a355619334f/Unity.Entities/DefaultWorldInitialization.cs:134)
Unity.Entities.AutomaticWorldBootstrap:Initialize () (at ./Library/PackageCache/com.unity.entities@6a355619334f/Unity.Entities.Hybrid/Injection/AutomaticWorldBootstrap.cs:16)

[QuestDataSO] Validation <color=green>valid</color> for CQT_A_002
UnityEngine.Debug:Log (object)
Dumativa.Rasek.Quests.QuestDataSO:Validate () (at Assets/Scripts/_DOTS/Quests/QuestDataSO.cs:125)
Dumativa.Rasek.Quests.QuestLibraryInitializationSystem/<>c:<OnCreate>b__3_0 (Dumativa.Rasek.Quests.QuestDataSO) (at Assets/Scripts/_DOTS/Quests/QuestLibraryInitializationSystem.cs:145)
System.Linq.Enumerable:ToArray<Dumativa.Rasek.Quests.QuestDataSO> (System.Collections.Generic.IEnumerable`1<Dumativa.Rasek.Quests.QuestDataSO>)
Dumativa.Rasek.Quests.QuestLibraryInitializationSystem:OnCreate (Unity.Entities.SystemState&) (at Assets/Scripts/_DOTS/Quests/QuestLibraryInitializationSystem.cs:145)
Dumativa.Rasek.Quests.QuestLibraryInitializationSystem:__codegen__OnCreate (intptr,intptr)
Unity.Entities.SystemBaseRegistry:ForwardToManaged (intptr,Unity.Entities.SystemState*,void*) (at ./Library/PackageCache/com.unity.entities@6a355619334f/Unity.Entities/SystemBaseRegistry.cs:364)
Unity.Entities.SystemBaseRegistry:CallForwardingFunction (Unity.Entities.SystemState*,Unity.Entities.UnmanagedSystemFunctionType) (at ./Library/PackageCache/com.unity.entities@6a355619334f/Unity.Entities/SystemBaseRegistry.cs:333)
Unity.Entities.SystemBaseRegistry:CallOnCreate (Unity.Entities.SystemState*) (at ./Library/PackageCache/com.unity.entities@6a355619334f/Unity.Entities/SystemBaseRegistry.cs:370)
Unity.Entities.WorldUnmanagedImpl:CallSystemOnCreateWithCleanup (Unity.Entities.SystemState*) (at ./Library/PackageCache/com.unity.entities@6a355619334f/Unity.Entities/WorldUnmanaged.cs:614)
Unity.Entities.World:GetOrCreateSystemsAndLogException (Unity.Collections.NativeList`1<Unity.Entities.SystemTypeIndex>,int,Unity.Collections.AllocatorManager/AllocatorHandle) (at ./Library/PackageCache/com.unity.entities@6a355619334f/Unity.Entities/World.cs:1282)
Unity.Entities.World:GetOrCreateSystemsAndLogException (Unity.Collections.NativeList`1<Unity.Entities.SystemTypeIndex>,Unity.Collections.AllocatorManager/AllocatorHandle) (at ./Library/PackageCache/com.unity.entities@6a355619334f/Unity.Entities/World.cs:1321)
Unity.Entities.DefaultWorldInitialization:AddSystemToRootLevelSystemGroupsInternal<Unity.Entities.DefaultWorldInitialization/DefaultRootGroups> (Unity.Entities.World,Unity.Collections.NativeList`1<Unity.Entities.SystemTypeIndex>,Unity.Entities.ComponentSystemGroup,Unity.Entities.DefaultWorldInitialization/DefaultRootGroups) (at ./Library/PackageCache/com.unity.entities@6a355619334f/Unity.Entities/DefaultWorldInitialization.cs:252)
Unity.Entities.DefaultWorldInitialization:AddSystemToRootLevelSystemGroupsInternal (Unity.Entities.World,Unity.Collections.NativeList`1<Unity.Entities.SystemTypeIndex>) (at ./Library/PackageCache/com.unity.entities@6a355619334f/Unity.Entities/DefaultWorldInitialization.cs:291)
Unity.Entities.DefaultWorldInitialization:AddSystemsToRootLevelSystemGroups (Unity.Entities.World,Unity.Collections.NativeList`1<Unity.Entities.SystemTypeIndex>) (at ./Library/PackageCache/com.unity.entities@6a355619334f/Unity.Entities/DefaultWorldInitialization.cs:215)
Unity.NetCode.ClientServerBootstrap:CreateServerWorld (string,Unity.Collections.NativeList`1<Unity.Entities.SystemTypeIndex>) (at ./Library/PackageCache/com.unity.netcode@2fb2edf0390f/Runtime/ClientServerWorld/ClientServerBootstrap.cs:390)
Unity.NetCode.ClientServerBootstrap:CreateServerWorld (string) (at ./Library/PackageCache/com.unity.netcode@2fb2edf0390f/Runtime/ClientServerWorld/ClientServerBootstrap.cs:377)
Unity.NetCode.ClientServerBootstrap:CreateDefaultClientServerWorlds () (at ./Library/PackageCache/com.unity.netcode@2fb2edf0390f/Runtime/ClientServerWorld/ClientServerBootstrap.cs:223)
Dumativa.Rasek.Backend.NetcodeBootstrap:Initialize (string) (at Assets/Scripts/_DOTS/Connection/NetcodeBootstrap.cs:82)
Unity.Entities.DefaultWorldInitialization:Initialize (string,bool) (at ./Library/PackageCache/com.unity.entities@6a355619334f/Unity.Entities/DefaultWorldInitialization.cs:134)
Unity.Entities.AutomaticWorldBootstrap:Initialize () (at ./Library/PackageCache/com.unity.entities@6a355619334f/Unity.Entities.Hybrid/Injection/AutomaticWorldBootstrap.cs:16)

[QuestDataSO] Validation <color=green>valid</color> for CQT_A_003
UnityEngine.Debug:Log (object)
Dumativa.Rasek.Quests.QuestDataSO:Validate () (at Assets/Scripts/_DOTS/Quests/QuestDataSO.cs:125)
Dumativa.Rasek.Quests.QuestLibraryInitializationSystem/<>c:<OnCreate>b__3_0 (Dumativa.Rasek.Quests.QuestDataSO) (at Assets/Scripts/_DOTS/Quests/QuestLibraryInitializationSystem.cs:145)
System.Linq.Enumerable:ToArray<Dumativa.Rasek.Quests.QuestDataSO> (System.Collections.Generic.IEnumerable`1<Dumativa.Rasek.Quests.QuestDataSO>)
Dumativa.Rasek.Quests.QuestLibraryInitializationSystem:OnCreate (Unity.Entities.SystemState&) (at Assets/Scripts/_DOTS/Quests/QuestLibraryInitializationSystem.cs:145)
Dumativa.Rasek.Quests.QuestLibraryInitializationSystem:__codegen__OnCreate (intptr,intptr)
Unity.Entities.SystemBaseRegistry:ForwardToManaged (intptr,Unity.Entities.SystemState*,void*) (at ./Library/PackageCache/com.unity.entities@6a355619334f/Unity.Entities/SystemBaseRegistry.cs:364)
Unity.Entities.SystemBaseRegistry:CallForwardingFunction (Unity.Entities.SystemState*,Unity.Entities.UnmanagedSystemFunctionType) (at ./Library/PackageCache/com.unity.entities@6a355619334f/Unity.Entities/SystemBaseRegistry.cs:333)
Unity.Entities.SystemBaseRegistry:CallOnCreate (Unity.Entities.SystemState*) (at ./Library/PackageCache/com.unity.entities@6a355619334f/Unity.Entities/SystemBaseRegistry.cs:370)
Unity.Entities.WorldUnmanagedImpl:CallSystemOnCreateWithCleanup (Unity.Entities.SystemState*) (at ./Library/PackageCache/com.unity.entities@6a355619334f/Unity.Entities/WorldUnmanaged.cs:614)
Unity.Entities.World:GetOrCreateSystemsAndLogException (Unity.Collections.NativeList`1<Unity.Entities.SystemTypeIndex>,int,Unity.Collections.AllocatorManager/AllocatorHandle) (at ./Library/PackageCache/com.unity.entities@6a355619334f/Unity.Entities/World.cs:1282)
Unity.Entities.World:GetOrCreateSystemsAndLogException (Unity.Collections.NativeList`1<Unity.Entities.SystemTypeIndex>,Unity.Collections.AllocatorManager/AllocatorHandle) (at ./Library/PackageCache/com.unity.entities@6a355619334f/Unity.Entities/World.cs:1321)
Unity.Entities.DefaultWorldInitialization:AddSystemToRootLevelSystemGroupsInternal<Unity.Entities.DefaultWorldInitialization/DefaultRootGroups> (Unity.Entities.World,Unity.Collections.NativeList`1<Unity.Entities.SystemTypeIndex>,Unity.Entities.ComponentSystemGroup,Unity.Entities.DefaultWorldInitialization/DefaultRootGroups) (at ./Library/PackageCache/com.unity.entities@6a355619334f/Unity.Entities/DefaultWorldInitialization.cs:252)
Unity.Entities.DefaultWorldInitialization:AddSystemToRootLevelSystemGroupsInternal (Unity.Entities.World,Unity.Collections.NativeList`1<Unity.Entities.SystemTypeIndex>) (at ./Library/PackageCache/com.unity.entities@6a355619334f/Unity.Entities/DefaultWorldInitialization.cs:291)
Unity.Entities.DefaultWorldInitialization:AddSystemsToRootLevelSystemGroups (Unity.Entities.World,Unity.Collections.NativeList`1<Unity.Entities.SystemTypeIndex>) (at ./Library/PackageCache/com.unity.entities@6a355619334f/Unity.Entities/DefaultWorldInitialization.cs:215)
Unity.NetCode.ClientServerBootstrap:CreateServerWorld (string,Unity.Collections.NativeList`1<Unity.Entities.SystemTypeIndex>) (at ./Library/PackageCache/com.unity.netcode@2fb2edf0390f/Runtime/ClientServerWorld/ClientServerBootstrap.cs:390)
Unity.NetCode.ClientServerBootstrap:CreateServerWorld (string) (at ./Library/PackageCache/com.unity.netcode@2fb2edf0390f/Runtime/ClientServerWorld/ClientServerBootstrap.cs:377)
Unity.NetCode.ClientServerBootstrap:CreateDefaultClientServerWorlds () (at ./Library/PackageCache/com.unity.netcode@2fb2edf0390f/Runtime/ClientServerWorld/ClientServerBootstrap.cs:223)
Dumativa.Rasek.Backend.NetcodeBootstrap:Initialize (string) (at Assets/Scripts/_DOTS/Connection/NetcodeBootstrap.cs:82)
Unity.Entities.DefaultWorldInitialization:Initialize (string,bool) (at ./Library/PackageCache/com.unity.entities@6a355619334f/Unity.Entities/DefaultWorldInitialization.cs:134)
Unity.Entities.AutomaticWorldBootstrap:Initialize () (at ./Library/PackageCache/com.unity.entities@6a355619334f/Unity.Entities.Hybrid/Injection/AutomaticWorldBootstrap.cs:16)

[QuestDataSO] Validation <color=green>valid</color> for CQT_C_001
UnityEngine.Debug:Log (object)
Dumativa.Rasek.Quests.QuestDataSO:Validate () (at Assets/Scripts/_DOTS/Quests/QuestDataSO.cs:125)
Dumativa.Rasek.Quests.QuestLibraryInitializationSystem/<>c:<OnCreate>b__3_0 (Dumativa.Rasek.Quests.QuestDataSO) (at Assets/Scripts/_DOTS/Quests/QuestLibraryInitializationSystem.cs:145)
System.Linq.Enumerable:ToArray<Dumativa.Rasek.Quests.QuestDataSO> (System.Collections.Generic.IEnumerable`1<Dumativa.Rasek.Quests.QuestDataSO>)
Dumativa.Rasek.Quests.QuestLibraryInitializationSystem:OnCreate (Unity.Entities.SystemState&) (at Assets/Scripts/_DOTS/Quests/QuestLibraryInitializationSystem.cs:145)
Dumativa.Rasek.Quests.QuestLibraryInitializationSystem:__codegen__OnCreate (intptr,intptr)
Unity.Entities.SystemBaseRegistry:ForwardToManaged (intptr,Unity.Entities.SystemState*,void*) (at ./Library/PackageCache/com.unity.entities@6a355619334f/Unity.Entities/SystemBaseRegistry.cs:364)
Unity.Entities.SystemBaseRegistry:CallForwardingFunction (Unity.Entities.SystemState*,Unity.Entities.UnmanagedSystemFunctionType) (at ./Library/PackageCache/com.unity.entities@6a355619334f/Unity.Entities/SystemBaseRegistry.cs:333)
Unity.Entities.SystemBaseRegistry:CallOnCreate (Unity.Entities.SystemState*) (at ./Library/PackageCache/com.unity.entities@6a355619334f/Unity.Entities/SystemBaseRegistry.cs:370)
Unity.Entities.WorldUnmanagedImpl:CallSystemOnCreateWithCleanup (Unity.Entities.SystemState*) (at ./Library/PackageCache/com.unity.entities@6a355619334f/Unity.Entities/WorldUnmanaged.cs:614)
Unity.Entities.World:GetOrCreateSystemsAndLogException (Unity.Collections.NativeList`1<Unity.Entities.SystemTypeIndex>,int,Unity.Collections.AllocatorManager/AllocatorHandle) (at ./Library/PackageCache/com.unity.entities@6a355619334f/Unity.Entities/World.cs:1282)
Unity.Entities.World:GetOrCreateSystemsAndLogException (Unity.Collections.NativeList`1<Unity.Entities.SystemTypeIndex>,Unity.Collections.AllocatorManager/AllocatorHandle) (at ./Library/PackageCache/com.unity.entities@6a355619334f/Unity.Entities/World.cs:1321)
Unity.Entities.DefaultWorldInitialization:AddSystemToRootLevelSystemGroupsInternal<Unity.Entities.DefaultWorldInitialization/DefaultRootGroups> (Unity.Entities.World,Unity.Collections.NativeList`1<Unity.Entities.SystemTypeIndex>,Unity.Entities.ComponentSystemGroup,Unity.Entities.DefaultWorldInitialization/DefaultRootGroups) (at ./Library/PackageCache/com.unity.entities@6a355619334f/Unity.Entities/DefaultWorldInitialization.cs:252)
Unity.Entities.DefaultWorldInitialization:AddSystemToRootLevelSystemGroupsInternal (Unity.Entities.World,Unity.Collections.NativeList`1<Unity.Entities.SystemTypeIndex>) (at ./Library/PackageCache/com.unity.entities@6a355619334f/Unity.Entities/DefaultWorldInitialization.cs:291)
Unity.Entities.DefaultWorldInitialization:AddSystemsToRootLevelSystemGroups (Unity.Entities.World,Unity.Collections.NativeList`1<Unity.Entities.SystemTypeIndex>) (at ./Library/PackageCache/com.unity.entities@6a355619334f/Unity.Entities/DefaultWorldInitialization.cs:215)
Unity.NetCode.ClientServerBootstrap:CreateServerWorld (string,Unity.Collections.NativeList`1<Unity.Entities.SystemTypeIndex>) (at ./Library/PackageCache/com.unity.netcode@2fb2edf0390f/Runtime/ClientServerWorld/ClientServerBootstrap.cs:390)
Unity.NetCode.ClientServerBootstrap:CreateServerWorld (string) (at ./Library/PackageCache/com.unity.netcode@2fb2edf0390f/Runtime/ClientServerWorld/ClientServerBootstrap.cs:377)
Unity.NetCode.ClientServerBootstrap:CreateDefaultClientServerWorlds () (at ./Library/PackageCache/com.unity.netcode@2fb2edf0390f/Runtime/ClientServerWorld/ClientServerBootstrap.cs:223)
Dumativa.Rasek.Backend.NetcodeBootstrap:Initialize (string) (at Assets/Scripts/_DOTS/Connection/NetcodeBootstrap.cs:82)
Unity.Entities.DefaultWorldInitialization:Initialize (string,bool) (at ./Library/PackageCache/com.unity.entities@6a355619334f/Unity.Entities/DefaultWorldInitialization.cs:134)
Unity.Entities.AutomaticWorldBootstrap:Initialize () (at ./Library/PackageCache/com.unity.entities@6a355619334f/Unity.Entities.Hybrid/Injection/AutomaticWorldBootstrap.cs:16)

[QuestDataSO] Validation <color=green>valid</color> for CQT_C_002
UnityEngine.Debug:Log (object)
Dumativa.Rasek.Quests.QuestDataSO:Validate () (at Assets/Scripts/_DOTS/Quests/QuestDataSO.cs:125)
Dumativa.Rasek.Quests.QuestLibraryInitializationSystem/<>c:<OnCreate>b__3_0 (Dumativa.Rasek.Quests.QuestDataSO) (at Assets/Scripts/_DOTS/Quests/QuestLibraryInitializationSystem.cs:145)
System.Linq.Enumerable:ToArray<Dumativa.Rasek.Quests.QuestDataSO> (System.Collections.Generic.IEnumerable`1<Dumativa.Rasek.Quests.QuestDataSO>)
Dumativa.Rasek.Quests.QuestLibraryInitializationSystem:OnCreate (Unity.Entities.SystemState&) (at Assets/Scripts/_DOTS/Quests/QuestLibraryInitializationSystem.cs:145)
Dumativa.Rasek.Quests.QuestLibraryInitializationSystem:__codegen__OnCreate (intptr,intptr)
Unity.Entities.SystemBaseRegistry:ForwardToManaged (intptr,Unity.Entities.SystemState*,void*) (at ./Library/PackageCache/com.unity.entities@6a355619334f/Unity.Entities/SystemBaseRegistry.cs:364)
Unity.Entities.SystemBaseRegistry:CallForwardingFunction (Unity.Entities.SystemState*,Unity.Entities.UnmanagedSystemFunctionType) (at ./Library/PackageCache/com.unity.entities@6a355619334f/Unity.Entities/SystemBaseRegistry.cs:333)
Unity.Entities.SystemBaseRegistry:CallOnCreate (Unity.Entities.SystemState*) (at ./Library/PackageCache/com.unity.entities@6a355619334f/Unity.Entities/SystemBaseRegistry.cs:370)
Unity.Entities.WorldUnmanagedImpl:CallSystemOnCreateWithCleanup (Unity.Entities.SystemState*) (at ./Library/PackageCache/com.unity.entities@6a355619334f/Unity.Entities/WorldUnmanaged.cs:614)
Unity.Entities.World:GetOrCreateSystemsAndLogException (Unity.Collections.NativeList`1<Unity.Entities.SystemTypeIndex>,int,Unity.Collections.AllocatorManager/AllocatorHandle) (at ./Library/PackageCache/com.unity.entities@6a355619334f/Unity.Entities/World.cs:1282)
Unity.Entities.World:GetOrCreateSystemsAndLogException (Unity.Collections.NativeList`1<Unity.Entities.SystemTypeIndex>,Unity.Collections.AllocatorManager/AllocatorHandle) (at ./Library/PackageCache/com.unity.entities@6a355619334f/Unity.Entities/World.cs:1321)
Unity.Entities.DefaultWorldInitialization:AddSystemToRootLevelSystemGroupsInternal<Unity.Entities.DefaultWorldInitialization/DefaultRootGroups> (Unity.Entities.World,Unity.Collections.NativeList`1<Unity.Entities.SystemTypeIndex>,Unity.Entities.ComponentSystemGroup,Unity.Entities.DefaultWorldInitialization/DefaultRootGroups) (at ./Library/PackageCache/com.unity.entities@6a355619334f/Unity.Entities/DefaultWorldInitialization.cs:252)
Unity.Entities.DefaultWorldInitialization:AddSystemToRootLevelSystemGroupsInternal (Unity.Entities.World,Unity.Collections.NativeList`1<Unity.Entities.SystemTypeIndex>) (at ./Library/PackageCache/com.unity.entities@6a355619334f/Unity.Entities/DefaultWorldInitialization.cs:291)
Unity.Entities.DefaultWorldInitialization:AddSystemsToRootLevelSystemGroups (Unity.Entities.World,Unity.Collections.NativeList`1<Unity.Entities.SystemTypeIndex>) (at ./Library/PackageCache/com.unity.entities@6a355619334f/Unity.Entities/DefaultWorldInitialization.cs:215)
Unity.NetCode.ClientServerBootstrap:CreateServerWorld (string,Unity.Collections.NativeList`1<Unity.Entities.SystemTypeIndex>) (at ./Library/PackageCache/com.unity.netcode@2fb2edf0390f/Runtime/ClientServerWorld/ClientServerBootstrap.cs:390)
Unity.NetCode.ClientServerBootstrap:CreateServerWorld (string) (at ./Library/PackageCache/com.unity.netcode@2fb2edf0390f/Runtime/ClientServerWorld/ClientServerBootstrap.cs:377)
Unity.NetCode.ClientServerBootstrap:CreateDefaultClientServerWorlds () (at ./Library/PackageCache/com.unity.netcode@2fb2edf0390f/Runtime/ClientServerWorld/ClientServerBootstrap.cs:223)
Dumativa.Rasek.Backend.NetcodeBootstrap:Initialize (string) (at Assets/Scripts/_DOTS/Connection/NetcodeBootstrap.cs:82)
Unity.Entities.DefaultWorldInitialization:Initialize (string,bool) (at ./Library/PackageCache/com.unity.entities@6a355619334f/Unity.Entities/DefaultWorldInitialization.cs:134)
Unity.Entities.AutomaticWorldBootstrap:Initialize () (at ./Library/PackageCache/com.unity.entities@6a355619334f/Unity.Entities.Hybrid/Injection/AutomaticWorldBootstrap.cs:16)

[QuestDataSO] Validation <color=green>valid</color> for CQT_C_003
UnityEngine.Debug:Log (object)
Dumativa.Rasek.Quests.QuestDataSO:Validate () (at Assets/Scripts/_DOTS/Quests/QuestDataSO.cs:125)
Dumativa.Rasek.Quests.QuestLibraryInitializationSystem/<>c:<OnCreate>b__3_0 (Dumativa.Rasek.Quests.QuestDataSO) (at Assets/Scripts/_DOTS/Quests/QuestLibraryInitializationSystem.cs:145)
System.Linq.Enumerable:ToArray<Dumativa.Rasek.Quests.QuestDataSO> (System.Collections.Generic.IEnumerable`1<Dumativa.Rasek.Quests.QuestDataSO>)
Dumativa.Rasek.Quests.QuestLibraryInitializationSystem:OnCreate (Unity.Entities.SystemState&) (at Assets/Scripts/_DOTS/Quests/QuestLibraryInitializationSystem.cs:145)
Dumativa.Rasek.Quests.QuestLibraryInitializationSystem:__codegen__OnCreate (intptr,intptr)
Unity.Entities.SystemBaseRegistry:ForwardToManaged (intptr,Unity.Entities.SystemState*,void*) (at ./Library/PackageCache/com.unity.entities@6a355619334f/Unity.Entities/SystemBaseRegistry.cs:364)
Unity.Entities.SystemBaseRegistry:CallForwardingFunction (Unity.Entities.SystemState*,Unity.Entities.UnmanagedSystemFunctionType) (at ./Library/PackageCache/com.unity.entities@6a355619334f/Unity.Entities/SystemBaseRegistry.cs:333)
Unity.Entities.SystemBaseRegistry:CallOnCreate (Unity.Entities.SystemState*) (at ./Library/PackageCache/com.unity.entities@6a355619334f/Unity.Entities/SystemBaseRegistry.cs:370)
Unity.Entities.WorldUnmanagedImpl:CallSystemOnCreateWithCleanup (Unity.Entities.SystemState*) (at ./Library/PackageCache/com.unity.entities@6a355619334f/Unity.Entities/WorldUnmanaged.cs:614)
Unity.Entities.World:GetOrCreateSystemsAndLogException (Unity.Collections.NativeList`1<Unity.Entities.SystemTypeIndex>,int,Unity.Collections.AllocatorManager/AllocatorHandle) (at ./Library/PackageCache/com.unity.entities@6a355619334f/Unity.Entities/World.cs:1282)
Unity.Entities.World:GetOrCreateSystemsAndLogException (Unity.Collections.NativeList`1<Unity.Entities.SystemTypeIndex>,Unity.Collections.AllocatorManager/AllocatorHandle) (at ./Library/PackageCache/com.unity.entities@6a355619334f/Unity.Entities/World.cs:1321)
Unity.Entities.DefaultWorldInitialization:AddSystemToRootLevelSystemGroupsInternal<Unity.Entities.DefaultWorldInitialization/DefaultRootGroups> (Unity.Entities.World,Unity.Collections.NativeList`1<Unity.Entities.SystemTypeIndex>,Unity.Entities.ComponentSystemGroup,Unity.Entities.DefaultWorldInitialization/DefaultRootGroups) (at ./Library/PackageCache/com.unity.entities@6a355619334f/Unity.Entities/DefaultWorldInitialization.cs:252)
Unity.Entities.DefaultWorldInitialization:AddSystemToRootLevelSystemGroupsInternal (Unity.Entities.World,Unity.Collections.NativeList`1<Unity.Entities.SystemTypeIndex>) (at ./Library/PackageCache/com.unity.entities@6a355619334f/Unity.Entities/DefaultWorldInitialization.cs:291)
Unity.Entities.DefaultWorldInitialization:AddSystemsToRootLevelSystemGroups (Unity.Entities.World,Unity.Collections.NativeList`1<Unity.Entities.SystemTypeIndex>) (at ./Library/PackageCache/com.unity.entities@6a355619334f/Unity.Entities/DefaultWorldInitialization.cs:215)
Unity.NetCode.ClientServerBootstrap:CreateServerWorld (string,Unity.Collections.NativeList`1<Unity.Entities.SystemTypeIndex>) (at ./Library/PackageCache/com.unity.netcode@2fb2edf0390f/Runtime/ClientServerWorld/ClientServerBootstrap.cs:390)
Unity.NetCode.ClientServerBootstrap:CreateServerWorld (string) (at ./Library/PackageCache/com.unity.netcode@2fb2edf0390f/Runtime/ClientServerWorld/ClientServerBootstrap.cs:377)
Unity.NetCode.ClientServerBootstrap:CreateDefaultClientServerWorlds () (at ./Library/PackageCache/com.unity.netcode@2fb2edf0390f/Runtime/ClientServerWorld/ClientServerBootstrap.cs:223)
Dumativa.Rasek.Backend.NetcodeBootstrap:Initialize (string) (at Assets/Scripts/_DOTS/Connection/NetcodeBootstrap.cs:82)
Unity.Entities.DefaultWorldInitialization:Initialize (string,bool) (at ./Library/PackageCache/com.unity.entities@6a355619334f/Unity.Entities/DefaultWorldInitialization.cs:134)
Unity.Entities.AutomaticWorldBootstrap:Initialize () (at ./Library/PackageCache/com.unity.entities@6a355619334f/Unity.Entities.Hybrid/Injection/AutomaticWorldBootstrap.cs:16)

[QuestDataSO] Validation <color=red>error</color> for CQT_M_001 | Errors below
- <b>Rewarded skill</b> must not be null at index 0.

UnityEngine.Debug:LogError (object,UnityEngine.Object)
Dumativa.Rasek.Quests.QuestDataSO:Validate () (at Assets/Scripts/_DOTS/Quests/QuestDataSO.cs:124)
Dumativa.Rasek.Quests.QuestLibraryInitializationSystem/<>c:<OnCreate>b__3_0 (Dumativa.Rasek.Quests.QuestDataSO) (at Assets/Scripts/_DOTS/Quests/QuestLibraryInitializationSystem.cs:145)
System.Linq.Enumerable:ToArray<Dumativa.Rasek.Quests.QuestDataSO> (System.Collections.Generic.IEnumerable`1<Dumativa.Rasek.Quests.QuestDataSO>)
Dumativa.Rasek.Quests.QuestLibraryInitializationSystem:OnCreate (Unity.Entities.SystemState&) (at Assets/Scripts/_DOTS/Quests/QuestLibraryInitializationSystem.cs:145)
Dumativa.Rasek.Quests.QuestLibraryInitializationSystem:__codegen__OnCreate (intptr,intptr)
Unity.Entities.SystemBaseRegistry:ForwardToManaged (intptr,Unity.Entities.SystemState*,void*) (at ./Library/PackageCache/com.unity.entities@6a355619334f/Unity.Entities/SystemBaseRegistry.cs:364)
Unity.Entities.SystemBaseRegistry:CallForwardingFunction (Unity.Entities.SystemState*,Unity.Entities.UnmanagedSystemFunctionType) (at ./Library/PackageCache/com.unity.entities@6a355619334f/Unity.Entities/SystemBaseRegistry.cs:333)
Unity.Entities.SystemBaseRegistry:CallOnCreate (Unity.Entities.SystemState*) (at ./Library/PackageCache/com.unity.entities@6a355619334f/Unity.Entities/SystemBaseRegistry.cs:370)
Unity.Entities.WorldUnmanagedImpl:CallSystemOnCreateWithCleanup (Unity.Entities.SystemState*) (at ./Library/PackageCache/com.unity.entities@6a355619334f/Unity.Entities/WorldUnmanaged.cs:614)
Unity.Entities.World:GetOrCreateSystemsAndLogException (Unity.Collections.NativeList`1<Unity.Entities.SystemTypeIndex>,int,Unity.Collections.AllocatorManager/AllocatorHandle) (at ./Library/PackageCache/com.unity.entities@6a355619334f/Unity.Entities/World.cs:1282)
Unity.Entities.World:GetOrCreateSystemsAndLogException (Unity.Collections.NativeList`1<Unity.Entities.SystemTypeIndex>,Unity.Collections.AllocatorManager/AllocatorHandle) (at ./Library/PackageCache/com.unity.entities@6a355619334f/Unity.Entities/World.cs:1321)
Unity.Entities.DefaultWorldInitialization:AddSystemToRootLevelSystemGroupsInternal<Unity.Entities.DefaultWorldInitialization/DefaultRootGroups> (Unity.Entities.World,Unity.Collections.NativeList`1<Unity.Entities.SystemTypeIndex>,Unity.Entities.ComponentSystemGroup,Unity.Entities.DefaultWorldInitialization/DefaultRootGroups) (at ./Library/PackageCache/com.unity.entities@6a355619334f/Unity.Entities/DefaultWorldInitialization.cs:252)
Unity.Entities.DefaultWorldInitialization:AddSystemToRootLevelSystemGroupsInternal (Unity.Entities.World,Unity.Collections.NativeList`1<Unity.Entities.SystemTypeIndex>) (at ./Library/PackageCache/com.unity.entities@6a355619334f/Unity.Entities/DefaultWorldInitialization.cs:291)
Unity.Entities.DefaultWorldInitialization:AddSystemsToRootLevelSystemGroups (Unity.Entities.World,Unity.Collections.NativeList`1<Unity.Entities.SystemTypeIndex>) (at ./Library/PackageCache/com.unity.entities@6a355619334f/Unity.Entities/DefaultWorldInitialization.cs:215)
Unity.NetCode.ClientServerBootstrap:CreateServerWorld (string,Unity.Collections.NativeList`1<Unity.Entities.SystemTypeIndex>) (at ./Library/PackageCache/com.unity.netcode@2fb2edf0390f/Runtime/ClientServerWorld/ClientServerBootstrap.cs:390)
Unity.NetCode.ClientServerBootstrap:CreateServerWorld (string) (at ./Library/PackageCache/com.unity.netcode@2fb2edf0390f/Runtime/ClientServerWorld/ClientServerBootstrap.cs:377)
Unity.NetCode.ClientServerBootstrap:CreateDefaultClientServerWorlds () (at ./Library/PackageCache/com.unity.netcode@2fb2edf0390f/Runtime/ClientServerWorld/ClientServerBootstrap.cs:223)
Dumativa.Rasek.Backend.NetcodeBootstrap:Initialize (string) (at Assets/Scripts/_DOTS/Connection/NetcodeBootstrap.cs:82)
Unity.Entities.DefaultWorldInitialization:Initialize (string,bool) (at ./Library/PackageCache/com.unity.entities@6a355619334f/Unity.Entities/DefaultWorldInitialization.cs:134)
Unity.Entities.AutomaticWorldBootstrap:Initialize () (at ./Library/PackageCache/com.unity.entities@6a355619334f/Unity.Entities.Hybrid/Injection/AutomaticWorldBootstrap.cs:16)

[QuestDataSO] Validation <color=red>error</color> for CQT_M_002 | Errors below
- <b>Rewarded skill</b> must not be null at index 0.

UnityEngine.Debug:LogError (object,UnityEngine.Object)
Dumativa.Rasek.Quests.QuestDataSO:Validate () (at Assets/Scripts/_DOTS/Quests/QuestDataSO.cs:124)
Dumativa.Rasek.Quests.QuestLibraryInitializationSystem/<>c:<OnCreate>b__3_0 (Dumativa.Rasek.Quests.QuestDataSO) (at Assets/Scripts/_DOTS/Quests/QuestLibraryInitializationSystem.cs:145)
System.Linq.Enumerable:ToArray<Dumativa.Rasek.Quests.QuestDataSO> (System.Collections.Generic.IEnumerable`1<Dumativa.Rasek.Quests.QuestDataSO>)
Dumativa.Rasek.Quests.QuestLibraryInitializationSystem:OnCreate (Unity.Entities.SystemState&) (at Assets/Scripts/_DOTS/Quests/QuestLibraryInitializationSystem.cs:145)
Dumativa.Rasek.Quests.QuestLibraryInitializationSystem:__codegen__OnCreate (intptr,intptr)
Unity.Entities.SystemBaseRegistry:ForwardToManaged (intptr,Unity.Entities.SystemState*,void*) (at ./Library/PackageCache/com.unity.entities@6a355619334f/Unity.Entities/SystemBaseRegistry.cs:364)
Unity.Entities.SystemBaseRegistry:CallForwardingFunction (Unity.Entities.SystemState*,Unity.Entities.UnmanagedSystemFunctionType) (at ./Library/PackageCache/com.unity.entities@6a355619334f/Unity.Entities/SystemBaseRegistry.cs:333)
Unity.Entities.SystemBaseRegistry:CallOnCreate (Unity.Entities.SystemState*) (at ./Library/PackageCache/com.unity.entities@6a355619334f/Unity.Entities/SystemBaseRegistry.cs:370)
Unity.Entities.WorldUnmanagedImpl:CallSystemOnCreateWithCleanup (Unity.Entities.SystemState*) (at ./Library/PackageCache/com.unity.entities@6a355619334f/Unity.Entities/WorldUnmanaged.cs:614)
Unity.Entities.World:GetOrCreateSystemsAndLogException (Unity.Collections.NativeList`1<Unity.Entities.SystemTypeIndex>,int,Unity.Collections.AllocatorManager/AllocatorHandle) (at ./Library/PackageCache/com.unity.entities@6a355619334f/Unity.Entities/World.cs:1282)
Unity.Entities.World:GetOrCreateSystemsAndLogException (Unity.Collections.NativeList`1<Unity.Entities.SystemTypeIndex>,Unity.Collections.AllocatorManager/AllocatorHandle) (at ./Library/PackageCache/com.unity.entities@6a355619334f/Unity.Entities/World.cs:1321)
Unity.Entities.DefaultWorldInitialization:AddSystemToRootLevelSystemGroupsInternal<Unity.Entities.DefaultWorldInitialization/DefaultRootGroups> (Unity.Entities.World,Unity.Collections.NativeList`1<Unity.Entities.SystemTypeIndex>,Unity.Entities.ComponentSystemGroup,Unity.Entities.DefaultWorldInitialization/DefaultRootGroups) (at ./Library/PackageCache/com.unity.entities@6a355619334f/Unity.Entities/DefaultWorldInitialization.cs:252)
Unity.Entities.DefaultWorldInitialization:AddSystemToRootLevelSystemGroupsInternal (Unity.Entities.World,Unity.Collections.NativeList`1<Unity.Entities.SystemTypeIndex>) (at ./Library/PackageCache/com.unity.entities@6a355619334f/Unity.Entities/DefaultWorldInitialization.cs:291)
Unity.Entities.DefaultWorldInitialization:AddSystemsToRootLevelSystemGroups (Unity.Entities.World,Unity.Collections.NativeList`1<Unity.Entities.SystemTypeIndex>) (at ./Library/PackageCache/com.unity.entities@6a355619334f/Unity.Entities/DefaultWorldInitialization.cs:215)
Unity.NetCode.ClientServerBootstrap:CreateServerWorld (string,Unity.Collections.NativeList`1<Unity.Entities.SystemTypeIndex>) (at ./Library/PackageCache/com.unity.netcode@2fb2edf0390f/Runtime/ClientServerWorld/ClientServerBootstrap.cs:390)
Unity.NetCode.ClientServerBootstrap:CreateServerWorld (string) (at ./Library/PackageCache/com.unity.netcode@2fb2edf0390f/Runtime/ClientServerWorld/ClientServerBootstrap.cs:377)
Unity.NetCode.ClientServerBootstrap:CreateDefaultClientServerWorlds () (at ./Library/PackageCache/com.unity.netcode@2fb2edf0390f/Runtime/ClientServerWorld/ClientServerBootstrap.cs:223)
Dumativa.Rasek.Backend.NetcodeBootstrap:Initialize (string) (at Assets/Scripts/_DOTS/Connection/NetcodeBootstrap.cs:82)
Unity.Entities.DefaultWorldInitialization:Initialize (string,bool) (at ./Library/PackageCache/com.unity.entities@6a355619334f/Unity.Entities/DefaultWorldInitialization.cs:134)
Unity.Entities.AutomaticWorldBootstrap:Initialize () (at ./Library/PackageCache/com.unity.entities@6a355619334f/Unity.Entities.Hybrid/Injection/AutomaticWorldBootstrap.cs:16)

[QuestDataSO] Validation <color=red>error</color> for CQT_M_003 | Errors below
- <b>Rewarded skill</b> must not be null at index 0.

UnityEngine.Debug:LogError (object,UnityEngine.Object)
Dumativa.Rasek.Quests.QuestDataSO:Validate () (at Assets/Scripts/_DOTS/Quests/QuestDataSO.cs:124)
Dumativa.Rasek.Quests.QuestLibraryInitializationSystem/<>c:<OnCreate>b__3_0 (Dumativa.Rasek.Quests.QuestDataSO) (at Assets/Scripts/_DOTS/Quests/QuestLibraryInitializationSystem.cs:145)
System.Linq.Enumerable:ToArray<Dumativa.Rasek.Quests.QuestDataSO> (System.Collections.Generic.IEnumerable`1<Dumativa.Rasek.Quests.QuestDataSO>)
Dumativa.Rasek.Quests.QuestLibraryInitializationSystem:OnCreate (Unity.Entities.SystemState&) (at Assets/Scripts/_DOTS/Quests/QuestLibraryInitializationSystem.cs:145)
Dumativa.Rasek.Quests.QuestLibraryInitializationSystem:__codegen__OnCreate (intptr,intptr)
Unity.Entities.SystemBaseRegistry:ForwardToManaged (intptr,Unity.Entities.SystemState*,void*) (at ./Library/PackageCache/com.unity.entities@6a355619334f/Unity.Entities/SystemBaseRegistry.cs:364)
Unity.Entities.SystemBaseRegistry:CallForwardingFunction (Unity.Entities.SystemState*,Unity.Entities.UnmanagedSystemFunctionType) (at ./Library/PackageCache/com.unity.entities@6a355619334f/Unity.Entities/SystemBaseRegistry.cs:333)
Unity.Entities.SystemBaseRegistry:CallOnCreate (Unity.Entities.SystemState*) (at ./Library/PackageCache/com.unity.entities@6a355619334f/Unity.Entities/SystemBaseRegistry.cs:370)
Unity.Entities.WorldUnmanagedImpl:CallSystemOnCreateWithCleanup (Unity.Entities.SystemState*) (at ./Library/PackageCache/com.unity.entities@6a355619334f/Unity.Entities/WorldUnmanaged.cs:614)
Unity.Entities.World:GetOrCreateSystemsAndLogException (Unity.Collections.NativeList`1<Unity.Entities.SystemTypeIndex>,int,Unity.Collections.AllocatorManager/AllocatorHandle) (at ./Library/PackageCache/com.unity.entities@6a355619334f/Unity.Entities/World.cs:1282)
Unity.Entities.World:GetOrCreateSystemsAndLogException (Unity.Collections.NativeList`1<Unity.Entities.SystemTypeIndex>,Unity.Collections.AllocatorManager/AllocatorHandle) (at ./Library/PackageCache/com.unity.entities@6a355619334f/Unity.Entities/World.cs:1321)
Unity.Entities.DefaultWorldInitialization:AddSystemToRootLevelSystemGroupsInternal<Unity.Entities.DefaultWorldInitialization/DefaultRootGroups> (Unity.Entities.World,Unity.Collections.NativeList`1<Unity.Entities.SystemTypeIndex>,Unity.Entities.ComponentSystemGroup,Unity.Entities.DefaultWorldInitialization/DefaultRootGroups) (at ./Library/PackageCache/com.unity.entities@6a355619334f/Unity.Entities/DefaultWorldInitialization.cs:252)
Unity.Entities.DefaultWorldInitialization:AddSystemToRootLevelSystemGroupsInternal (Unity.Entities.World,Unity.Collections.NativeList`1<Unity.Entities.SystemTypeIndex>) (at ./Library/PackageCache/com.unity.entities@6a355619334f/Unity.Entities/DefaultWorldInitialization.cs:291)
Unity.Entities.DefaultWorldInitialization:AddSystemsToRootLevelSystemGroups (Unity.Entities.World,Unity.Collections.NativeList`1<Unity.Entities.SystemTypeIndex>) (at ./Library/PackageCache/com.unity.entities@6a355619334f/Unity.Entities/DefaultWorldInitialization.cs:215)
Unity.NetCode.ClientServerBootstrap:CreateServerWorld (string,Unity.Collections.NativeList`1<Unity.Entities.SystemTypeIndex>) (at ./Library/PackageCache/com.unity.netcode@2fb2edf0390f/Runtime/ClientServerWorld/ClientServerBootstrap.cs:390)
Unity.NetCode.ClientServerBootstrap:CreateServerWorld (string) (at ./Library/PackageCache/com.unity.netcode@2fb2edf0390f/Runtime/ClientServerWorld/ClientServerBootstrap.cs:377)
Unity.NetCode.ClientServerBootstrap:CreateDefaultClientServerWorlds () (at ./Library/PackageCache/com.unity.netcode@2fb2edf0390f/Runtime/ClientServerWorld/ClientServerBootstrap.cs:223)
Dumativa.Rasek.Backend.NetcodeBootstrap:Initialize (string) (at Assets/Scripts/_DOTS/Connection/NetcodeBootstrap.cs:82)
Unity.Entities.DefaultWorldInitialization:Initialize (string,bool) (at ./Library/PackageCache/com.unity.entities@6a355619334f/Unity.Entities/DefaultWorldInitialization.cs:134)
Unity.Entities.AutomaticWorldBootstrap:Initialize () (at ./Library/PackageCache/com.unity.entities@6a355619334f/Unity.Entities.Hybrid/Injection/AutomaticWorldBootstrap.cs:16)

[QuestDataSO] Validation <color=red>error</color> for CQT_W_001 | Errors below
- <b>Rewarded skill</b> must not be null at index 0.

UnityEngine.Debug:LogError (object,UnityEngine.Object)
Dumativa.Rasek.Quests.QuestDataSO:Validate () (at Assets/Scripts/_DOTS/Quests/QuestDataSO.cs:124)
Dumativa.Rasek.Quests.QuestLibraryInitializationSystem/<>c:<OnCreate>b__3_0 (Dumativa.Rasek.Quests.QuestDataSO) (at Assets/Scripts/_DOTS/Quests/QuestLibraryInitializationSystem.cs:145)
System.Linq.Enumerable:ToArray<Dumativa.Rasek.Quests.QuestDataSO> (System.Collections.Generic.IEnumerable`1<Dumativa.Rasek.Quests.QuestDataSO>)
Dumativa.Rasek.Quests.QuestLibraryInitializationSystem:OnCreate (Unity.Entities.SystemState&) (at Assets/Scripts/_DOTS/Quests/QuestLibraryInitializationSystem.cs:145)
Dumativa.Rasek.Quests.QuestLibraryInitializationSystem:__codegen__OnCreate (intptr,intptr)
Unity.Entities.SystemBaseRegistry:ForwardToManaged (intptr,Unity.Entities.SystemState*,void*) (at ./Library/PackageCache/com.unity.entities@6a355619334f/Unity.Entities/SystemBaseRegistry.cs:364)
Unity.Entities.SystemBaseRegistry:CallForwardingFunction (Unity.Entities.SystemState*,Unity.Entities.UnmanagedSystemFunctionType) (at ./Library/PackageCache/com.unity.entities@6a355619334f/Unity.Entities/SystemBaseRegistry.cs:333)
Unity.Entities.SystemBaseRegistry:CallOnCreate (Unity.Entities.SystemState*) (at ./Library/PackageCache/com.unity.entities@6a355619334f/Unity.Entities/SystemBaseRegistry.cs:370)
Unity.Entities.WorldUnmanagedImpl:CallSystemOnCreateWithCleanup (Unity.Entities.SystemState*) (at ./Library/PackageCache/com.unity.entities@6a355619334f/Unity.Entities/WorldUnmanaged.cs:614)
Unity.Entities.World:GetOrCreateSystemsAndLogException (Unity.Collections.NativeList`1<Unity.Entities.SystemTypeIndex>,int,Unity.Collections.AllocatorManager/AllocatorHandle) (at ./Library/PackageCache/com.unity.entities@6a355619334f/Unity.Entities/World.cs:1282)
Unity.Entities.World:GetOrCreateSystemsAndLogException (Unity.Collections.NativeList`1<Unity.Entities.SystemTypeIndex>,Unity.Collections.AllocatorManager/AllocatorHandle) (at ./Library/PackageCache/com.unity.entities@6a355619334f/Unity.Entities/World.cs:1321)
Unity.Entities.DefaultWorldInitialization:AddSystemToRootLevelSystemGroupsInternal<Unity.Entities.DefaultWorldInitialization/DefaultRootGroups> (Unity.Entities.World,Unity.Collections.NativeList`1<Unity.Entities.SystemTypeIndex>,Unity.Entities.ComponentSystemGroup,Unity.Entities.DefaultWorldInitialization/DefaultRootGroups) (at ./Library/PackageCache/com.unity.entities@6a355619334f/Unity.Entities/DefaultWorldInitialization.cs:252)
Unity.Entities.DefaultWorldInitialization:AddSystemToRootLevelSystemGroupsInternal (Unity.Entities.World,Unity.Collections.NativeList`1<Unity.Entities.SystemTypeIndex>) (at ./Library/PackageCache/com.unity.entities@6a355619334f/Unity.Entities/DefaultWorldInitialization.cs:291)
Unity.Entities.DefaultWorldInitialization:AddSystemsToRootLevelSystemGroups (Unity.Entities.World,Unity.Collections.NativeList`1<Unity.Entities.SystemTypeIndex>) (at ./Library/PackageCache/com.unity.entities@6a355619334f/Unity.Entities/DefaultWorldInitialization.cs:215)
Unity.NetCode.ClientServerBootstrap:CreateServerWorld (string,Unity.Collections.NativeList`1<Unity.Entities.SystemTypeIndex>) (at ./Library/PackageCache/com.unity.netcode@2fb2edf0390f/Runtime/ClientServerWorld/ClientServerBootstrap.cs:390)
Unity.NetCode.ClientServerBootstrap:CreateServerWorld (string) (at ./Library/PackageCache/com.unity.netcode@2fb2edf0390f/Runtime/ClientServerWorld/ClientServerBootstrap.cs:377)
Unity.NetCode.ClientServerBootstrap:CreateDefaultClientServerWorlds () (at ./Library/PackageCache/com.unity.netcode@2fb2edf0390f/Runtime/ClientServerWorld/ClientServerBootstrap.cs:223)
Dumativa.Rasek.Backend.NetcodeBootstrap:Initialize (string) (at Assets/Scripts/_DOTS/Connection/NetcodeBootstrap.cs:82)
Unity.Entities.DefaultWorldInitialization:Initialize (string,bool) (at ./Library/PackageCache/com.unity.entities@6a355619334f/Unity.Entities/DefaultWorldInitialization.cs:134)
Unity.Entities.AutomaticWorldBootstrap:Initialize () (at ./Library/PackageCache/com.unity.entities@6a355619334f/Unity.Entities.Hybrid/Injection/AutomaticWorldBootstrap.cs:16)

[QuestDataSO] Validation <color=red>error</color> for CQT_W_002 | Errors below
- <b>Rewarded skill</b> must not be null at index 0.

UnityEngine.Debug:LogError (object,UnityEngine.Object)
Dumativa.Rasek.Quests.QuestDataSO:Validate () (at Assets/Scripts/_DOTS/Quests/QuestDataSO.cs:124)
Dumativa.Rasek.Quests.QuestLibraryInitializationSystem/<>c:<OnCreate>b__3_0 (Dumativa.Rasek.Quests.QuestDataSO) (at Assets/Scripts/_DOTS/Quests/QuestLibraryInitializationSystem.cs:145)
System.Linq.Enumerable:ToArray<Dumativa.Rasek.Quests.QuestDataSO> (System.Collections.Generic.IEnumerable`1<Dumativa.Rasek.Quests.QuestDataSO>)
Dumativa.Rasek.Quests.QuestLibraryInitializationSystem:OnCreate (Unity.Entities.SystemState&) (at Assets/Scripts/_DOTS/Quests/QuestLibraryInitializationSystem.cs:145)
Dumativa.Rasek.Quests.QuestLibraryInitializationSystem:__codegen__OnCreate (intptr,intptr)
Unity.Entities.SystemBaseRegistry:ForwardToManaged (intptr,Unity.Entities.SystemState*,void*) (at ./Library/PackageCache/com.unity.entities@6a355619334f/Unity.Entities/SystemBaseRegistry.cs:364)
Unity.Entities.SystemBaseRegistry:CallForwardingFunction (Unity.Entities.SystemState*,Unity.Entities.UnmanagedSystemFunctionType) (at ./Library/PackageCache/com.unity.entities@6a355619334f/Unity.Entities/SystemBaseRegistry.cs:333)
Unity.Entities.SystemBaseRegistry:CallOnCreate (Unity.Entities.SystemState*) (at ./Library/PackageCache/com.unity.entities@6a355619334f/Unity.Entities/SystemBaseRegistry.cs:370)
Unity.Entities.WorldUnmanagedImpl:CallSystemOnCreateWithCleanup (Unity.Entities.SystemState*) (at ./Library/PackageCache/com.unity.entities@6a355619334f/Unity.Entities/WorldUnmanaged.cs:614)
Unity.Entities.World:GetOrCreateSystemsAndLogException (Unity.Collections.NativeList`1<Unity.Entities.SystemTypeIndex>,int,Unity.Collections.AllocatorManager/AllocatorHandle) (at ./Library/PackageCache/com.unity.entities@6a355619334f/Unity.Entities/World.cs:1282)
Unity.Entities.World:GetOrCreateSystemsAndLogException (Unity.Collections.NativeList`1<Unity.Entities.SystemTypeIndex>,Unity.Collections.AllocatorManager/AllocatorHandle) (at ./Library/PackageCache/com.unity.entities@6a355619334f/Unity.Entities/World.cs:1321)
Unity.Entities.DefaultWorldInitialization:AddSystemToRootLevelSystemGroupsInternal<Unity.Entities.DefaultWorldInitialization/DefaultRootGroups> (Unity.Entities.World,Unity.Collections.NativeList`1<Unity.Entities.SystemTypeIndex>,Unity.Entities.ComponentSystemGroup,Unity.Entities.DefaultWorldInitialization/DefaultRootGroups) (at ./Library/PackageCache/com.unity.entities@6a355619334f/Unity.Entities/DefaultWorldInitialization.cs:252)
Unity.Entities.DefaultWorldInitialization:AddSystemToRootLevelSystemGroupsInternal (Unity.Entities.World,Unity.Collections.NativeList`1<Unity.Entities.SystemTypeIndex>) (at ./Library/PackageCache/com.unity.entities@6a355619334f/Unity.Entities/DefaultWorldInitialization.cs:291)
Unity.Entities.DefaultWorldInitialization:AddSystemsToRootLevelSystemGroups (Unity.Entities.World,Unity.Collections.NativeList`1<Unity.Entities.SystemTypeIndex>) (at ./Library/PackageCache/com.unity.entities@6a355619334f/Unity.Entities/DefaultWorldInitialization.cs:215)
Unity.NetCode.ClientServerBootstrap:CreateServerWorld (string,Unity.Collections.NativeList`1<Unity.Entities.SystemTypeIndex>) (at ./Library/PackageCache/com.unity.netcode@2fb2edf0390f/Runtime/ClientServerWorld/ClientServerBootstrap.cs:390)
Unity.NetCode.ClientServerBootstrap:CreateServerWorld (string) (at ./Library/PackageCache/com.unity.netcode@2fb2edf0390f/Runtime/ClientServerWorld/ClientServerBootstrap.cs:377)
Unity.NetCode.ClientServerBootstrap:CreateDefaultClientServerWorlds () (at ./Library/PackageCache/com.unity.netcode@2fb2edf0390f/Runtime/ClientServerWorld/ClientServerBootstrap.cs:223)
Dumativa.Rasek.Backend.NetcodeBootstrap:Initialize (string) (at Assets/Scripts/_DOTS/Connection/NetcodeBootstrap.cs:82)
Unity.Entities.DefaultWorldInitialization:Initialize (string,bool) (at ./Library/PackageCache/com.unity.entities@6a355619334f/Unity.Entities/DefaultWorldInitialization.cs:134)
Unity.Entities.AutomaticWorldBootstrap:Initialize () (at ./Library/PackageCache/com.unity.entities@6a355619334f/Unity.Entities.Hybrid/Injection/AutomaticWorldBootstrap.cs:16)

[QuestDataSO] Validation <color=green>valid</color> for CQT_W_003
UnityEngine.Debug:Log (object)
Dumativa.Rasek.Quests.QuestDataSO:Validate () (at Assets/Scripts/_DOTS/Quests/QuestDataSO.cs:125)
Dumativa.Rasek.Quests.QuestLibraryInitializationSystem/<>c:<OnCreate>b__3_0 (Dumativa.Rasek.Quests.QuestDataSO) (at Assets/Scripts/_DOTS/Quests/QuestLibraryInitializationSystem.cs:145)
System.Linq.Enumerable:ToArray<Dumativa.Rasek.Quests.QuestDataSO> (System.Collections.Generic.IEnumerable`1<Dumativa.Rasek.Quests.QuestDataSO>)
Dumativa.Rasek.Quests.QuestLibraryInitializationSystem:OnCreate (Unity.Entities.SystemState&) (at Assets/Scripts/_DOTS/Quests/QuestLibraryInitializationSystem.cs:145)
Dumativa.Rasek.Quests.QuestLibraryInitializationSystem:__codegen__OnCreate (intptr,intptr)
Unity.Entities.SystemBaseRegistry:ForwardToManaged (intptr,Unity.Entities.SystemState*,void*) (at ./Library/PackageCache/com.unity.entities@6a355619334f/Unity.Entities/SystemBaseRegistry.cs:364)
Unity.Entities.SystemBaseRegistry:CallForwardingFunction (Unity.Entities.SystemState*,Unity.Entities.UnmanagedSystemFunctionType) (at ./Library/PackageCache/com.unity.entities@6a355619334f/Unity.Entities/SystemBaseRegistry.cs:333)
Unity.Entities.SystemBaseRegistry:CallOnCreate (Unity.Entities.SystemState*) (at ./Library/PackageCache/com.unity.entities@6a355619334f/Unity.Entities/SystemBaseRegistry.cs:370)
Unity.Entities.WorldUnmanagedImpl:CallSystemOnCreateWithCleanup (Unity.Entities.SystemState*) (at ./Library/PackageCache/com.unity.entities@6a355619334f/Unity.Entities/WorldUnmanaged.cs:614)
Unity.Entities.World:GetOrCreateSystemsAndLogException (Unity.Collections.NativeList`1<Unity.Entities.SystemTypeIndex>,int,Unity.Collections.AllocatorManager/AllocatorHandle) (at ./Library/PackageCache/com.unity.entities@6a355619334f/Unity.Entities/World.cs:1282)
Unity.Entities.World:GetOrCreateSystemsAndLogException (Unity.Collections.NativeList`1<Unity.Entities.SystemTypeIndex>,Unity.Collections.AllocatorManager/AllocatorHandle) (at ./Library/PackageCache/com.unity.entities@6a355619334f/Unity.Entities/World.cs:1321)
Unity.Entities.DefaultWorldInitialization:AddSystemToRootLevelSystemGroupsInternal<Unity.Entities.DefaultWorldInitialization/DefaultRootGroups> (Unity.Entities.World,Unity.Collections.NativeList`1<Unity.Entities.SystemTypeIndex>,Unity.Entities.ComponentSystemGroup,Unity.Entities.DefaultWorldInitialization/DefaultRootGroups) (at ./Library/PackageCache/com.unity.entities@6a355619334f/Unity.Entities/DefaultWorldInitialization.cs:252)
Unity.Entities.DefaultWorldInitialization:AddSystemToRootLevelSystemGroupsInternal (Unity.Entities.World,Unity.Collections.NativeList`1<Unity.Entities.SystemTypeIndex>) (at ./Library/PackageCache/com.unity.entities@6a355619334f/Unity.Entities/DefaultWorldInitialization.cs:291)
Unity.Entities.DefaultWorldInitialization:AddSystemsToRootLevelSystemGroups (Unity.Entities.World,Unity.Collections.NativeList`1<Unity.Entities.SystemTypeIndex>) (at ./Library/PackageCache/com.unity.entities@6a355619334f/Unity.Entities/DefaultWorldInitialization.cs:215)
Unity.NetCode.ClientServerBootstrap:CreateServerWorld (string,Unity.Collections.NativeList`1<Unity.Entities.SystemTypeIndex>) (at ./Library/PackageCache/com.unity.netcode@2fb2edf0390f/Runtime/ClientServerWorld/ClientServerBootstrap.cs:390)
Unity.NetCode.ClientServerBootstrap:CreateServerWorld (string) (at ./Library/PackageCache/com.unity.netcode@2fb2edf0390f/Runtime/ClientServerWorld/ClientServerBootstrap.cs:377)
Unity.NetCode.ClientServerBootstrap:CreateDefaultClientServerWorlds () (at ./Library/PackageCache/com.unity.netcode@2fb2edf0390f/Runtime/ClientServerWorld/ClientServerBootstrap.cs:223)
Dumativa.Rasek.Backend.NetcodeBootstrap:Initialize (string) (at Assets/Scripts/_DOTS/Connection/NetcodeBootstrap.cs:82)
Unity.Entities.DefaultWorldInitialization:Initialize (string,bool) (at ./Library/PackageCache/com.unity.entities@6a355619334f/Unity.Entities/DefaultWorldInitialization.cs:134)
Unity.Entities.AutomaticWorldBootstrap:Initialize () (at ./Library/PackageCache/com.unity.entities@6a355619334f/Unity.Entities.Hybrid/Injection/AutomaticWorldBootstrap.cs:16)

[QuestDataSO] Validation <color=green>valid</color> for Debug_001
UnityEngine.Debug:Log (object)
Dumativa.Rasek.Quests.QuestDataSO:Validate () (at Assets/Scripts/_DOTS/Quests/QuestDataSO.cs:125)
Dumativa.Rasek.Quests.QuestLibraryInitializationSystem/<>c:<OnCreate>b__3_0 (Dumativa.Rasek.Quests.QuestDataSO) (at Assets/Scripts/_DOTS/Quests/QuestLibraryInitializationSystem.cs:145)
System.Linq.Enumerable:ToArray<Dumativa.Rasek.Quests.QuestDataSO> (System.Collections.Generic.IEnumerable`1<Dumativa.Rasek.Quests.QuestDataSO>)
Dumativa.Rasek.Quests.QuestLibraryInitializationSystem:OnCreate (Unity.Entities.SystemState&) (at Assets/Scripts/_DOTS/Quests/QuestLibraryInitializationSystem.cs:145)
Dumativa.Rasek.Quests.QuestLibraryInitializationSystem:__codegen__OnCreate (intptr,intptr)
Unity.Entities.SystemBaseRegistry:ForwardToManaged (intptr,Unity.Entities.SystemState*,void*) (at ./Library/PackageCache/com.unity.entities@6a355619334f/Unity.Entities/SystemBaseRegistry.cs:364)
Unity.Entities.SystemBaseRegistry:CallForwardingFunction (Unity.Entities.SystemState*,Unity.Entities.UnmanagedSystemFunctionType) (at ./Library/PackageCache/com.unity.entities@6a355619334f/Unity.Entities/SystemBaseRegistry.cs:333)
Unity.Entities.SystemBaseRegistry:CallOnCreate (Unity.Entities.SystemState*) (at ./Library/PackageCache/com.unity.entities@6a355619334f/Unity.Entities/SystemBaseRegistry.cs:370)
Unity.Entities.WorldUnmanagedImpl:CallSystemOnCreateWithCleanup (Unity.Entities.SystemState*) (at ./Library/PackageCache/com.unity.entities@6a355619334f/Unity.Entities/WorldUnmanaged.cs:614)
Unity.Entities.World:GetOrCreateSystemsAndLogException (Unity.Collections.NativeList`1<Unity.Entities.SystemTypeIndex>,int,Unity.Collections.AllocatorManager/AllocatorHandle) (at ./Library/PackageCache/com.unity.entities@6a355619334f/Unity.Entities/World.cs:1282)
Unity.Entities.World:GetOrCreateSystemsAndLogException (Unity.Collections.NativeList`1<Unity.Entities.SystemTypeIndex>,Unity.Collections.AllocatorManager/AllocatorHandle) (at ./Library/PackageCache/com.unity.entities@6a355619334f/Unity.Entities/World.cs:1321)
Unity.Entities.DefaultWorldInitialization:AddSystemToRootLevelSystemGroupsInternal<Unity.Entities.DefaultWorldInitialization/DefaultRootGroups> (Unity.Entities.World,Unity.Collections.NativeList`1<Unity.Entities.SystemTypeIndex>,Unity.Entities.ComponentSystemGroup,Unity.Entities.DefaultWorldInitialization/DefaultRootGroups) (at ./Library/PackageCache/com.unity.entities@6a355619334f/Unity.Entities/DefaultWorldInitialization.cs:252)
Unity.Entities.DefaultWorldInitialization:AddSystemToRootLevelSystemGroupsInternal (Unity.Entities.World,Unity.Collections.NativeList`1<Unity.Entities.SystemTypeIndex>) (at ./Library/PackageCache/com.unity.entities@6a355619334f/Unity.Entities/DefaultWorldInitialization.cs:291)
Unity.Entities.DefaultWorldInitialization:AddSystemsToRootLevelSystemGroups (Unity.Entities.World,Unity.Collections.NativeList`1<Unity.Entities.SystemTypeIndex>) (at ./Library/PackageCache/com.unity.entities@6a355619334f/Unity.Entities/DefaultWorldInitialization.cs:215)
Unity.NetCode.ClientServerBootstrap:CreateClientWorld (string,Unity.Collections.NativeList`1<Unity.Entities.SystemTypeIndex>) (at ./Library/PackageCache/com.unity.netcode@2fb2edf0390f/Runtime/ClientServerWorld/ClientServerBootstrap.cs:287)
Unity.NetCode.ClientServerBootstrap:CreateClientWorld (string) (at ./Library/PackageCache/com.unity.netcode@2fb2edf0390f/Runtime/ClientServerWorld/ClientServerBootstrap.cs:274)
Unity.NetCode.ClientServerBootstrap:CreateDefaultClientServerWorlds () (at ./Library/PackageCache/com.unity.netcode@2fb2edf0390f/Runtime/ClientServerWorld/ClientServerBootstrap.cs:228)
Dumativa.Rasek.Backend.NetcodeBootstrap:Initialize (string) (at Assets/Scripts/_DOTS/Connection/NetcodeBootstrap.cs:82)
Unity.Entities.DefaultWorldInitialization:Initialize (string,bool) (at ./Library/PackageCache/com.unity.entities@6a355619334f/Unity.Entities/DefaultWorldInitialization.cs:134)
Unity.Entities.AutomaticWorldBootstrap:Initialize () (at ./Library/PackageCache/com.unity.entities@6a355619334f/Unity.Entities.Hybrid/Injection/AutomaticWorldBootstrap.cs:16)

[QuestDataSO] Validation <color=green>valid</color> for Debug_002
UnityEngine.Debug:Log (object)
Dumativa.Rasek.Quests.QuestDataSO:Validate () (at Assets/Scripts/_DOTS/Quests/QuestDataSO.cs:125)
Dumativa.Rasek.Quests.QuestLibraryInitializationSystem/<>c:<OnCreate>b__3_0 (Dumativa.Rasek.Quests.QuestDataSO) (at Assets/Scripts/_DOTS/Quests/QuestLibraryInitializationSystem.cs:145)
System.Linq.Enumerable:ToArray<Dumativa.Rasek.Quests.QuestDataSO> (System.Collections.Generic.IEnumerable`1<Dumativa.Rasek.Quests.QuestDataSO>)
Dumativa.Rasek.Quests.QuestLibraryInitializationSystem:OnCreate (Unity.Entities.SystemState&) (at Assets/Scripts/_DOTS/Quests/QuestLibraryInitializationSystem.cs:145)
Dumativa.Rasek.Quests.QuestLibraryInitializationSystem:__codegen__OnCreate (intptr,intptr)
Unity.Entities.SystemBaseRegistry:ForwardToManaged (intptr,Unity.Entities.SystemState*,void*) (at ./Library/PackageCache/com.unity.entities@6a355619334f/Unity.Entities/SystemBaseRegistry.cs:364)
Unity.Entities.SystemBaseRegistry:CallForwardingFunction (Unity.Entities.SystemState*,Unity.Entities.UnmanagedSystemFunctionType) (at ./Library/PackageCache/com.unity.entities@6a355619334f/Unity.Entities/SystemBaseRegistry.cs:333)
Unity.Entities.SystemBaseRegistry:CallOnCreate (Unity.Entities.SystemState*) (at ./Library/PackageCache/com.unity.entities@6a355619334f/Unity.Entities/SystemBaseRegistry.cs:370)
Unity.Entities.WorldUnmanagedImpl:CallSystemOnCreateWithCleanup (Unity.Entities.SystemState*) (at ./Library/PackageCache/com.unity.entities@6a355619334f/Unity.Entities/WorldUnmanaged.cs:614)
Unity.Entities.World:GetOrCreateSystemsAndLogException (Unity.Collections.NativeList`1<Unity.Entities.SystemTypeIndex>,int,Unity.Collections.AllocatorManager/AllocatorHandle) (at ./Library/PackageCache/com.unity.entities@6a355619334f/Unity.Entities/World.cs:1282)
Unity.Entities.World:GetOrCreateSystemsAndLogException (Unity.Collections.NativeList`1<Unity.Entities.SystemTypeIndex>,Unity.Collections.AllocatorManager/AllocatorHandle) (at ./Library/PackageCache/com.unity.entities@6a355619334f/Unity.Entities/World.cs:1321)
Unity.Entities.DefaultWorldInitialization:AddSystemToRootLevelSystemGroupsInternal<Unity.Entities.DefaultWorldInitialization/DefaultRootGroups> (Unity.Entities.World,Unity.Collections.NativeList`1<Unity.Entities.SystemTypeIndex>,Unity.Entities.ComponentSystemGroup,Unity.Entities.DefaultWorldInitialization/DefaultRootGroups) (at ./Library/PackageCache/com.unity.entities@6a355619334f/Unity.Entities/DefaultWorldInitialization.cs:252)
Unity.Entities.DefaultWorldInitialization:AddSystemToRootLevelSystemGroupsInternal (Unity.Entities.World,Unity.Collections.NativeList`1<Unity.Entities.SystemTypeIndex>) (at ./Library/PackageCache/com.unity.entities@6a355619334f/Unity.Entities/DefaultWorldInitialization.cs:291)
Unity.Entities.DefaultWorldInitialization:AddSystemsToRootLevelSystemGroups (Unity.Entities.World,Unity.Collections.NativeList`1<Unity.Entities.SystemTypeIndex>) (at ./Library/PackageCache/com.unity.entities@6a355619334f/Unity.Entities/DefaultWorldInitialization.cs:215)
Unity.NetCode.ClientServerBootstrap:CreateClientWorld (string,Unity.Collections.NativeList`1<Unity.Entities.SystemTypeIndex>) (at ./Library/PackageCache/com.unity.netcode@2fb2edf0390f/Runtime/ClientServerWorld/ClientServerBootstrap.cs:287)
Unity.NetCode.ClientServerBootstrap:CreateClientWorld (string) (at ./Library/PackageCache/com.unity.netcode@2fb2edf0390f/Runtime/ClientServerWorld/ClientServerBootstrap.cs:274)
Unity.NetCode.ClientServerBootstrap:CreateDefaultClientServerWorlds () (at ./Library/PackageCache/com.unity.netcode@2fb2edf0390f/Runtime/ClientServerWorld/ClientServerBootstrap.cs:228)
Dumativa.Rasek.Backend.NetcodeBootstrap:Initialize (string) (at Assets/Scripts/_DOTS/Connection/NetcodeBootstrap.cs:82)
Unity.Entities.DefaultWorldInitialization:Initialize (string,bool) (at ./Library/PackageCache/com.unity.entities@6a355619334f/Unity.Entities/DefaultWorldInitialization.cs:134)
Unity.Entities.AutomaticWorldBootstrap:Initialize () (at ./Library/PackageCache/com.unity.entities@6a355619334f/Unity.Entities.Hybrid/Injection/AutomaticWorldBootstrap.cs:16)

[QuestDataSO] Validation <color=green>valid</color> for Debug_003
UnityEngine.Debug:Log (object)
Dumativa.Rasek.Quests.QuestDataSO:Validate () (at Assets/Scripts/_DOTS/Quests/QuestDataSO.cs:125)
Dumativa.Rasek.Quests.QuestLibraryInitializationSystem/<>c:<OnCreate>b__3_0 (Dumativa.Rasek.Quests.QuestDataSO) (at Assets/Scripts/_DOTS/Quests/QuestLibraryInitializationSystem.cs:145)
System.Linq.Enumerable:ToArray<Dumativa.Rasek.Quests.QuestDataSO> (System.Collections.Generic.IEnumerable`1<Dumativa.Rasek.Quests.QuestDataSO>)
Dumativa.Rasek.Quests.QuestLibraryInitializationSystem:OnCreate (Unity.Entities.SystemState&) (at Assets/Scripts/_DOTS/Quests/QuestLibraryInitializationSystem.cs:145)
Dumativa.Rasek.Quests.QuestLibraryInitializationSystem:__codegen__OnCreate (intptr,intptr)
Unity.Entities.SystemBaseRegistry:ForwardToManaged (intptr,Unity.Entities.SystemState*,void*) (at ./Library/PackageCache/com.unity.entities@6a355619334f/Unity.Entities/SystemBaseRegistry.cs:364)
Unity.Entities.SystemBaseRegistry:CallForwardingFunction (Unity.Entities.SystemState*,Unity.Entities.UnmanagedSystemFunctionType) (at ./Library/PackageCache/com.unity.entities@6a355619334f/Unity.Entities/SystemBaseRegistry.cs:333)
Unity.Entities.SystemBaseRegistry:CallOnCreate (Unity.Entities.SystemState*) (at ./Library/PackageCache/com.unity.entities@6a355619334f/Unity.Entities/SystemBaseRegistry.cs:370)
Unity.Entities.WorldUnmanagedImpl:CallSystemOnCreateWithCleanup (Unity.Entities.SystemState*) (at ./Library/PackageCache/com.unity.entities@6a355619334f/Unity.Entities/WorldUnmanaged.cs:614)
Unity.Entities.World:GetOrCreateSystemsAndLogException (Unity.Collections.NativeList`1<Unity.Entities.SystemTypeIndex>,int,Unity.Collections.AllocatorManager/AllocatorHandle) (at ./Library/PackageCache/com.unity.entities@6a355619334f/Unity.Entities/World.cs:1282)
Unity.Entities.World:GetOrCreateSystemsAndLogException (Unity.Collections.NativeList`1<Unity.Entities.SystemTypeIndex>,Unity.Collections.AllocatorManager/AllocatorHandle) (at ./Library/PackageCache/com.unity.entities@6a355619334f/Unity.Entities/World.cs:1321)
Unity.Entities.DefaultWorldInitialization:AddSystemToRootLevelSystemGroupsInternal<Unity.Entities.DefaultWorldInitialization/DefaultRootGroups> (Unity.Entities.World,Unity.Collections.NativeList`1<Unity.Entities.SystemTypeIndex>,Unity.Entities.ComponentSystemGroup,Unity.Entities.DefaultWorldInitialization/DefaultRootGroups) (at ./Library/PackageCache/com.unity.entities@6a355619334f/Unity.Entities/DefaultWorldInitialization.cs:252)
Unity.Entities.DefaultWorldInitialization:AddSystemToRootLevelSystemGroupsInternal (Unity.Entities.World,Unity.Collections.NativeList`1<Unity.Entities.SystemTypeIndex>) (at ./Library/PackageCache/com.unity.entities@6a355619334f/Unity.Entities/DefaultWorldInitialization.cs:291)
Unity.Entities.DefaultWorldInitialization:AddSystemsToRootLevelSystemGroups (Unity.Entities.World,Unity.Collections.NativeList`1<Unity.Entities.SystemTypeIndex>) (at ./Library/PackageCache/com.unity.entities@6a355619334f/Unity.Entities/DefaultWorldInitialization.cs:215)
Unity.NetCode.ClientServerBootstrap:CreateClientWorld (string,Unity.Collections.NativeList`1<Unity.Entities.SystemTypeIndex>) (at ./Library/PackageCache/com.unity.netcode@2fb2edf0390f/Runtime/ClientServerWorld/ClientServerBootstrap.cs:287)
Unity.NetCode.ClientServerBootstrap:CreateClientWorld (string) (at ./Library/PackageCache/com.unity.netcode@2fb2edf0390f/Runtime/ClientServerWorld/ClientServerBootstrap.cs:274)
Unity.NetCode.ClientServerBootstrap:CreateDefaultClientServerWorlds () (at ./Library/PackageCache/com.unity.netcode@2fb2edf0390f/Runtime/ClientServerWorld/ClientServerBootstrap.cs:228)
Dumativa.Rasek.Backend.NetcodeBootstrap:Initialize (string) (at Assets/Scripts/_DOTS/Connection/NetcodeBootstrap.cs:82)
Unity.Entities.DefaultWorldInitialization:Initialize (string,bool) (at ./Library/PackageCache/com.unity.entities@6a355619334f/Unity.Entities/DefaultWorldInitialization.cs:134)
Unity.Entities.AutomaticWorldBootstrap:Initialize () (at ./Library/PackageCache/com.unity.entities@6a355619334f/Unity.Entities.Hybrid/Injection/AutomaticWorldBootstrap.cs:16)

[QuestDataSO] Validation <color=green>valid</color> for MQT_001
UnityEngine.Debug:Log (object)
Dumativa.Rasek.Quests.QuestDataSO:Validate () (at Assets/Scripts/_DOTS/Quests/QuestDataSO.cs:125)
Dumativa.Rasek.Quests.QuestLibraryInitializationSystem/<>c:<OnCreate>b__3_0 (Dumativa.Rasek.Quests.QuestDataSO) (at Assets/Scripts/_DOTS/Quests/QuestLibraryInitializationSystem.cs:145)
System.Linq.Enumerable:ToArray<Dumativa.Rasek.Quests.QuestDataSO> (System.Collections.Generic.IEnumerable`1<Dumativa.Rasek.Quests.QuestDataSO>)
Dumativa.Rasek.Quests.QuestLibraryInitializationSystem:OnCreate (Unity.Entities.SystemState&) (at Assets/Scripts/_DOTS/Quests/QuestLibraryInitializationSystem.cs:145)
Dumativa.Rasek.Quests.QuestLibraryInitializationSystem:__codegen__OnCreate (intptr,intptr)
Unity.Entities.SystemBaseRegistry:ForwardToManaged (intptr,Unity.Entities.SystemState*,void*) (at ./Library/PackageCache/com.unity.entities@6a355619334f/Unity.Entities/SystemBaseRegistry.cs:364)
Unity.Entities.SystemBaseRegistry:CallForwardingFunction (Unity.Entities.SystemState*,Unity.Entities.UnmanagedSystemFunctionType) (at ./Library/PackageCache/com.unity.entities@6a355619334f/Unity.Entities/SystemBaseRegistry.cs:333)
Unity.Entities.SystemBaseRegistry:CallOnCreate (Unity.Entities.SystemState*) (at ./Library/PackageCache/com.unity.entities@6a355619334f/Unity.Entities/SystemBaseRegistry.cs:370)
Unity.Entities.WorldUnmanagedImpl:CallSystemOnCreateWithCleanup (Unity.Entities.SystemState*) (at ./Library/PackageCache/com.unity.entities@6a355619334f/Unity.Entities/WorldUnmanaged.cs:614)
Unity.Entities.World:GetOrCreateSystemsAndLogException (Unity.Collections.NativeList`1<Unity.Entities.SystemTypeIndex>,int,Unity.Collections.AllocatorManager/AllocatorHandle) (at ./Library/PackageCache/com.unity.entities@6a355619334f/Unity.Entities/World.cs:1282)
Unity.Entities.World:GetOrCreateSystemsAndLogException (Unity.Collections.NativeList`1<Unity.Entities.SystemTypeIndex>,Unity.Collections.AllocatorManager/AllocatorHandle) (at ./Library/PackageCache/com.unity.entities@6a355619334f/Unity.Entities/World.cs:1321)
Unity.Entities.DefaultWorldInitialization:AddSystemToRootLevelSystemGroupsInternal<Unity.Entities.DefaultWorldInitialization/DefaultRootGroups> (Unity.Entities.World,Unity.Collections.NativeList`1<Unity.Entities.SystemTypeIndex>,Unity.Entities.ComponentSystemGroup,Unity.Entities.DefaultWorldInitialization/DefaultRootGroups) (at ./Library/PackageCache/com.unity.entities@6a355619334f/Unity.Entities/DefaultWorldInitialization.cs:252)
Unity.Entities.DefaultWorldInitialization:AddSystemToRootLevelSystemGroupsInternal (Unity.Entities.World,Unity.Collections.NativeList`1<Unity.Entities.SystemTypeIndex>) (at ./Library/PackageCache/com.unity.entities@6a355619334f/Unity.Entities/DefaultWorldInitialization.cs:291)
Unity.Entities.DefaultWorldInitialization:AddSystemsToRootLevelSystemGroups (Unity.Entities.World,Unity.Collections.NativeList`1<Unity.Entities.SystemTypeIndex>) (at ./Library/PackageCache/com.unity.entities@6a355619334f/Unity.Entities/DefaultWorldInitialization.cs:215)
Unity.NetCode.ClientServerBootstrap:CreateClientWorld (string,Unity.Collections.NativeList`1<Unity.Entities.SystemTypeIndex>) (at ./Library/PackageCache/com.unity.netcode@2fb2edf0390f/Runtime/ClientServerWorld/ClientServerBootstrap.cs:287)
Unity.NetCode.ClientServerBootstrap:CreateClientWorld (string) (at ./Library/PackageCache/com.unity.netcode@2fb2edf0390f/Runtime/ClientServerWorld/ClientServerBootstrap.cs:274)
Unity.NetCode.ClientServerBootstrap:CreateDefaultClientServerWorlds () (at ./Library/PackageCache/com.unity.netcode@2fb2edf0390f/Runtime/ClientServerWorld/ClientServerBootstrap.cs:228)
Dumativa.Rasek.Backend.NetcodeBootstrap:Initialize (string) (at Assets/Scripts/_DOTS/Connection/NetcodeBootstrap.cs:82)
Unity.Entities.DefaultWorldInitialization:Initialize (string,bool) (at ./Library/PackageCache/com.unity.entities@6a355619334f/Unity.Entities/DefaultWorldInitialization.cs:134)
Unity.Entities.AutomaticWorldBootstrap:Initialize () (at ./Library/PackageCache/com.unity.entities@6a355619334f/Unity.Entities.Hybrid/Injection/AutomaticWorldBootstrap.cs:16)

[QuestDataSO] Validation <color=green>valid</color> for MQT_002
UnityEngine.Debug:Log (object)
Dumativa.Rasek.Quests.QuestDataSO:Validate () (at Assets/Scripts/_DOTS/Quests/QuestDataSO.cs:125)
Dumativa.Rasek.Quests.QuestLibraryInitializationSystem/<>c:<OnCreate>b__3_0 (Dumativa.Rasek.Quests.QuestDataSO) (at Assets/Scripts/_DOTS/Quests/QuestLibraryInitializationSystem.cs:145)
System.Linq.Enumerable:ToArray<Dumativa.Rasek.Quests.QuestDataSO> (System.Collections.Generic.IEnumerable`1<Dumativa.Rasek.Quests.QuestDataSO>)
Dumativa.Rasek.Quests.QuestLibraryInitializationSystem:OnCreate (Unity.Entities.SystemState&) (at Assets/Scripts/_DOTS/Quests/QuestLibraryInitializationSystem.cs:145)
Dumativa.Rasek.Quests.QuestLibraryInitializationSystem:__codegen__OnCreate (intptr,intptr)
Unity.Entities.SystemBaseRegistry:ForwardToManaged (intptr,Unity.Entities.SystemState*,void*) (at ./Library/PackageCache/com.unity.entities@6a355619334f/Unity.Entities/SystemBaseRegistry.cs:364)
Unity.Entities.SystemBaseRegistry:CallForwardingFunction (Unity.Entities.SystemState*,Unity.Entities.UnmanagedSystemFunctionType) (at ./Library/PackageCache/com.unity.entities@6a355619334f/Unity.Entities/SystemBaseRegistry.cs:333)
Unity.Entities.SystemBaseRegistry:CallOnCreate (Unity.Entities.SystemState*) (at ./Library/PackageCache/com.unity.entities@6a355619334f/Unity.Entities/SystemBaseRegistry.cs:370)
Unity.Entities.WorldUnmanagedImpl:CallSystemOnCreateWithCleanup (Unity.Entities.SystemState*) (at ./Library/PackageCache/com.unity.entities@6a355619334f/Unity.Entities/WorldUnmanaged.cs:614)
Unity.Entities.World:GetOrCreateSystemsAndLogException (Unity.Collections.NativeList`1<Unity.Entities.SystemTypeIndex>,int,Unity.Collections.AllocatorManager/AllocatorHandle) (at ./Library/PackageCache/com.unity.entities@6a355619334f/Unity.Entities/World.cs:1282)
Unity.Entities.World:GetOrCreateSystemsAndLogException (Unity.Collections.NativeList`1<Unity.Entities.SystemTypeIndex>,Unity.Collections.AllocatorManager/AllocatorHandle) (at ./Library/PackageCache/com.unity.entities@6a355619334f/Unity.Entities/World.cs:1321)
Unity.Entities.DefaultWorldInitialization:AddSystemToRootLevelSystemGroupsInternal<Unity.Entities.DefaultWorldInitialization/DefaultRootGroups> (Unity.Entities.World,Unity.Collections.NativeList`1<Unity.Entities.SystemTypeIndex>,Unity.Entities.ComponentSystemGroup,Unity.Entities.DefaultWorldInitialization/DefaultRootGroups) (at ./Library/PackageCache/com.unity.entities@6a355619334f/Unity.Entities/DefaultWorldInitialization.cs:252)
Unity.Entities.DefaultWorldInitialization:AddSystemToRootLevelSystemGroupsInternal (Unity.Entities.World,Unity.Collections.NativeList`1<Unity.Entities.SystemTypeIndex>) (at ./Library/PackageCache/com.unity.entities@6a355619334f/Unity.Entities/DefaultWorldInitialization.cs:291)
Unity.Entities.DefaultWorldInitialization:AddSystemsToRootLevelSystemGroups (Unity.Entities.World,Unity.Collections.NativeList`1<Unity.Entities.SystemTypeIndex>) (at ./Library/PackageCache/com.unity.entities@6a355619334f/Unity.Entities/DefaultWorldInitialization.cs:215)
Unity.NetCode.ClientServerBootstrap:CreateClientWorld (string,Unity.Collections.NativeList`1<Unity.Entities.SystemTypeIndex>) (at ./Library/PackageCache/com.unity.netcode@2fb2edf0390f/Runtime/ClientServerWorld/ClientServerBootstrap.cs:287)
Unity.NetCode.ClientServerBootstrap:CreateClientWorld (string) (at ./Library/PackageCache/com.unity.netcode@2fb2edf0390f/Runtime/ClientServerWorld/ClientServerBootstrap.cs:274)
Unity.NetCode.ClientServerBootstrap:CreateDefaultClientServerWorlds () (at ./Library/PackageCache/com.unity.netcode@2fb2edf0390f/Runtime/ClientServerWorld/ClientServerBootstrap.cs:228)
Dumativa.Rasek.Backend.NetcodeBootstrap:Initialize (string) (at Assets/Scripts/_DOTS/Connection/NetcodeBootstrap.cs:82)
Unity.Entities.DefaultWorldInitialization:Initialize (string,bool) (at ./Library/PackageCache/com.unity.entities@6a355619334f/Unity.Entities/DefaultWorldInitialization.cs:134)
Unity.Entities.AutomaticWorldBootstrap:Initialize () (at ./Library/PackageCache/com.unity.entities@6a355619334f/Unity.Entities.Hybrid/Injection/AutomaticWorldBootstrap.cs:16)

[QuestDataSO] Validation <color=green>valid</color> for MQT_003
UnityEngine.Debug:Log (object)
Dumativa.Rasek.Quests.QuestDataSO:Validate () (at Assets/Scripts/_DOTS/Quests/QuestDataSO.cs:125)
Dumativa.Rasek.Quests.QuestLibraryInitializationSystem/<>c:<OnCreate>b__3_0 (Dumativa.Rasek.Quests.QuestDataSO) (at Assets/Scripts/_DOTS/Quests/QuestLibraryInitializationSystem.cs:145)
System.Linq.Enumerable:ToArray<Dumativa.Rasek.Quests.QuestDataSO> (System.Collections.Generic.IEnumerable`1<Dumativa.Rasek.Quests.QuestDataSO>)
Dumativa.Rasek.Quests.QuestLibraryInitializationSystem:OnCreate (Unity.Entities.SystemState&) (at Assets/Scripts/_DOTS/Quests/QuestLibraryInitializationSystem.cs:145)
Dumativa.Rasek.Quests.QuestLibraryInitializationSystem:__codegen__OnCreate (intptr,intptr)
Unity.Entities.SystemBaseRegistry:ForwardToManaged (intptr,Unity.Entities.SystemState*,void*) (at ./Library/PackageCache/com.unity.entities@6a355619334f/Unity.Entities/SystemBaseRegistry.cs:364)
Unity.Entities.SystemBaseRegistry:CallForwardingFunction (Unity.Entities.SystemState*,Unity.Entities.UnmanagedSystemFunctionType) (at ./Library/PackageCache/com.unity.entities@6a355619334f/Unity.Entities/SystemBaseRegistry.cs:333)
Unity.Entities.SystemBaseRegistry:CallOnCreate (Unity.Entities.SystemState*) (at ./Library/PackageCache/com.unity.entities@6a355619334f/Unity.Entities/SystemBaseRegistry.cs:370)
Unity.Entities.WorldUnmanagedImpl:CallSystemOnCreateWithCleanup (Unity.Entities.SystemState*) (at ./Library/PackageCache/com.unity.entities@6a355619334f/Unity.Entities/WorldUnmanaged.cs:614)
Unity.Entities.World:GetOrCreateSystemsAndLogException (Unity.Collections.NativeList`1<Unity.Entities.SystemTypeIndex>,int,Unity.Collections.AllocatorManager/AllocatorHandle) (at ./Library/PackageCache/com.unity.entities@6a355619334f/Unity.Entities/World.cs:1282)
Unity.Entities.World:GetOrCreateSystemsAndLogException (Unity.Collections.NativeList`1<Unity.Entities.SystemTypeIndex>,Unity.Collections.AllocatorManager/AllocatorHandle) (at ./Library/PackageCache/com.unity.entities@6a355619334f/Unity.Entities/World.cs:1321)
Unity.Entities.DefaultWorldInitialization:AddSystemToRootLevelSystemGroupsInternal<Unity.Entities.DefaultWorldInitialization/DefaultRootGroups> (Unity.Entities.World,Unity.Collections.NativeList`1<Unity.Entities.SystemTypeIndex>,Unity.Entities.ComponentSystemGroup,Unity.Entities.DefaultWorldInitialization/DefaultRootGroups) (at ./Library/PackageCache/com.unity.entities@6a355619334f/Unity.Entities/DefaultWorldInitialization.cs:252)
Unity.Entities.DefaultWorldInitialization:AddSystemToRootLevelSystemGroupsInternal (Unity.Entities.World,Unity.Collections.NativeList`1<Unity.Entities.SystemTypeIndex>) (at ./Library/PackageCache/com.unity.entities@6a355619334f/Unity.Entities/DefaultWorldInitialization.cs:291)
Unity.Entities.DefaultWorldInitialization:AddSystemsToRootLevelSystemGroups (Unity.Entities.World,Unity.Collections.NativeList`1<Unity.Entities.SystemTypeIndex>) (at ./Library/PackageCache/com.unity.entities@6a355619334f/Unity.Entities/DefaultWorldInitialization.cs:215)
Unity.NetCode.ClientServerBootstrap:CreateClientWorld (string,Unity.Collections.NativeList`1<Unity.Entities.SystemTypeIndex>) (at ./Library/PackageCache/com.unity.netcode@2fb2edf0390f/Runtime/ClientServerWorld/ClientServerBootstrap.cs:287)
Unity.NetCode.ClientServerBootstrap:CreateClientWorld (string) (at ./Library/PackageCache/com.unity.netcode@2fb2edf0390f/Runtime/ClientServerWorld/ClientServerBootstrap.cs:274)
Unity.NetCode.ClientServerBootstrap:CreateDefaultClientServerWorlds () (at ./Library/PackageCache/com.unity.netcode@2fb2edf0390f/Runtime/ClientServerWorld/ClientServerBootstrap.cs:228)
Dumativa.Rasek.Backend.NetcodeBootstrap:Initialize (string) (at Assets/Scripts/_DOTS/Connection/NetcodeBootstrap.cs:82)
Unity.Entities.DefaultWorldInitialization:Initialize (string,bool) (at ./Library/PackageCache/com.unity.entities@6a355619334f/Unity.Entities/DefaultWorldInitialization.cs:134)
Unity.Entities.AutomaticWorldBootstrap:Initialize () (at ./Library/PackageCache/com.unity.entities@6a355619334f/Unity.Entities.Hybrid/Injection/AutomaticWorldBootstrap.cs:16)

[QuestDataSO] Validation <color=green>valid</color> for MQT_004
UnityEngine.Debug:Log (object)
Dumativa.Rasek.Quests.QuestDataSO:Validate () (at Assets/Scripts/_DOTS/Quests/QuestDataSO.cs:125)
Dumativa.Rasek.Quests.QuestLibraryInitializationSystem/<>c:<OnCreate>b__3_0 (Dumativa.Rasek.Quests.QuestDataSO) (at Assets/Scripts/_DOTS/Quests/QuestLibraryInitializationSystem.cs:145)
System.Linq.Enumerable:ToArray<Dumativa.Rasek.Quests.QuestDataSO> (System.Collections.Generic.IEnumerable`1<Dumativa.Rasek.Quests.QuestDataSO>)
Dumativa.Rasek.Quests.QuestLibraryInitializationSystem:OnCreate (Unity.Entities.SystemState&) (at Assets/Scripts/_DOTS/Quests/QuestLibraryInitializationSystem.cs:145)
Dumativa.Rasek.Quests.QuestLibraryInitializationSystem:__codegen__OnCreate (intptr,intptr)
Unity.Entities.SystemBaseRegistry:ForwardToManaged (intptr,Unity.Entities.SystemState*,void*) (at ./Library/PackageCache/com.unity.entities@6a355619334f/Unity.Entities/SystemBaseRegistry.cs:364)
Unity.Entities.SystemBaseRegistry:CallForwardingFunction (Unity.Entities.SystemState*,Unity.Entities.UnmanagedSystemFunctionType) (at ./Library/PackageCache/com.unity.entities@6a355619334f/Unity.Entities/SystemBaseRegistry.cs:333)
Unity.Entities.SystemBaseRegistry:CallOnCreate (Unity.Entities.SystemState*) (at ./Library/PackageCache/com.unity.entities@6a355619334f/Unity.Entities/SystemBaseRegistry.cs:370)
Unity.Entities.WorldUnmanagedImpl:CallSystemOnCreateWithCleanup (Unity.Entities.SystemState*) (at ./Library/PackageCache/com.unity.entities@6a355619334f/Unity.Entities/WorldUnmanaged.cs:614)
Unity.Entities.World:GetOrCreateSystemsAndLogException (Unity.Collections.NativeList`1<Unity.Entities.SystemTypeIndex>,int,Unity.Collections.AllocatorManager/AllocatorHandle) (at ./Library/PackageCache/com.unity.entities@6a355619334f/Unity.Entities/World.cs:1282)
Unity.Entities.World:GetOrCreateSystemsAndLogException (Unity.Collections.NativeList`1<Unity.Entities.SystemTypeIndex>,Unity.Collections.AllocatorManager/AllocatorHandle) (at ./Library/PackageCache/com.unity.entities@6a355619334f/Unity.Entities/World.cs:1321)
Unity.Entities.DefaultWorldInitialization:AddSystemToRootLevelSystemGroupsInternal<Unity.Entities.DefaultWorldInitialization/DefaultRootGroups> (Unity.Entities.World,Unity.Collections.NativeList`1<Unity.Entities.SystemTypeIndex>,Unity.Entities.ComponentSystemGroup,Unity.Entities.DefaultWorldInitialization/DefaultRootGroups) (at ./Library/PackageCache/com.unity.entities@6a355619334f/Unity.Entities/DefaultWorldInitialization.cs:252)
Unity.Entities.DefaultWorldInitialization:AddSystemToRootLevelSystemGroupsInternal (Unity.Entities.World,Unity.Collections.NativeList`1<Unity.Entities.SystemTypeIndex>) (at ./Library/PackageCache/com.unity.entities@6a355619334f/Unity.Entities/DefaultWorldInitialization.cs:291)
Unity.Entities.DefaultWorldInitialization:AddSystemsToRootLevelSystemGroups (Unity.Entities.World,Unity.Collections.NativeList`1<Unity.Entities.SystemTypeIndex>) (at ./Library/PackageCache/com.unity.entities@6a355619334f/Unity.Entities/DefaultWorldInitialization.cs:215)
Unity.NetCode.ClientServerBootstrap:CreateClientWorld (string,Unity.Collections.NativeList`1<Unity.Entities.SystemTypeIndex>) (at ./Library/PackageCache/com.unity.netcode@2fb2edf0390f/Runtime/ClientServerWorld/ClientServerBootstrap.cs:287)
Unity.NetCode.ClientServerBootstrap:CreateClientWorld (string) (at ./Library/PackageCache/com.unity.netcode@2fb2edf0390f/Runtime/ClientServerWorld/ClientServerBootstrap.cs:274)
Unity.NetCode.ClientServerBootstrap:CreateDefaultClientServerWorlds () (at ./Library/PackageCache/com.unity.netcode@2fb2edf0390f/Runtime/ClientServerWorld/ClientServerBootstrap.cs:228)
Dumativa.Rasek.Backend.NetcodeBootstrap:Initialize (string) (at Assets/Scripts/_DOTS/Connection/NetcodeBootstrap.cs:82)
Unity.Entities.DefaultWorldInitialization:Initialize (string,bool) (at ./Library/PackageCache/com.unity.entities@6a355619334f/Unity.Entities/DefaultWorldInitialization.cs:134)
Unity.Entities.AutomaticWorldBootstrap:Initialize () (at ./Library/PackageCache/com.unity.entities@6a355619334f/Unity.Entities.Hybrid/Injection/AutomaticWorldBootstrap.cs:16)

[QuestDataSO] Validation <color=green>valid</color> for MQT_005
UnityEngine.Debug:Log (object)
Dumativa.Rasek.Quests.QuestDataSO:Validate () (at Assets/Scripts/_DOTS/Quests/QuestDataSO.cs:125)
Dumativa.Rasek.Quests.QuestLibraryInitializationSystem/<>c:<OnCreate>b__3_0 (Dumativa.Rasek.Quests.QuestDataSO) (at Assets/Scripts/_DOTS/Quests/QuestLibraryInitializationSystem.cs:145)
System.Linq.Enumerable:ToArray<Dumativa.Rasek.Quests.QuestDataSO> (System.Collections.Generic.IEnumerable`1<Dumativa.Rasek.Quests.QuestDataSO>)
Dumativa.Rasek.Quests.QuestLibraryInitializationSystem:OnCreate (Unity.Entities.SystemState&) (at Assets/Scripts/_DOTS/Quests/QuestLibraryInitializationSystem.cs:145)
Dumativa.Rasek.Quests.QuestLibraryInitializationSystem:__codegen__OnCreate (intptr,intptr)
Unity.Entities.SystemBaseRegistry:ForwardToManaged (intptr,Unity.Entities.SystemState*,void*) (at ./Library/PackageCache/com.unity.entities@6a355619334f/Unity.Entities/SystemBaseRegistry.cs:364)
Unity.Entities.SystemBaseRegistry:CallForwardingFunction (Unity.Entities.SystemState*,Unity.Entities.UnmanagedSystemFunctionType) (at ./Library/PackageCache/com.unity.entities@6a355619334f/Unity.Entities/SystemBaseRegistry.cs:333)
Unity.Entities.SystemBaseRegistry:CallOnCreate (Unity.Entities.SystemState*) (at ./Library/PackageCache/com.unity.entities@6a355619334f/Unity.Entities/SystemBaseRegistry.cs:370)
Unity.Entities.WorldUnmanagedImpl:CallSystemOnCreateWithCleanup (Unity.Entities.SystemState*) (at ./Library/PackageCache/com.unity.entities@6a355619334f/Unity.Entities/WorldUnmanaged.cs:614)
Unity.Entities.World:GetOrCreateSystemsAndLogException (Unity.Collections.NativeList`1<Unity.Entities.SystemTypeIndex>,int,Unity.Collections.AllocatorManager/AllocatorHandle) (at ./Library/PackageCache/com.unity.entities@6a355619334f/Unity.Entities/World.cs:1282)
Unity.Entities.World:GetOrCreateSystemsAndLogException (Unity.Collections.NativeList`1<Unity.Entities.SystemTypeIndex>,Unity.Collections.AllocatorManager/AllocatorHandle) (at ./Library/PackageCache/com.unity.entities@6a355619334f/Unity.Entities/World.cs:1321)
Unity.Entities.DefaultWorldInitialization:AddSystemToRootLevelSystemGroupsInternal<Unity.Entities.DefaultWorldInitialization/DefaultRootGroups> (Unity.Entities.World,Unity.Collections.NativeList`1<Unity.Entities.SystemTypeIndex>,Unity.Entities.ComponentSystemGroup,Unity.Entities.DefaultWorldInitialization/DefaultRootGroups) (at ./Library/PackageCache/com.unity.entities@6a355619334f/Unity.Entities/DefaultWorldInitialization.cs:252)
Unity.Entities.DefaultWorldInitialization:AddSystemToRootLevelSystemGroupsInternal (Unity.Entities.World,Unity.Collections.NativeList`1<Unity.Entities.SystemTypeIndex>) (at ./Library/PackageCache/com.unity.entities@6a355619334f/Unity.Entities/DefaultWorldInitialization.cs:291)
Unity.Entities.DefaultWorldInitialization:AddSystemsToRootLevelSystemGroups (Unity.Entities.World,Unity.Collections.NativeList`1<Unity.Entities.SystemTypeIndex>) (at ./Library/PackageCache/com.unity.entities@6a355619334f/Unity.Entities/DefaultWorldInitialization.cs:215)
Unity.NetCode.ClientServerBootstrap:CreateClientWorld (string,Unity.Collections.NativeList`1<Unity.Entities.SystemTypeIndex>) (at ./Library/PackageCache/com.unity.netcode@2fb2edf0390f/Runtime/ClientServerWorld/ClientServerBootstrap.cs:287)
Unity.NetCode.ClientServerBootstrap:CreateClientWorld (string) (at ./Library/PackageCache/com.unity.netcode@2fb2edf0390f/Runtime/ClientServerWorld/ClientServerBootstrap.cs:274)
Unity.NetCode.ClientServerBootstrap:CreateDefaultClientServerWorlds () (at ./Library/PackageCache/com.unity.netcode@2fb2edf0390f/Runtime/ClientServerWorld/ClientServerBootstrap.cs:228)
Dumativa.Rasek.Backend.NetcodeBootstrap:Initialize (string) (at Assets/Scripts/_DOTS/Connection/NetcodeBootstrap.cs:82)
Unity.Entities.DefaultWorldInitialization:Initialize (string,bool) (at ./Library/PackageCache/com.unity.entities@6a355619334f/Unity.Entities/DefaultWorldInitialization.cs:134)
Unity.Entities.AutomaticWorldBootstrap:Initialize () (at ./Library/PackageCache/com.unity.entities@6a355619334f/Unity.Entities.Hybrid/Injection/AutomaticWorldBootstrap.cs:16)

[QuestDataSO] Validation <color=green>valid</color> for MQT_006_A
UnityEngine.Debug:Log (object)
Dumativa.Rasek.Quests.QuestDataSO:Validate () (at Assets/Scripts/_DOTS/Quests/QuestDataSO.cs:125)
Dumativa.Rasek.Quests.QuestLibraryInitializationSystem/<>c:<OnCreate>b__3_0 (Dumativa.Rasek.Quests.QuestDataSO) (at Assets/Scripts/_DOTS/Quests/QuestLibraryInitializationSystem.cs:145)
System.Linq.Enumerable:ToArray<Dumativa.Rasek.Quests.QuestDataSO> (System.Collections.Generic.IEnumerable`1<Dumativa.Rasek.Quests.QuestDataSO>)
Dumativa.Rasek.Quests.QuestLibraryInitializationSystem:OnCreate (Unity.Entities.SystemState&) (at Assets/Scripts/_DOTS/Quests/QuestLibraryInitializationSystem.cs:145)
Dumativa.Rasek.Quests.QuestLibraryInitializationSystem:__codegen__OnCreate (intptr,intptr)
Unity.Entities.SystemBaseRegistry:ForwardToManaged (intptr,Unity.Entities.SystemState*,void*) (at ./Library/PackageCache/com.unity.entities@6a355619334f/Unity.Entities/SystemBaseRegistry.cs:364)
Unity.Entities.SystemBaseRegistry:CallForwardingFunction (Unity.Entities.SystemState*,Unity.Entities.UnmanagedSystemFunctionType) (at ./Library/PackageCache/com.unity.entities@6a355619334f/Unity.Entities/SystemBaseRegistry.cs:333)
Unity.Entities.SystemBaseRegistry:CallOnCreate (Unity.Entities.SystemState*) (at ./Library/PackageCache/com.unity.entities@6a355619334f/Unity.Entities/SystemBaseRegistry.cs:370)
Unity.Entities.WorldUnmanagedImpl:CallSystemOnCreateWithCleanup (Unity.Entities.SystemState*) (at ./Library/PackageCache/com.unity.entities@6a355619334f/Unity.Entities/WorldUnmanaged.cs:614)
Unity.Entities.World:GetOrCreateSystemsAndLogException (Unity.Collections.NativeList`1<Unity.Entities.SystemTypeIndex>,int,Unity.Collections.AllocatorManager/AllocatorHandle) (at ./Library/PackageCache/com.unity.entities@6a355619334f/Unity.Entities/World.cs:1282)
Unity.Entities.World:GetOrCreateSystemsAndLogException (Unity.Collections.NativeList`1<Unity.Entities.SystemTypeIndex>,Unity.Collections.AllocatorManager/AllocatorHandle) (at ./Library/PackageCache/com.unity.entities@6a355619334f/Unity.Entities/World.cs:1321)
Unity.Entities.DefaultWorldInitialization:AddSystemToRootLevelSystemGroupsInternal<Unity.Entities.DefaultWorldInitialization/DefaultRootGroups> (Unity.Entities.World,Unity.Collections.NativeList`1<Unity.Entities.SystemTypeIndex>,Unity.Entities.ComponentSystemGroup,Unity.Entities.DefaultWorldInitialization/DefaultRootGroups) (at ./Library/PackageCache/com.unity.entities@6a355619334f/Unity.Entities/DefaultWorldInitialization.cs:252)
Unity.Entities.DefaultWorldInitialization:AddSystemToRootLevelSystemGroupsInternal (Unity.Entities.World,Unity.Collections.NativeList`1<Unity.Entities.SystemTypeIndex>) (at ./Library/PackageCache/com.unity.entities@6a355619334f/Unity.Entities/DefaultWorldInitialization.cs:291)
Unity.Entities.DefaultWorldInitialization:AddSystemsToRootLevelSystemGroups (Unity.Entities.World,Unity.Collections.NativeList`1<Unity.Entities.SystemTypeIndex>) (at ./Library/PackageCache/com.unity.entities@6a355619334f/Unity.Entities/DefaultWorldInitialization.cs:215)
Unity.NetCode.ClientServerBootstrap:CreateClientWorld (string,Unity.Collections.NativeList`1<Unity.Entities.SystemTypeIndex>) (at ./Library/PackageCache/com.unity.netcode@2fb2edf0390f/Runtime/ClientServerWorld/ClientServerBootstrap.cs:287)
Unity.NetCode.ClientServerBootstrap:CreateClientWorld (string) (at ./Library/PackageCache/com.unity.netcode@2fb2edf0390f/Runtime/ClientServerWorld/ClientServerBootstrap.cs:274)
Unity.NetCode.ClientServerBootstrap:CreateDefaultClientServerWorlds () (at ./Library/PackageCache/com.unity.netcode@2fb2edf0390f/Runtime/ClientServerWorld/ClientServerBootstrap.cs:228)
Dumativa.Rasek.Backend.NetcodeBootstrap:Initialize (string) (at Assets/Scripts/_DOTS/Connection/NetcodeBootstrap.cs:82)
Unity.Entities.DefaultWorldInitialization:Initialize (string,bool) (at ./Library/PackageCache/com.unity.entities@6a355619334f/Unity.Entities/DefaultWorldInitialization.cs:134)
Unity.Entities.AutomaticWorldBootstrap:Initialize () (at ./Library/PackageCache/com.unity.entities@6a355619334f/Unity.Entities.Hybrid/Injection/AutomaticWorldBootstrap.cs:16)

[QuestDataSO] Validation <color=green>valid</color> for MQT_006_C
UnityEngine.Debug:Log (object)
Dumativa.Rasek.Quests.QuestDataSO:Validate () (at Assets/Scripts/_DOTS/Quests/QuestDataSO.cs:125)
Dumativa.Rasek.Quests.QuestLibraryInitializationSystem/<>c:<OnCreate>b__3_0 (Dumativa.Rasek.Quests.QuestDataSO) (at Assets/Scripts/_DOTS/Quests/QuestLibraryInitializationSystem.cs:145)
System.Linq.Enumerable:ToArray<Dumativa.Rasek.Quests.QuestDataSO> (System.Collections.Generic.IEnumerable`1<Dumativa.Rasek.Quests.QuestDataSO>)
Dumativa.Rasek.Quests.QuestLibraryInitializationSystem:OnCreate (Unity.Entities.SystemState&) (at Assets/Scripts/_DOTS/Quests/QuestLibraryInitializationSystem.cs:145)
Dumativa.Rasek.Quests.QuestLibraryInitializationSystem:__codegen__OnCreate (intptr,intptr)
Unity.Entities.SystemBaseRegistry:ForwardToManaged (intptr,Unity.Entities.SystemState*,void*) (at ./Library/PackageCache/com.unity.entities@6a355619334f/Unity.Entities/SystemBaseRegistry.cs:364)
Unity.Entities.SystemBaseRegistry:CallForwardingFunction (Unity.Entities.SystemState*,Unity.Entities.UnmanagedSystemFunctionType) (at ./Library/PackageCache/com.unity.entities@6a355619334f/Unity.Entities/SystemBaseRegistry.cs:333)
Unity.Entities.SystemBaseRegistry:CallOnCreate (Unity.Entities.SystemState*) (at ./Library/PackageCache/com.unity.entities@6a355619334f/Unity.Entities/SystemBaseRegistry.cs:370)
Unity.Entities.WorldUnmanagedImpl:CallSystemOnCreateWithCleanup (Unity.Entities.SystemState*) (at ./Library/PackageCache/com.unity.entities@6a355619334f/Unity.Entities/WorldUnmanaged.cs:614)
Unity.Entities.World:GetOrCreateSystemsAndLogException (Unity.Collections.NativeList`1<Unity.Entities.SystemTypeIndex>,int,Unity.Collections.AllocatorManager/AllocatorHandle) (at ./Library/PackageCache/com.unity.entities@6a355619334f/Unity.Entities/World.cs:1282)
Unity.Entities.World:GetOrCreateSystemsAndLogException (Unity.Collections.NativeList`1<Unity.Entities.SystemTypeIndex>,Unity.Collections.AllocatorManager/AllocatorHandle) (at ./Library/PackageCache/com.unity.entities@6a355619334f/Unity.Entities/World.cs:1321)
Unity.Entities.DefaultWorldInitialization:AddSystemToRootLevelSystemGroupsInternal<Unity.Entities.DefaultWorldInitialization/DefaultRootGroups> (Unity.Entities.World,Unity.Collections.NativeList`1<Unity.Entities.SystemTypeIndex>,Unity.Entities.ComponentSystemGroup,Unity.Entities.DefaultWorldInitialization/DefaultRootGroups) (at ./Library/PackageCache/com.unity.entities@6a355619334f/Unity.Entities/DefaultWorldInitialization.cs:252)
Unity.Entities.DefaultWorldInitialization:AddSystemToRootLevelSystemGroupsInternal (Unity.Entities.World,Unity.Collections.NativeList`1<Unity.Entities.SystemTypeIndex>) (at ./Library/PackageCache/com.unity.entities@6a355619334f/Unity.Entities/DefaultWorldInitialization.cs:291)
Unity.Entities.DefaultWorldInitialization:AddSystemsToRootLevelSystemGroups (Unity.Entities.World,Unity.Collections.NativeList`1<Unity.Entities.SystemTypeIndex>) (at ./Library/PackageCache/com.unity.entities@6a355619334f/Unity.Entities/DefaultWorldInitialization.cs:215)
Unity.NetCode.ClientServerBootstrap:CreateClientWorld (string,Unity.Collections.NativeList`1<Unity.Entities.SystemTypeIndex>) (at ./Library/PackageCache/com.unity.netcode@2fb2edf0390f/Runtime/ClientServerWorld/ClientServerBootstrap.cs:287)
Unity.NetCode.ClientServerBootstrap:CreateClientWorld (string) (at ./Library/PackageCache/com.unity.netcode@2fb2edf0390f/Runtime/ClientServerWorld/ClientServerBootstrap.cs:274)
Unity.NetCode.ClientServerBootstrap:CreateDefaultClientServerWorlds () (at ./Library/PackageCache/com.unity.netcode@2fb2edf0390f/Runtime/ClientServerWorld/ClientServerBootstrap.cs:228)
Dumativa.Rasek.Backend.NetcodeBootstrap:Initialize (string) (at Assets/Scripts/_DOTS/Connection/NetcodeBootstrap.cs:82)
Unity.Entities.DefaultWorldInitialization:Initialize (string,bool) (at ./Library/PackageCache/com.unity.entities@6a355619334f/Unity.Entities/DefaultWorldInitialization.cs:134)
Unity.Entities.AutomaticWorldBootstrap:Initialize () (at ./Library/PackageCache/com.unity.entities@6a355619334f/Unity.Entities.Hybrid/Injection/AutomaticWorldBootstrap.cs:16)

[QuestDataSO] Validation <color=green>valid</color> for MQT_006_M
UnityEngine.Debug:Log (object)
Dumativa.Rasek.Quests.QuestDataSO:Validate () (at Assets/Scripts/_DOTS/Quests/QuestDataSO.cs:125)
Dumativa.Rasek.Quests.QuestLibraryInitializationSystem/<>c:<OnCreate>b__3_0 (Dumativa.Rasek.Quests.QuestDataSO) (at Assets/Scripts/_DOTS/Quests/QuestLibraryInitializationSystem.cs:145)
System.Linq.Enumerable:ToArray<Dumativa.Rasek.Quests.QuestDataSO> (System.Collections.Generic.IEnumerable`1<Dumativa.Rasek.Quests.QuestDataSO>)
Dumativa.Rasek.Quests.QuestLibraryInitializationSystem:OnCreate (Unity.Entities.SystemState&) (at Assets/Scripts/_DOTS/Quests/QuestLibraryInitializationSystem.cs:145)
Dumativa.Rasek.Quests.QuestLibraryInitializationSystem:__codegen__OnCreate (intptr,intptr)
Unity.Entities.SystemBaseRegistry:ForwardToManaged (intptr,Unity.Entities.SystemState*,void*) (at ./Library/PackageCache/com.unity.entities@6a355619334f/Unity.Entities/SystemBaseRegistry.cs:364)
Unity.Entities.SystemBaseRegistry:CallForwardingFunction (Unity.Entities.SystemState*,Unity.Entities.UnmanagedSystemFunctionType) (at ./Library/PackageCache/com.unity.entities@6a355619334f/Unity.Entities/SystemBaseRegistry.cs:333)
Unity.Entities.SystemBaseRegistry:CallOnCreate (Unity.Entities.SystemState*) (at ./Library/PackageCache/com.unity.entities@6a355619334f/Unity.Entities/SystemBaseRegistry.cs:370)
Unity.Entities.WorldUnmanagedImpl:CallSystemOnCreateWithCleanup (Unity.Entities.SystemState*) (at ./Library/PackageCache/com.unity.entities@6a355619334f/Unity.Entities/WorldUnmanaged.cs:614)
Unity.Entities.World:GetOrCreateSystemsAndLogException (Unity.Collections.NativeList`1<Unity.Entities.SystemTypeIndex>,int,Unity.Collections.AllocatorManager/AllocatorHandle) (at ./Library/PackageCache/com.unity.entities@6a355619334f/Unity.Entities/World.cs:1282)
Unity.Entities.World:GetOrCreateSystemsAndLogException (Unity.Collections.NativeList`1<Unity.Entities.SystemTypeIndex>,Unity.Collections.AllocatorManager/AllocatorHandle) (at ./Library/PackageCache/com.unity.entities@6a355619334f/Unity.Entities/World.cs:1321)
Unity.Entities.DefaultWorldInitialization:AddSystemToRootLevelSystemGroupsInternal<Unity.Entities.DefaultWorldInitialization/DefaultRootGroups> (Unity.Entities.World,Unity.Collections.NativeList`1<Unity.Entities.SystemTypeIndex>,Unity.Entities.ComponentSystemGroup,Unity.Entities.DefaultWorldInitialization/DefaultRootGroups) (at ./Library/PackageCache/com.unity.entities@6a355619334f/Unity.Entities/DefaultWorldInitialization.cs:252)
Unity.Entities.DefaultWorldInitialization:AddSystemToRootLevelSystemGroupsInternal (Unity.Entities.World,Unity.Collections.NativeList`1<Unity.Entities.SystemTypeIndex>) (at ./Library/PackageCache/com.unity.entities@6a355619334f/Unity.Entities/DefaultWorldInitialization.cs:291)
Unity.Entities.DefaultWorldInitialization:AddSystemsToRootLevelSystemGroups (Unity.Entities.World,Unity.Collections.NativeList`1<Unity.Entities.SystemTypeIndex>) (at ./Library/PackageCache/com.unity.entities@6a355619334f/Unity.Entities/DefaultWorldInitialization.cs:215)
Unity.NetCode.ClientServerBootstrap:CreateClientWorld (string,Unity.Collections.NativeList`1<Unity.Entities.SystemTypeIndex>) (at ./Library/PackageCache/com.unity.netcode@2fb2edf0390f/Runtime/ClientServerWorld/ClientServerBootstrap.cs:287)
Unity.NetCode.ClientServerBootstrap:CreateClientWorld (string) (at ./Library/PackageCache/com.unity.netcode@2fb2edf0390f/Runtime/ClientServerWorld/ClientServerBootstrap.cs:274)
Unity.NetCode.ClientServerBootstrap:CreateDefaultClientServerWorlds () (at ./Library/PackageCache/com.unity.netcode@2fb2edf0390f/Runtime/ClientServerWorld/ClientServerBootstrap.cs:228)
Dumativa.Rasek.Backend.NetcodeBootstrap:Initialize (string) (at Assets/Scripts/_DOTS/Connection/NetcodeBootstrap.cs:82)
Unity.Entities.DefaultWorldInitialization:Initialize (string,bool) (at ./Library/PackageCache/com.unity.entities@6a355619334f/Unity.Entities/DefaultWorldInitialization.cs:134)
Unity.Entities.AutomaticWorldBootstrap:Initialize () (at ./Library/PackageCache/com.unity.entities@6a355619334f/Unity.Entities.Hybrid/Injection/AutomaticWorldBootstrap.cs:16)

[QuestDataSO] Validation <color=green>valid</color> for MQT_006_W
UnityEngine.Debug:Log (object)
Dumativa.Rasek.Quests.QuestDataSO:Validate () (at Assets/Scripts/_DOTS/Quests/QuestDataSO.cs:125)
Dumativa.Rasek.Quests.QuestLibraryInitializationSystem/<>c:<OnCreate>b__3_0 (Dumativa.Rasek.Quests.QuestDataSO) (at Assets/Scripts/_DOTS/Quests/QuestLibraryInitializationSystem.cs:145)
System.Linq.Enumerable:ToArray<Dumativa.Rasek.Quests.QuestDataSO> (System.Collections.Generic.IEnumerable`1<Dumativa.Rasek.Quests.QuestDataSO>)
Dumativa.Rasek.Quests.QuestLibraryInitializationSystem:OnCreate (Unity.Entities.SystemState&) (at Assets/Scripts/_DOTS/Quests/QuestLibraryInitializationSystem.cs:145)
Dumativa.Rasek.Quests.QuestLibraryInitializationSystem:__codegen__OnCreate (intptr,intptr)
Unity.Entities.SystemBaseRegistry:ForwardToManaged (intptr,Unity.Entities.SystemState*,void*) (at ./Library/PackageCache/com.unity.entities@6a355619334f/Unity.Entities/SystemBaseRegistry.cs:364)
Unity.Entities.SystemBaseRegistry:CallForwardingFunction (Unity.Entities.SystemState*,Unity.Entities.UnmanagedSystemFunctionType) (at ./Library/PackageCache/com.unity.entities@6a355619334f/Unity.Entities/SystemBaseRegistry.cs:333)
Unity.Entities.SystemBaseRegistry:CallOnCreate (Unity.Entities.SystemState*) (at ./Library/PackageCache/com.unity.entities@6a355619334f/Unity.Entities/SystemBaseRegistry.cs:370)
Unity.Entities.WorldUnmanagedImpl:CallSystemOnCreateWithCleanup (Unity.Entities.SystemState*) (at ./Library/PackageCache/com.unity.entities@6a355619334f/Unity.Entities/WorldUnmanaged.cs:614)
Unity.Entities.World:GetOrCreateSystemsAndLogException (Unity.Collections.NativeList`1<Unity.Entities.SystemTypeIndex>,int,Unity.Collections.AllocatorManager/AllocatorHandle) (at ./Library/PackageCache/com.unity.entities@6a355619334f/Unity.Entities/World.cs:1282)
Unity.Entities.World:GetOrCreateSystemsAndLogException (Unity.Collections.NativeList`1<Unity.Entities.SystemTypeIndex>,Unity.Collections.AllocatorManager/AllocatorHandle) (at ./Library/PackageCache/com.unity.entities@6a355619334f/Unity.Entities/World.cs:1321)
Unity.Entities.DefaultWorldInitialization:AddSystemToRootLevelSystemGroupsInternal<Unity.Entities.DefaultWorldInitialization/DefaultRootGroups> (Unity.Entities.World,Unity.Collections.NativeList`1<Unity.Entities.SystemTypeIndex>,Unity.Entities.ComponentSystemGroup,Unity.Entities.DefaultWorldInitialization/DefaultRootGroups) (at ./Library/PackageCache/com.unity.entities@6a355619334f/Unity.Entities/DefaultWorldInitialization.cs:252)
Unity.Entities.DefaultWorldInitialization:AddSystemToRootLevelSystemGroupsInternal (Unity.Entities.World,Unity.Collections.NativeList`1<Unity.Entities.SystemTypeIndex>) (at ./Library/PackageCache/com.unity.entities@6a355619334f/Unity.Entities/DefaultWorldInitialization.cs:291)
Unity.Entities.DefaultWorldInitialization:AddSystemsToRootLevelSystemGroups (Unity.Entities.World,Unity.Collections.NativeList`1<Unity.Entities.SystemTypeIndex>) (at ./Library/PackageCache/com.unity.entities@6a355619334f/Unity.Entities/DefaultWorldInitialization.cs:215)
Unity.NetCode.ClientServerBootstrap:CreateClientWorld (string,Unity.Collections.NativeList`1<Unity.Entities.SystemTypeIndex>) (at ./Library/PackageCache/com.unity.netcode@2fb2edf0390f/Runtime/ClientServerWorld/ClientServerBootstrap.cs:287)
Unity.NetCode.ClientServerBootstrap:CreateClientWorld (string) (at ./Library/PackageCache/com.unity.netcode@2fb2edf0390f/Runtime/ClientServerWorld/ClientServerBootstrap.cs:274)
Unity.NetCode.ClientServerBootstrap:CreateDefaultClientServerWorlds () (at ./Library/PackageCache/com.unity.netcode@2fb2edf0390f/Runtime/ClientServerWorld/ClientServerBootstrap.cs:228)
Dumativa.Rasek.Backend.NetcodeBootstrap:Initialize (string) (at Assets/Scripts/_DOTS/Connection/NetcodeBootstrap.cs:82)
Unity.Entities.DefaultWorldInitialization:Initialize (string,bool) (at ./Library/PackageCache/com.unity.entities@6a355619334f/Unity.Entities/DefaultWorldInitialization.cs:134)
Unity.Entities.AutomaticWorldBootstrap:Initialize () (at ./Library/PackageCache/com.unity.entities@6a355619334f/Unity.Entities.Hybrid/Injection/AutomaticWorldBootstrap.cs:16)

[QuestDataSO] Validation <color=green>valid</color> for CQT_A_001
UnityEngine.Debug:Log (object)
Dumativa.Rasek.Quests.QuestDataSO:Validate () (at Assets/Scripts/_DOTS/Quests/QuestDataSO.cs:125)
Dumativa.Rasek.Quests.QuestLibraryInitializationSystem/<>c:<OnCreate>b__3_0 (Dumativa.Rasek.Quests.QuestDataSO) (at Assets/Scripts/_DOTS/Quests/QuestLibraryInitializationSystem.cs:145)
System.Linq.Enumerable:ToArray<Dumativa.Rasek.Quests.QuestDataSO> (System.Collections.Generic.IEnumerable`1<Dumativa.Rasek.Quests.QuestDataSO>)
Dumativa.Rasek.Quests.QuestLibraryInitializationSystem:OnCreate (Unity.Entities.SystemState&) (at Assets/Scripts/_DOTS/Quests/QuestLibraryInitializationSystem.cs:145)
Dumativa.Rasek.Quests.QuestLibraryInitializationSystem:__codegen__OnCreate (intptr,intptr)
Unity.Entities.SystemBaseRegistry:ForwardToManaged (intptr,Unity.Entities.SystemState*,void*) (at ./Library/PackageCache/com.unity.entities@6a355619334f/Unity.Entities/SystemBaseRegistry.cs:364)
Unity.Entities.SystemBaseRegistry:CallForwardingFunction (Unity.Entities.SystemState*,Unity.Entities.UnmanagedSystemFunctionType) (at ./Library/PackageCache/com.unity.entities@6a355619334f/Unity.Entities/SystemBaseRegistry.cs:333)
Unity.Entities.SystemBaseRegistry:CallOnCreate (Unity.Entities.SystemState*) (at ./Library/PackageCache/com.unity.entities@6a355619334f/Unity.Entities/SystemBaseRegistry.cs:370)
Unity.Entities.WorldUnmanagedImpl:CallSystemOnCreateWithCleanup (Unity.Entities.SystemState*) (at ./Library/PackageCache/com.unity.entities@6a355619334f/Unity.Entities/WorldUnmanaged.cs:614)
Unity.Entities.World:GetOrCreateSystemsAndLogException (Unity.Collections.NativeList`1<Unity.Entities.SystemTypeIndex>,int,Unity.Collections.AllocatorManager/AllocatorHandle) (at ./Library/PackageCache/com.unity.entities@6a355619334f/Unity.Entities/World.cs:1282)
Unity.Entities.World:GetOrCreateSystemsAndLogException (Unity.Collections.NativeList`1<Unity.Entities.SystemTypeIndex>,Unity.Collections.AllocatorManager/AllocatorHandle) (at ./Library/PackageCache/com.unity.entities@6a355619334f/Unity.Entities/World.cs:1321)
Unity.Entities.DefaultWorldInitialization:AddSystemToRootLevelSystemGroupsInternal<Unity.Entities.DefaultWorldInitialization/DefaultRootGroups> (Unity.Entities.World,Unity.Collections.NativeList`1<Unity.Entities.SystemTypeIndex>,Unity.Entities.ComponentSystemGroup,Unity.Entities.DefaultWorldInitialization/DefaultRootGroups) (at ./Library/PackageCache/com.unity.entities@6a355619334f/Unity.Entities/DefaultWorldInitialization.cs:252)
Unity.Entities.DefaultWorldInitialization:AddSystemToRootLevelSystemGroupsInternal (Unity.Entities.World,Unity.Collections.NativeList`1<Unity.Entities.SystemTypeIndex>) (at ./Library/PackageCache/com.unity.entities@6a355619334f/Unity.Entities/DefaultWorldInitialization.cs:291)
Unity.Entities.DefaultWorldInitialization:AddSystemsToRootLevelSystemGroups (Unity.Entities.World,Unity.Collections.NativeList`1<Unity.Entities.SystemTypeIndex>) (at ./Library/PackageCache/com.unity.entities@6a355619334f/Unity.Entities/DefaultWorldInitialization.cs:215)
Unity.NetCode.ClientServerBootstrap:CreateClientWorld (string,Unity.Collections.NativeList`1<Unity.Entities.SystemTypeIndex>) (at ./Library/PackageCache/com.unity.netcode@2fb2edf0390f/Runtime/ClientServerWorld/ClientServerBootstrap.cs:287)
Unity.NetCode.ClientServerBootstrap:CreateClientWorld (string) (at ./Library/PackageCache/com.unity.netcode@2fb2edf0390f/Runtime/ClientServerWorld/ClientServerBootstrap.cs:274)
Unity.NetCode.ClientServerBootstrap:CreateDefaultClientServerWorlds () (at ./Library/PackageCache/com.unity.netcode@2fb2edf0390f/Runtime/ClientServerWorld/ClientServerBootstrap.cs:228)
Dumativa.Rasek.Backend.NetcodeBootstrap:Initialize (string) (at Assets/Scripts/_DOTS/Connection/NetcodeBootstrap.cs:82)
Unity.Entities.DefaultWorldInitialization:Initialize (string,bool) (at ./Library/PackageCache/com.unity.entities@6a355619334f/Unity.Entities/DefaultWorldInitialization.cs:134)
Unity.Entities.AutomaticWorldBootstrap:Initialize () (at ./Library/PackageCache/com.unity.entities@6a355619334f/Unity.Entities.Hybrid/Injection/AutomaticWorldBootstrap.cs:16)

[QuestDataSO] Validation <color=green>valid</color> for CQT_A_002
UnityEngine.Debug:Log (object)
Dumativa.Rasek.Quests.QuestDataSO:Validate () (at Assets/Scripts/_DOTS/Quests/QuestDataSO.cs:125)
Dumativa.Rasek.Quests.QuestLibraryInitializationSystem/<>c:<OnCreate>b__3_0 (Dumativa.Rasek.Quests.QuestDataSO) (at Assets/Scripts/_DOTS/Quests/QuestLibraryInitializationSystem.cs:145)
System.Linq.Enumerable:ToArray<Dumativa.Rasek.Quests.QuestDataSO> (System.Collections.Generic.IEnumerable`1<Dumativa.Rasek.Quests.QuestDataSO>)
Dumativa.Rasek.Quests.QuestLibraryInitializationSystem:OnCreate (Unity.Entities.SystemState&) (at Assets/Scripts/_DOTS/Quests/QuestLibraryInitializationSystem.cs:145)
Dumativa.Rasek.Quests.QuestLibraryInitializationSystem:__codegen__OnCreate (intptr,intptr)
Unity.Entities.SystemBaseRegistry:ForwardToManaged (intptr,Unity.Entities.SystemState*,void*) (at ./Library/PackageCache/com.unity.entities@6a355619334f/Unity.Entities/SystemBaseRegistry.cs:364)
Unity.Entities.SystemBaseRegistry:CallForwardingFunction (Unity.Entities.SystemState*,Unity.Entities.UnmanagedSystemFunctionType) (at ./Library/PackageCache/com.unity.entities@6a355619334f/Unity.Entities/SystemBaseRegistry.cs:333)
Unity.Entities.SystemBaseRegistry:CallOnCreate (Unity.Entities.SystemState*) (at ./Library/PackageCache/com.unity.entities@6a355619334f/Unity.Entities/SystemBaseRegistry.cs:370)
Unity.Entities.WorldUnmanagedImpl:CallSystemOnCreateWithCleanup (Unity.Entities.SystemState*) (at ./Library/PackageCache/com.unity.entities@6a355619334f/Unity.Entities/WorldUnmanaged.cs:614)
Unity.Entities.World:GetOrCreateSystemsAndLogException (Unity.Collections.NativeList`1<Unity.Entities.SystemTypeIndex>,int,Unity.Collections.AllocatorManager/AllocatorHandle) (at ./Library/PackageCache/com.unity.entities@6a355619334f/Unity.Entities/World.cs:1282)
Unity.Entities.World:GetOrCreateSystemsAndLogException (Unity.Collections.NativeList`1<Unity.Entities.SystemTypeIndex>,Unity.Collections.AllocatorManager/AllocatorHandle) (at ./Library/PackageCache/com.unity.entities@6a355619334f/Unity.Entities/World.cs:1321)
Unity.Entities.DefaultWorldInitialization:AddSystemToRootLevelSystemGroupsInternal<Unity.Entities.DefaultWorldInitialization/DefaultRootGroups> (Unity.Entities.World,Unity.Collections.NativeList`1<Unity.Entities.SystemTypeIndex>,Unity.Entities.ComponentSystemGroup,Unity.Entities.DefaultWorldInitialization/DefaultRootGroups) (at ./Library/PackageCache/com.unity.entities@6a355619334f/Unity.Entities/DefaultWorldInitialization.cs:252)
Unity.Entities.DefaultWorldInitialization:AddSystemToRootLevelSystemGroupsInternal (Unity.Entities.World,Unity.Collections.NativeList`1<Unity.Entities.SystemTypeIndex>) (at ./Library/PackageCache/com.unity.entities@6a355619334f/Unity.Entities/DefaultWorldInitialization.cs:291)
Unity.Entities.DefaultWorldInitialization:AddSystemsToRootLevelSystemGroups (Unity.Entities.World,Unity.Collections.NativeList`1<Unity.Entities.SystemTypeIndex>) (at ./Library/PackageCache/com.unity.entities@6a355619334f/Unity.Entities/DefaultWorldInitialization.cs:215)
Unity.NetCode.ClientServerBootstrap:CreateClientWorld (string,Unity.Collections.NativeList`1<Unity.Entities.SystemTypeIndex>) (at ./Library/PackageCache/com.unity.netcode@2fb2edf0390f/Runtime/ClientServerWorld/ClientServerBootstrap.cs:287)
Unity.NetCode.ClientServerBootstrap:CreateClientWorld (string) (at ./Library/PackageCache/com.unity.netcode@2fb2edf0390f/Runtime/ClientServerWorld/ClientServerBootstrap.cs:274)
Unity.NetCode.ClientServerBootstrap:CreateDefaultClientServerWorlds () (at ./Library/PackageCache/com.unity.netcode@2fb2edf0390f/Runtime/ClientServerWorld/ClientServerBootstrap.cs:228)
Dumativa.Rasek.Backend.NetcodeBootstrap:Initialize (string) (at Assets/Scripts/_DOTS/Connection/NetcodeBootstrap.cs:82)
Unity.Entities.DefaultWorldInitialization:Initialize (string,bool) (at ./Library/PackageCache/com.unity.entities@6a355619334f/Unity.Entities/DefaultWorldInitialization.cs:134)
Unity.Entities.AutomaticWorldBootstrap:Initialize () (at ./Library/PackageCache/com.unity.entities@6a355619334f/Unity.Entities.Hybrid/Injection/AutomaticWorldBootstrap.cs:16)

[QuestDataSO] Validation <color=green>valid</color> for CQT_A_003
UnityEngine.Debug:Log (object)
Dumativa.Rasek.Quests.QuestDataSO:Validate () (at Assets/Scripts/_DOTS/Quests/QuestDataSO.cs:125)
Dumativa.Rasek.Quests.QuestLibraryInitializationSystem/<>c:<OnCreate>b__3_0 (Dumativa.Rasek.Quests.QuestDataSO) (at Assets/Scripts/_DOTS/Quests/QuestLibraryInitializationSystem.cs:145)
System.Linq.Enumerable:ToArray<Dumativa.Rasek.Quests.QuestDataSO> (System.Collections.Generic.IEnumerable`1<Dumativa.Rasek.Quests.QuestDataSO>)
Dumativa.Rasek.Quests.QuestLibraryInitializationSystem:OnCreate (Unity.Entities.SystemState&) (at Assets/Scripts/_DOTS/Quests/QuestLibraryInitializationSystem.cs:145)
Dumativa.Rasek.Quests.QuestLibraryInitializationSystem:__codegen__OnCreate (intptr,intptr)
Unity.Entities.SystemBaseRegistry:ForwardToManaged (intptr,Unity.Entities.SystemState*,void*) (at ./Library/PackageCache/com.unity.entities@6a355619334f/Unity.Entities/SystemBaseRegistry.cs:364)
Unity.Entities.SystemBaseRegistry:CallForwardingFunction (Unity.Entities.SystemState*,Unity.Entities.UnmanagedSystemFunctionType) (at ./Library/PackageCache/com.unity.entities@6a355619334f/Unity.Entities/SystemBaseRegistry.cs:333)
Unity.Entities.SystemBaseRegistry:CallOnCreate (Unity.Entities.SystemState*) (at ./Library/PackageCache/com.unity.entities@6a355619334f/Unity.Entities/SystemBaseRegistry.cs:370)
Unity.Entities.WorldUnmanagedImpl:CallSystemOnCreateWithCleanup (Unity.Entities.SystemState*) (at ./Library/PackageCache/com.unity.entities@6a355619334f/Unity.Entities/WorldUnmanaged.cs:614)
Unity.Entities.World:GetOrCreateSystemsAndLogException (Unity.Collections.NativeList`1<Unity.Entities.SystemTypeIndex>,int,Unity.Collections.AllocatorManager/AllocatorHandle) (at ./Library/PackageCache/com.unity.entities@6a355619334f/Unity.Entities/World.cs:1282)
Unity.Entities.World:GetOrCreateSystemsAndLogException (Unity.Collections.NativeList`1<Unity.Entities.SystemTypeIndex>,Unity.Collections.AllocatorManager/AllocatorHandle) (at ./Library/PackageCache/com.unity.entities@6a355619334f/Unity.Entities/World.cs:1321)
Unity.Entities.DefaultWorldInitialization:AddSystemToRootLevelSystemGroupsInternal<Unity.Entities.DefaultWorldInitialization/DefaultRootGroups> (Unity.Entities.World,Unity.Collections.NativeList`1<Unity.Entities.SystemTypeIndex>,Unity.Entities.ComponentSystemGroup,Unity.Entities.DefaultWorldInitialization/DefaultRootGroups) (at ./Library/PackageCache/com.unity.entities@6a355619334f/Unity.Entities/DefaultWorldInitialization.cs:252)
Unity.Entities.DefaultWorldInitialization:AddSystemToRootLevelSystemGroupsInternal (Unity.Entities.World,Unity.Collections.NativeList`1<Unity.Entities.SystemTypeIndex>) (at ./Library/PackageCache/com.unity.entities@6a355619334f/Unity.Entities/DefaultWorldInitialization.cs:291)
Unity.Entities.DefaultWorldInitialization:AddSystemsToRootLevelSystemGroups (Unity.Entities.World,Unity.Collections.NativeList`1<Unity.Entities.SystemTypeIndex>) (at ./Library/PackageCache/com.unity.entities@6a355619334f/Unity.Entities/DefaultWorldInitialization.cs:215)
Unity.NetCode.ClientServerBootstrap:CreateClientWorld (string,Unity.Collections.NativeList`1<Unity.Entities.SystemTypeIndex>) (at ./Library/PackageCache/com.unity.netcode@2fb2edf0390f/Runtime/ClientServerWorld/ClientServerBootstrap.cs:287)
Unity.NetCode.ClientServerBootstrap:CreateClientWorld (string) (at ./Library/PackageCache/com.unity.netcode@2fb2edf0390f/Runtime/ClientServerWorld/ClientServerBootstrap.cs:274)
Unity.NetCode.ClientServerBootstrap:CreateDefaultClientServerWorlds () (at ./Library/PackageCache/com.unity.netcode@2fb2edf0390f/Runtime/ClientServerWorld/ClientServerBootstrap.cs:228)
Dumativa.Rasek.Backend.NetcodeBootstrap:Initialize (string) (at Assets/Scripts/_DOTS/Connection/NetcodeBootstrap.cs:82)
Unity.Entities.DefaultWorldInitialization:Initialize (string,bool) (at ./Library/PackageCache/com.unity.entities@6a355619334f/Unity.Entities/DefaultWorldInitialization.cs:134)
Unity.Entities.AutomaticWorldBootstrap:Initialize () (at ./Library/PackageCache/com.unity.entities@6a355619334f/Unity.Entities.Hybrid/Injection/AutomaticWorldBootstrap.cs:16)

[QuestDataSO] Validation <color=green>valid</color> for CQT_C_001
UnityEngine.Debug:Log (object)
Dumativa.Rasek.Quests.QuestDataSO:Validate () (at Assets/Scripts/_DOTS/Quests/QuestDataSO.cs:125)
Dumativa.Rasek.Quests.QuestLibraryInitializationSystem/<>c:<OnCreate>b__3_0 (Dumativa.Rasek.Quests.QuestDataSO) (at Assets/Scripts/_DOTS/Quests/QuestLibraryInitializationSystem.cs:145)
System.Linq.Enumerable:ToArray<Dumativa.Rasek.Quests.QuestDataSO> (System.Collections.Generic.IEnumerable`1<Dumativa.Rasek.Quests.QuestDataSO>)
Dumativa.Rasek.Quests.QuestLibraryInitializationSystem:OnCreate (Unity.Entities.SystemState&) (at Assets/Scripts/_DOTS/Quests/QuestLibraryInitializationSystem.cs:145)
Dumativa.Rasek.Quests.QuestLibraryInitializationSystem:__codegen__OnCreate (intptr,intptr)
Unity.Entities.SystemBaseRegistry:ForwardToManaged (intptr,Unity.Entities.SystemState*,void*) (at ./Library/PackageCache/com.unity.entities@6a355619334f/Unity.Entities/SystemBaseRegistry.cs:364)
Unity.Entities.SystemBaseRegistry:CallForwardingFunction (Unity.Entities.SystemState*,Unity.Entities.UnmanagedSystemFunctionType) (at ./Library/PackageCache/com.unity.entities@6a355619334f/Unity.Entities/SystemBaseRegistry.cs:333)
Unity.Entities.SystemBaseRegistry:CallOnCreate (Unity.Entities.SystemState*) (at ./Library/PackageCache/com.unity.entities@6a355619334f/Unity.Entities/SystemBaseRegistry.cs:370)
Unity.Entities.WorldUnmanagedImpl:CallSystemOnCreateWithCleanup (Unity.Entities.SystemState*) (at ./Library/PackageCache/com.unity.entities@6a355619334f/Unity.Entities/WorldUnmanaged.cs:614)
Unity.Entities.World:GetOrCreateSystemsAndLogException (Unity.Collections.NativeList`1<Unity.Entities.SystemTypeIndex>,int,Unity.Collections.AllocatorManager/AllocatorHandle) (at ./Library/PackageCache/com.unity.entities@6a355619334f/Unity.Entities/World.cs:1282)
Unity.Entities.World:GetOrCreateSystemsAndLogException (Unity.Collections.NativeList`1<Unity.Entities.SystemTypeIndex>,Unity.Collections.AllocatorManager/AllocatorHandle) (at ./Library/PackageCache/com.unity.entities@6a355619334f/Unity.Entities/World.cs:1321)
Unity.Entities.DefaultWorldInitialization:AddSystemToRootLevelSystemGroupsInternal<Unity.Entities.DefaultWorldInitialization/DefaultRootGroups> (Unity.Entities.World,Unity.Collections.NativeList`1<Unity.Entities.SystemTypeIndex>,Unity.Entities.ComponentSystemGroup,Unity.Entities.DefaultWorldInitialization/DefaultRootGroups) (at ./Library/PackageCache/com.unity.entities@6a355619334f/Unity.Entities/DefaultWorldInitialization.cs:252)
Unity.Entities.DefaultWorldInitialization:AddSystemToRootLevelSystemGroupsInternal (Unity.Entities.World,Unity.Collections.NativeList`1<Unity.Entities.SystemTypeIndex>) (at ./Library/PackageCache/com.unity.entities@6a355619334f/Unity.Entities/DefaultWorldInitialization.cs:291)
Unity.Entities.DefaultWorldInitialization:AddSystemsToRootLevelSystemGroups (Unity.Entities.World,Unity.Collections.NativeList`1<Unity.Entities.SystemTypeIndex>) (at ./Library/PackageCache/com.unity.entities@6a355619334f/Unity.Entities/DefaultWorldInitialization.cs:215)
Unity.NetCode.ClientServerBootstrap:CreateClientWorld (string,Unity.Collections.NativeList`1<Unity.Entities.SystemTypeIndex>) (at ./Library/PackageCache/com.unity.netcode@2fb2edf0390f/Runtime/ClientServerWorld/ClientServerBootstrap.cs:287)
Unity.NetCode.ClientServerBootstrap:CreateClientWorld (string) (at ./Library/PackageCache/com.unity.netcode@2fb2edf0390f/Runtime/ClientServerWorld/ClientServerBootstrap.cs:274)
Unity.NetCode.ClientServerBootstrap:CreateDefaultClientServerWorlds () (at ./Library/PackageCache/com.unity.netcode@2fb2edf0390f/Runtime/ClientServerWorld/ClientServerBootstrap.cs:228)
Dumativa.Rasek.Backend.NetcodeBootstrap:Initialize (string) (at Assets/Scripts/_DOTS/Connection/NetcodeBootstrap.cs:82)
Unity.Entities.DefaultWorldInitialization:Initialize (string,bool) (at ./Library/PackageCache/com.unity.entities@6a355619334f/Unity.Entities/DefaultWorldInitialization.cs:134)
Unity.Entities.AutomaticWorldBootstrap:Initialize () (at ./Library/PackageCache/com.unity.entities@6a355619334f/Unity.Entities.Hybrid/Injection/AutomaticWorldBootstrap.cs:16)

[QuestDataSO] Validation <color=green>valid</color> for CQT_C_002
UnityEngine.Debug:Log (object)
Dumativa.Rasek.Quests.QuestDataSO:Validate () (at Assets/Scripts/_DOTS/Quests/QuestDataSO.cs:125)
Dumativa.Rasek.Quests.QuestLibraryInitializationSystem/<>c:<OnCreate>b__3_0 (Dumativa.Rasek.Quests.QuestDataSO) (at Assets/Scripts/_DOTS/Quests/QuestLibraryInitializationSystem.cs:145)
System.Linq.Enumerable:ToArray<Dumativa.Rasek.Quests.QuestDataSO> (System.Collections.Generic.IEnumerable`1<Dumativa.Rasek.Quests.QuestDataSO>)
Dumativa.Rasek.Quests.QuestLibraryInitializationSystem:OnCreate (Unity.Entities.SystemState&) (at Assets/Scripts/_DOTS/Quests/QuestLibraryInitializationSystem.cs:145)
Dumativa.Rasek.Quests.QuestLibraryInitializationSystem:__codegen__OnCreate (intptr,intptr)
Unity.Entities.SystemBaseRegistry:ForwardToManaged (intptr,Unity.Entities.SystemState*,void*) (at ./Library/PackageCache/com.unity.entities@6a355619334f/Unity.Entities/SystemBaseRegistry.cs:364)
Unity.Entities.SystemBaseRegistry:CallForwardingFunction (Unity.Entities.SystemState*,Unity.Entities.UnmanagedSystemFunctionType) (at ./Library/PackageCache/com.unity.entities@6a355619334f/Unity.Entities/SystemBaseRegistry.cs:333)
Unity.Entities.SystemBaseRegistry:CallOnCreate (Unity.Entities.SystemState*) (at ./Library/PackageCache/com.unity.entities@6a355619334f/Unity.Entities/SystemBaseRegistry.cs:370)
Unity.Entities.WorldUnmanagedImpl:CallSystemOnCreateWithCleanup (Unity.Entities.SystemState*) (at ./Library/PackageCache/com.unity.entities@6a355619334f/Unity.Entities/WorldUnmanaged.cs:614)
Unity.Entities.World:GetOrCreateSystemsAndLogException (Unity.Collections.NativeList`1<Unity.Entities.SystemTypeIndex>,int,Unity.Collections.AllocatorManager/AllocatorHandle) (at ./Library/PackageCache/com.unity.entities@6a355619334f/Unity.Entities/World.cs:1282)
Unity.Entities.World:GetOrCreateSystemsAndLogException (Unity.Collections.NativeList`1<Unity.Entities.SystemTypeIndex>,Unity.Collections.AllocatorManager/AllocatorHandle) (at ./Library/PackageCache/com.unity.entities@6a355619334f/Unity.Entities/World.cs:1321)
Unity.Entities.DefaultWorldInitialization:AddSystemToRootLevelSystemGroupsInternal<Unity.Entities.DefaultWorldInitialization/DefaultRootGroups> (Unity.Entities.World,Unity.Collections.NativeList`1<Unity.Entities.SystemTypeIndex>,Unity.Entities.ComponentSystemGroup,Unity.Entities.DefaultWorldInitialization/DefaultRootGroups) (at ./Library/PackageCache/com.unity.entities@6a355619334f/Unity.Entities/DefaultWorldInitialization.cs:252)
Unity.Entities.DefaultWorldInitialization:AddSystemToRootLevelSystemGroupsInternal (Unity.Entities.World,Unity.Collections.NativeList`1<Unity.Entities.SystemTypeIndex>) (at ./Library/PackageCache/com.unity.entities@6a355619334f/Unity.Entities/DefaultWorldInitialization.cs:291)
Unity.Entities.DefaultWorldInitialization:AddSystemsToRootLevelSystemGroups (Unity.Entities.World,Unity.Collections.NativeList`1<Unity.Entities.SystemTypeIndex>) (at ./Library/PackageCache/com.unity.entities@6a355619334f/Unity.Entities/DefaultWorldInitialization.cs:215)
Unity.NetCode.ClientServerBootstrap:CreateClientWorld (string,Unity.Collections.NativeList`1<Unity.Entities.SystemTypeIndex>) (at ./Library/PackageCache/com.unity.netcode@2fb2edf0390f/Runtime/ClientServerWorld/ClientServerBootstrap.cs:287)
Unity.NetCode.ClientServerBootstrap:CreateClientWorld (string) (at ./Library/PackageCache/com.unity.netcode@2fb2edf0390f/Runtime/ClientServerWorld/ClientServerBootstrap.cs:274)
Unity.NetCode.ClientServerBootstrap:CreateDefaultClientServerWorlds () (at ./Library/PackageCache/com.unity.netcode@2fb2edf0390f/Runtime/ClientServerWorld/ClientServerBootstrap.cs:228)
Dumativa.Rasek.Backend.NetcodeBootstrap:Initialize (string) (at Assets/Scripts/_DOTS/Connection/NetcodeBootstrap.cs:82)
Unity.Entities.DefaultWorldInitialization:Initialize (string,bool) (at ./Library/PackageCache/com.unity.entities@6a355619334f/Unity.Entities/DefaultWorldInitialization.cs:134)
Unity.Entities.AutomaticWorldBootstrap:Initialize () (at ./Library/PackageCache/com.unity.entities@6a355619334f/Unity.Entities.Hybrid/Injection/AutomaticWorldBootstrap.cs:16)

[QuestDataSO] Validation <color=green>valid</color> for CQT_C_003
UnityEngine.Debug:Log (object)
Dumativa.Rasek.Quests.QuestDataSO:Validate () (at Assets/Scripts/_DOTS/Quests/QuestDataSO.cs:125)
Dumativa.Rasek.Quests.QuestLibraryInitializationSystem/<>c:<OnCreate>b__3_0 (Dumativa.Rasek.Quests.QuestDataSO) (at Assets/Scripts/_DOTS/Quests/QuestLibraryInitializationSystem.cs:145)
System.Linq.Enumerable:ToArray<Dumativa.Rasek.Quests.QuestDataSO> (System.Collections.Generic.IEnumerable`1<Dumativa.Rasek.Quests.QuestDataSO>)
Dumativa.Rasek.Quests.QuestLibraryInitializationSystem:OnCreate (Unity.Entities.SystemState&) (at Assets/Scripts/_DOTS/Quests/QuestLibraryInitializationSystem.cs:145)
Dumativa.Rasek.Quests.QuestLibraryInitializationSystem:__codegen__OnCreate (intptr,intptr)
Unity.Entities.SystemBaseRegistry:ForwardToManaged (intptr,Unity.Entities.SystemState*,void*) (at ./Library/PackageCache/com.unity.entities@6a355619334f/Unity.Entities/SystemBaseRegistry.cs:364)
Unity.Entities.SystemBaseRegistry:CallForwardingFunction (Unity.Entities.SystemState*,Unity.Entities.UnmanagedSystemFunctionType) (at ./Library/PackageCache/com.unity.entities@6a355619334f/Unity.Entities/SystemBaseRegistry.cs:333)
Unity.Entities.SystemBaseRegistry:CallOnCreate (Unity.Entities.SystemState*) (at ./Library/PackageCache/com.unity.entities@6a355619334f/Unity.Entities/SystemBaseRegistry.cs:370)
Unity.Entities.WorldUnmanagedImpl:CallSystemOnCreateWithCleanup (Unity.Entities.SystemState*) (at ./Library/PackageCache/com.unity.entities@6a355619334f/Unity.Entities/WorldUnmanaged.cs:614)
Unity.Entities.World:GetOrCreateSystemsAndLogException (Unity.Collections.NativeList`1<Unity.Entities.SystemTypeIndex>,int,Unity.Collections.AllocatorManager/AllocatorHandle) (at ./Library/PackageCache/com.unity.entities@6a355619334f/Unity.Entities/World.cs:1282)
Unity.Entities.World:GetOrCreateSystemsAndLogException (Unity.Collections.NativeList`1<Unity.Entities.SystemTypeIndex>,Unity.Collections.AllocatorManager/AllocatorHandle) (at ./Library/PackageCache/com.unity.entities@6a355619334f/Unity.Entities/World.cs:1321)
Unity.Entities.DefaultWorldInitialization:AddSystemToRootLevelSystemGroupsInternal<Unity.Entities.DefaultWorldInitialization/DefaultRootGroups> (Unity.Entities.World,Unity.Collections.NativeList`1<Unity.Entities.SystemTypeIndex>,Unity.Entities.ComponentSystemGroup,Unity.Entities.DefaultWorldInitialization/DefaultRootGroups) (at ./Library/PackageCache/com.unity.entities@6a355619334f/Unity.Entities/DefaultWorldInitialization.cs:252)
Unity.Entities.DefaultWorldInitialization:AddSystemToRootLevelSystemGroupsInternal (Unity.Entities.World,Unity.Collections.NativeList`1<Unity.Entities.SystemTypeIndex>) (at ./Library/PackageCache/com.unity.entities@6a355619334f/Unity.Entities/DefaultWorldInitialization.cs:291)
Unity.Entities.DefaultWorldInitialization:AddSystemsToRootLevelSystemGroups (Unity.Entities.World,Unity.Collections.NativeList`1<Unity.Entities.SystemTypeIndex>) (at ./Library/PackageCache/com.unity.entities@6a355619334f/Unity.Entities/DefaultWorldInitialization.cs:215)
Unity.NetCode.ClientServerBootstrap:CreateClientWorld (string,Unity.Collections.NativeList`1<Unity.Entities.SystemTypeIndex>) (at ./Library/PackageCache/com.unity.netcode@2fb2edf0390f/Runtime/ClientServerWorld/ClientServerBootstrap.cs:287)
Unity.NetCode.ClientServerBootstrap:CreateClientWorld (string) (at ./Library/PackageCache/com.unity.netcode@2fb2edf0390f/Runtime/ClientServerWorld/ClientServerBootstrap.cs:274)
Unity.NetCode.ClientServerBootstrap:CreateDefaultClientServerWorlds () (at ./Library/PackageCache/com.unity.netcode@2fb2edf0390f/Runtime/ClientServerWorld/ClientServerBootstrap.cs:228)
Dumativa.Rasek.Backend.NetcodeBootstrap:Initialize (string) (at Assets/Scripts/_DOTS/Connection/NetcodeBootstrap.cs:82)
Unity.Entities.DefaultWorldInitialization:Initialize (string,bool) (at ./Library/PackageCache/com.unity.entities@6a355619334f/Unity.Entities/DefaultWorldInitialization.cs:134)
Unity.Entities.AutomaticWorldBootstrap:Initialize () (at ./Library/PackageCache/com.unity.entities@6a355619334f/Unity.Entities.Hybrid/Injection/AutomaticWorldBootstrap.cs:16)

[QuestDataSO] Validation <color=red>error</color> for CQT_M_001 | Errors below
- <b>Rewarded skill</b> must not be null at index 0.

UnityEngine.Debug:LogError (object,UnityEngine.Object)
Dumativa.Rasek.Quests.QuestDataSO:Validate () (at Assets/Scripts/_DOTS/Quests/QuestDataSO.cs:124)
Dumativa.Rasek.Quests.QuestLibraryInitializationSystem/<>c:<OnCreate>b__3_0 (Dumativa.Rasek.Quests.QuestDataSO) (at Assets/Scripts/_DOTS/Quests/QuestLibraryInitializationSystem.cs:145)
System.Linq.Enumerable:ToArray<Dumativa.Rasek.Quests.QuestDataSO> (System.Collections.Generic.IEnumerable`1<Dumativa.Rasek.Quests.QuestDataSO>)
Dumativa.Rasek.Quests.QuestLibraryInitializationSystem:OnCreate (Unity.Entities.SystemState&) (at Assets/Scripts/_DOTS/Quests/QuestLibraryInitializationSystem.cs:145)
Dumativa.Rasek.Quests.QuestLibraryInitializationSystem:__codegen__OnCreate (intptr,intptr)
Unity.Entities.SystemBaseRegistry:ForwardToManaged (intptr,Unity.Entities.SystemState*,void*) (at ./Library/PackageCache/com.unity.entities@6a355619334f/Unity.Entities/SystemBaseRegistry.cs:364)
Unity.Entities.SystemBaseRegistry:CallForwardingFunction (Unity.Entities.SystemState*,Unity.Entities.UnmanagedSystemFunctionType) (at ./Library/PackageCache/com.unity.entities@6a355619334f/Unity.Entities/SystemBaseRegistry.cs:333)
Unity.Entities.SystemBaseRegistry:CallOnCreate (Unity.Entities.SystemState*) (at ./Library/PackageCache/com.unity.entities@6a355619334f/Unity.Entities/SystemBaseRegistry.cs:370)
Unity.Entities.WorldUnmanagedImpl:CallSystemOnCreateWithCleanup (Unity.Entities.SystemState*) (at ./Library/PackageCache/com.unity.entities@6a355619334f/Unity.Entities/WorldUnmanaged.cs:614)
Unity.Entities.World:GetOrCreateSystemsAndLogException (Unity.Collections.NativeList`1<Unity.Entities.SystemTypeIndex>,int,Unity.Collections.AllocatorManager/AllocatorHandle) (at ./Library/PackageCache/com.unity.entities@6a355619334f/Unity.Entities/World.cs:1282)
Unity.Entities.World:GetOrCreateSystemsAndLogException (Unity.Collections.NativeList`1<Unity.Entities.SystemTypeIndex>,Unity.Collections.AllocatorManager/AllocatorHandle) (at ./Library/PackageCache/com.unity.entities@6a355619334f/Unity.Entities/World.cs:1321)
Unity.Entities.DefaultWorldInitialization:AddSystemToRootLevelSystemGroupsInternal<Unity.Entities.DefaultWorldInitialization/DefaultRootGroups> (Unity.Entities.World,Unity.Collections.NativeList`1<Unity.Entities.SystemTypeIndex>,Unity.Entities.ComponentSystemGroup,Unity.Entities.DefaultWorldInitialization/DefaultRootGroups) (at ./Library/PackageCache/com.unity.entities@6a355619334f/Unity.Entities/DefaultWorldInitialization.cs:252)
Unity.Entities.DefaultWorldInitialization:AddSystemToRootLevelSystemGroupsInternal (Unity.Entities.World,Unity.Collections.NativeList`1<Unity.Entities.SystemTypeIndex>) (at ./Library/PackageCache/com.unity.entities@6a355619334f/Unity.Entities/DefaultWorldInitialization.cs:291)
Unity.Entities.DefaultWorldInitialization:AddSystemsToRootLevelSystemGroups (Unity.Entities.World,Unity.Collections.NativeList`1<Unity.Entities.SystemTypeIndex>) (at ./Library/PackageCache/com.unity.entities@6a355619334f/Unity.Entities/DefaultWorldInitialization.cs:215)
Unity.NetCode.ClientServerBootstrap:CreateClientWorld (string,Unity.Collections.NativeList`1<Unity.Entities.SystemTypeIndex>) (at ./Library/PackageCache/com.unity.netcode@2fb2edf0390f/Runtime/ClientServerWorld/ClientServerBootstrap.cs:287)
Unity.NetCode.ClientServerBootstrap:CreateClientWorld (string) (at ./Library/PackageCache/com.unity.netcode@2fb2edf0390f/Runtime/ClientServerWorld/ClientServerBootstrap.cs:274)
Unity.NetCode.ClientServerBootstrap:CreateDefaultClientServerWorlds () (at ./Library/PackageCache/com.unity.netcode@2fb2edf0390f/Runtime/ClientServerWorld/ClientServerBootstrap.cs:228)
Dumativa.Rasek.Backend.NetcodeBootstrap:Initialize (string) (at Assets/Scripts/_DOTS/Connection/NetcodeBootstrap.cs:82)
Unity.Entities.DefaultWorldInitialization:Initialize (string,bool) (at ./Library/PackageCache/com.unity.entities@6a355619334f/Unity.Entities/DefaultWorldInitialization.cs:134)
Unity.Entities.AutomaticWorldBootstrap:Initialize () (at ./Library/PackageCache/com.unity.entities@6a355619334f/Unity.Entities.Hybrid/Injection/AutomaticWorldBootstrap.cs:16)

[QuestDataSO] Validation <color=red>error</color> for CQT_M_002 | Errors below
- <b>Rewarded skill</b> must not be null at index 0.

UnityEngine.Debug:LogError (object,UnityEngine.Object)
Dumativa.Rasek.Quests.QuestDataSO:Validate () (at Assets/Scripts/_DOTS/Quests/QuestDataSO.cs:124)
Dumativa.Rasek.Quests.QuestLibraryInitializationSystem/<>c:<OnCreate>b__3_0 (Dumativa.Rasek.Quests.QuestDataSO) (at Assets/Scripts/_DOTS/Quests/QuestLibraryInitializationSystem.cs:145)
System.Linq.Enumerable:ToArray<Dumativa.Rasek.Quests.QuestDataSO> (System.Collections.Generic.IEnumerable`1<Dumativa.Rasek.Quests.QuestDataSO>)
Dumativa.Rasek.Quests.QuestLibraryInitializationSystem:OnCreate (Unity.Entities.SystemState&) (at Assets/Scripts/_DOTS/Quests/QuestLibraryInitializationSystem.cs:145)
Dumativa.Rasek.Quests.QuestLibraryInitializationSystem:__codegen__OnCreate (intptr,intptr)
Unity.Entities.SystemBaseRegistry:ForwardToManaged (intptr,Unity.Entities.SystemState*,void*) (at ./Library/PackageCache/com.unity.entities@6a355619334f/Unity.Entities/SystemBaseRegistry.cs:364)
Unity.Entities.SystemBaseRegistry:CallForwardingFunction (Unity.Entities.SystemState*,Unity.Entities.UnmanagedSystemFunctionType) (at ./Library/PackageCache/com.unity.entities@6a355619334f/Unity.Entities/SystemBaseRegistry.cs:333)
Unity.Entities.SystemBaseRegistry:CallOnCreate (Unity.Entities.SystemState*) (at ./Library/PackageCache/com.unity.entities@6a355619334f/Unity.Entities/SystemBaseRegistry.cs:370)
Unity.Entities.WorldUnmanagedImpl:CallSystemOnCreateWithCleanup (Unity.Entities.SystemState*) (at ./Library/PackageCache/com.unity.entities@6a355619334f/Unity.Entities/WorldUnmanaged.cs:614)
Unity.Entities.World:GetOrCreateSystemsAndLogException (Unity.Collections.NativeList`1<Unity.Entities.SystemTypeIndex>,int,Unity.Collections.AllocatorManager/AllocatorHandle) (at ./Library/PackageCache/com.unity.entities@6a355619334f/Unity.Entities/World.cs:1282)
Unity.Entities.World:GetOrCreateSystemsAndLogException (Unity.Collections.NativeList`1<Unity.Entities.SystemTypeIndex>,Unity.Collections.AllocatorManager/AllocatorHandle) (at ./Library/PackageCache/com.unity.entities@6a355619334f/Unity.Entities/World.cs:1321)
Unity.Entities.DefaultWorldInitialization:AddSystemToRootLevelSystemGroupsInternal<Unity.Entities.DefaultWorldInitialization/DefaultRootGroups> (Unity.Entities.World,Unity.Collections.NativeList`1<Unity.Entities.SystemTypeIndex>,Unity.Entities.ComponentSystemGroup,Unity.Entities.DefaultWorldInitialization/DefaultRootGroups) (at ./Library/PackageCache/com.unity.entities@6a355619334f/Unity.Entities/DefaultWorldInitialization.cs:252)
Unity.Entities.DefaultWorldInitialization:AddSystemToRootLevelSystemGroupsInternal (Unity.Entities.World,Unity.Collections.NativeList`1<Unity.Entities.SystemTypeIndex>) (at ./Library/PackageCache/com.unity.entities@6a355619334f/Unity.Entities/DefaultWorldInitialization.cs:291)
Unity.Entities.DefaultWorldInitialization:AddSystemsToRootLevelSystemGroups (Unity.Entities.World,Unity.Collections.NativeList`1<Unity.Entities.SystemTypeIndex>) (at ./Library/PackageCache/com.unity.entities@6a355619334f/Unity.Entities/DefaultWorldInitialization.cs:215)
Unity.NetCode.ClientServerBootstrap:CreateClientWorld (string,Unity.Collections.NativeList`1<Unity.Entities.SystemTypeIndex>) (at ./Library/PackageCache/com.unity.netcode@2fb2edf0390f/Runtime/ClientServerWorld/ClientServerBootstrap.cs:287)
Unity.NetCode.ClientServerBootstrap:CreateClientWorld (string) (at ./Library/PackageCache/com.unity.netcode@2fb2edf0390f/Runtime/ClientServerWorld/ClientServerBootstrap.cs:274)
Unity.NetCode.ClientServerBootstrap:CreateDefaultClientServerWorlds () (at ./Library/PackageCache/com.unity.netcode@2fb2edf0390f/Runtime/ClientServerWorld/ClientServerBootstrap.cs:228)
Dumativa.Rasek.Backend.NetcodeBootstrap:Initialize (string) (at Assets/Scripts/_DOTS/Connection/NetcodeBootstrap.cs:82)
Unity.Entities.DefaultWorldInitialization:Initialize (string,bool) (at ./Library/PackageCache/com.unity.entities@6a355619334f/Unity.Entities/DefaultWorldInitialization.cs:134)
Unity.Entities.AutomaticWorldBootstrap:Initialize () (at ./Library/PackageCache/com.unity.entities@6a355619334f/Unity.Entities.Hybrid/Injection/AutomaticWorldBootstrap.cs:16)

[QuestDataSO] Validation <color=red>error</color> for CQT_M_003 | Errors below
- <b>Rewarded skill</b> must not be null at index 0.

UnityEngine.Debug:LogError (object,UnityEngine.Object)
Dumativa.Rasek.Quests.QuestDataSO:Validate () (at Assets/Scripts/_DOTS/Quests/QuestDataSO.cs:124)
Dumativa.Rasek.Quests.QuestLibraryInitializationSystem/<>c:<OnCreate>b__3_0 (Dumativa.Rasek.Quests.QuestDataSO) (at Assets/Scripts/_DOTS/Quests/QuestLibraryInitializationSystem.cs:145)
System.Linq.Enumerable:ToArray<Dumativa.Rasek.Quests.QuestDataSO> (System.Collections.Generic.IEnumerable`1<Dumativa.Rasek.Quests.QuestDataSO>)
Dumativa.Rasek.Quests.QuestLibraryInitializationSystem:OnCreate (Unity.Entities.SystemState&) (at Assets/Scripts/_DOTS/Quests/QuestLibraryInitializationSystem.cs:145)
Dumativa.Rasek.Quests.QuestLibraryInitializationSystem:__codegen__OnCreate (intptr,intptr)
Unity.Entities.SystemBaseRegistry:ForwardToManaged (intptr,Unity.Entities.SystemState*,void*) (at ./Library/PackageCache/com.unity.entities@6a355619334f/Unity.Entities/SystemBaseRegistry.cs:364)
Unity.Entities.SystemBaseRegistry:CallForwardingFunction (Unity.Entities.SystemState*,Unity.Entities.UnmanagedSystemFunctionType) (at ./Library/PackageCache/com.unity.entities@6a355619334f/Unity.Entities/SystemBaseRegistry.cs:333)
Unity.Entities.SystemBaseRegistry:CallOnCreate (Unity.Entities.SystemState*) (at ./Library/PackageCache/com.unity.entities@6a355619334f/Unity.Entities/SystemBaseRegistry.cs:370)
Unity.Entities.WorldUnmanagedImpl:CallSystemOnCreateWithCleanup (Unity.Entities.SystemState*) (at ./Library/PackageCache/com.unity.entities@6a355619334f/Unity.Entities/WorldUnmanaged.cs:614)
Unity.Entities.World:GetOrCreateSystemsAndLogException (Unity.Collections.NativeList`1<Unity.Entities.SystemTypeIndex>,int,Unity.Collections.AllocatorManager/AllocatorHandle) (at ./Library/PackageCache/com.unity.entities@6a355619334f/Unity.Entities/World.cs:1282)
Unity.Entities.World:GetOrCreateSystemsAndLogException (Unity.Collections.NativeList`1<Unity.Entities.SystemTypeIndex>,Unity.Collections.AllocatorManager/AllocatorHandle) (at ./Library/PackageCache/com.unity.entities@6a355619334f/Unity.Entities/World.cs:1321)
Unity.Entities.DefaultWorldInitialization:AddSystemToRootLevelSystemGroupsInternal<Unity.Entities.DefaultWorldInitialization/DefaultRootGroups> (Unity.Entities.World,Unity.Collections.NativeList`1<Unity.Entities.SystemTypeIndex>,Unity.Entities.ComponentSystemGroup,Unity.Entities.DefaultWorldInitialization/DefaultRootGroups) (at ./Library/PackageCache/com.unity.entities@6a355619334f/Unity.Entities/DefaultWorldInitialization.cs:252)
Unity.Entities.DefaultWorldInitialization:AddSystemToRootLevelSystemGroupsInternal (Unity.Entities.World,Unity.Collections.NativeList`1<Unity.Entities.SystemTypeIndex>) (at ./Library/PackageCache/com.unity.entities@6a355619334f/Unity.Entities/DefaultWorldInitialization.cs:291)
Unity.Entities.DefaultWorldInitialization:AddSystemsToRootLevelSystemGroups (Unity.Entities.World,Unity.Collections.NativeList`1<Unity.Entities.SystemTypeIndex>) (at ./Library/PackageCache/com.unity.entities@6a355619334f/Unity.Entities/DefaultWorldInitialization.cs:215)
Unity.NetCode.ClientServerBootstrap:CreateClientWorld (string,Unity.Collections.NativeList`1<Unity.Entities.SystemTypeIndex>) (at ./Library/PackageCache/com.unity.netcode@2fb2edf0390f/Runtime/ClientServerWorld/ClientServerBootstrap.cs:287)
Unity.NetCode.ClientServerBootstrap:CreateClientWorld (string) (at ./Library/PackageCache/com.unity.netcode@2fb2edf0390f/Runtime/ClientServerWorld/ClientServerBootstrap.cs:274)
Unity.NetCode.ClientServerBootstrap:CreateDefaultClientServerWorlds () (at ./Library/PackageCache/com.unity.netcode@2fb2edf0390f/Runtime/ClientServerWorld/ClientServerBootstrap.cs:228)
Dumativa.Rasek.Backend.NetcodeBootstrap:Initialize (string) (at Assets/Scripts/_DOTS/Connection/NetcodeBootstrap.cs:82)
Unity.Entities.DefaultWorldInitialization:Initialize (string,bool) (at ./Library/PackageCache/com.unity.entities@6a355619334f/Unity.Entities/DefaultWorldInitialization.cs:134)
Unity.Entities.AutomaticWorldBootstrap:Initialize () (at ./Library/PackageCache/com.unity.entities@6a355619334f/Unity.Entities.Hybrid/Injection/AutomaticWorldBootstrap.cs:16)

[QuestDataSO] Validation <color=red>error</color> for CQT_W_001 | Errors below
- <b>Rewarded skill</b> must not be null at index 0.

UnityEngine.Debug:LogError (object,UnityEngine.Object)
Dumativa.Rasek.Quests.QuestDataSO:Validate () (at Assets/Scripts/_DOTS/Quests/QuestDataSO.cs:124)
Dumativa.Rasek.Quests.QuestLibraryInitializationSystem/<>c:<OnCreate>b__3_0 (Dumativa.Rasek.Quests.QuestDataSO) (at Assets/Scripts/_DOTS/Quests/QuestLibraryInitializationSystem.cs:145)
System.Linq.Enumerable:ToArray<Dumativa.Rasek.Quests.QuestDataSO> (System.Collections.Generic.IEnumerable`1<Dumativa.Rasek.Quests.QuestDataSO>)
Dumativa.Rasek.Quests.QuestLibraryInitializationSystem:OnCreate (Unity.Entities.SystemState&) (at Assets/Scripts/_DOTS/Quests/QuestLibraryInitializationSystem.cs:145)
Dumativa.Rasek.Quests.QuestLibraryInitializationSystem:__codegen__OnCreate (intptr,intptr)
Unity.Entities.SystemBaseRegistry:ForwardToManaged (intptr,Unity.Entities.SystemState*,void*) (at ./Library/PackageCache/com.unity.entities@6a355619334f/Unity.Entities/SystemBaseRegistry.cs:364)
Unity.Entities.SystemBaseRegistry:CallForwardingFunction (Unity.Entities.SystemState*,Unity.Entities.UnmanagedSystemFunctionType) (at ./Library/PackageCache/com.unity.entities@6a355619334f/Unity.Entities/SystemBaseRegistry.cs:333)
Unity.Entities.SystemBaseRegistry:CallOnCreate (Unity.Entities.SystemState*) (at ./Library/PackageCache/com.unity.entities@6a355619334f/Unity.Entities/SystemBaseRegistry.cs:370)
Unity.Entities.WorldUnmanagedImpl:CallSystemOnCreateWithCleanup (Unity.Entities.SystemState*) (at ./Library/PackageCache/com.unity.entities@6a355619334f/Unity.Entities/WorldUnmanaged.cs:614)
Unity.Entities.World:GetOrCreateSystemsAndLogException (Unity.Collections.NativeList`1<Unity.Entities.SystemTypeIndex>,int,Unity.Collections.AllocatorManager/AllocatorHandle) (at ./Library/PackageCache/com.unity.entities@6a355619334f/Unity.Entities/World.cs:1282)
Unity.Entities.World:GetOrCreateSystemsAndLogException (Unity.Collections.NativeList`1<Unity.Entities.SystemTypeIndex>,Unity.Collections.AllocatorManager/AllocatorHandle) (at ./Library/PackageCache/com.unity.entities@6a355619334f/Unity.Entities/World.cs:1321)
Unity.Entities.DefaultWorldInitialization:AddSystemToRootLevelSystemGroupsInternal<Unity.Entities.DefaultWorldInitialization/DefaultRootGroups> (Unity.Entities.World,Unity.Collections.NativeList`1<Unity.Entities.SystemTypeIndex>,Unity.Entities.ComponentSystemGroup,Unity.Entities.DefaultWorldInitialization/DefaultRootGroups) (at ./Library/PackageCache/com.unity.entities@6a355619334f/Unity.Entities/DefaultWorldInitialization.cs:252)
Unity.Entities.DefaultWorldInitialization:AddSystemToRootLevelSystemGroupsInternal (Unity.Entities.World,Unity.Collections.NativeList`1<Unity.Entities.SystemTypeIndex>) (at ./Library/PackageCache/com.unity.entities@6a355619334f/Unity.Entities/DefaultWorldInitialization.cs:291)
Unity.Entities.DefaultWorldInitialization:AddSystemsToRootLevelSystemGroups (Unity.Entities.World,Unity.Collections.NativeList`1<Unity.Entities.SystemTypeIndex>) (at ./Library/PackageCache/com.unity.entities@6a355619334f/Unity.Entities/DefaultWorldInitialization.cs:215)
Unity.NetCode.ClientServerBootstrap:CreateClientWorld (string,Unity.Collections.NativeList`1<Unity.Entities.SystemTypeIndex>) (at ./Library/PackageCache/com.unity.netcode@2fb2edf0390f/Runtime/ClientServerWorld/ClientServerBootstrap.cs:287)
Unity.NetCode.ClientServerBootstrap:CreateClientWorld (string) (at ./Library/PackageCache/com.unity.netcode@2fb2edf0390f/Runtime/ClientServerWorld/ClientServerBootstrap.cs:274)
Unity.NetCode.ClientServerBootstrap:CreateDefaultClientServerWorlds () (at ./Library/PackageCache/com.unity.netcode@2fb2edf0390f/Runtime/ClientServerWorld/ClientServerBootstrap.cs:228)
Dumativa.Rasek.Backend.NetcodeBootstrap:Initialize (string) (at Assets/Scripts/_DOTS/Connection/NetcodeBootstrap.cs:82)
Unity.Entities.DefaultWorldInitialization:Initialize (string,bool) (at ./Library/PackageCache/com.unity.entities@6a355619334f/Unity.Entities/DefaultWorldInitialization.cs:134)
Unity.Entities.AutomaticWorldBootstrap:Initialize () (at ./Library/PackageCache/com.unity.entities@6a355619334f/Unity.Entities.Hybrid/Injection/AutomaticWorldBootstrap.cs:16)

[QuestDataSO] Validation <color=red>error</color> for CQT_W_002 | Errors below
- <b>Rewarded skill</b> must not be null at index 0.

UnityEngine.Debug:LogError (object,UnityEngine.Object)
Dumativa.Rasek.Quests.QuestDataSO:Validate () (at Assets/Scripts/_DOTS/Quests/QuestDataSO.cs:124)
Dumativa.Rasek.Quests.QuestLibraryInitializationSystem/<>c:<OnCreate>b__3_0 (Dumativa.Rasek.Quests.QuestDataSO) (at Assets/Scripts/_DOTS/Quests/QuestLibraryInitializationSystem.cs:145)
System.Linq.Enumerable:ToArray<Dumativa.Rasek.Quests.QuestDataSO> (System.Collections.Generic.IEnumerable`1<Dumativa.Rasek.Quests.QuestDataSO>)
Dumativa.Rasek.Quests.QuestLibraryInitializationSystem:OnCreate (Unity.Entities.SystemState&) (at Assets/Scripts/_DOTS/Quests/QuestLibraryInitializationSystem.cs:145)
Dumativa.Rasek.Quests.QuestLibraryInitializationSystem:__codegen__OnCreate (intptr,intptr)
Unity.Entities.SystemBaseRegistry:ForwardToManaged (intptr,Unity.Entities.SystemState*,void*) (at ./Library/PackageCache/com.unity.entities@6a355619334f/Unity.Entities/SystemBaseRegistry.cs:364)
Unity.Entities.SystemBaseRegistry:CallForwardingFunction (Unity.Entities.SystemState*,Unity.Entities.UnmanagedSystemFunctionType) (at ./Library/PackageCache/com.unity.entities@6a355619334f/Unity.Entities/SystemBaseRegistry.cs:333)
Unity.Entities.SystemBaseRegistry:CallOnCreate (Unity.Entities.SystemState*) (at ./Library/PackageCache/com.unity.entities@6a355619334f/Unity.Entities/SystemBaseRegistry.cs:370)
Unity.Entities.WorldUnmanagedImpl:CallSystemOnCreateWithCleanup (Unity.Entities.SystemState*) (at ./Library/PackageCache/com.unity.entities@6a355619334f/Unity.Entities/WorldUnmanaged.cs:614)
Unity.Entities.World:GetOrCreateSystemsAndLogException (Unity.Collections.NativeList`1<Unity.Entities.SystemTypeIndex>,int,Unity.Collections.AllocatorManager/AllocatorHandle) (at ./Library/PackageCache/com.unity.entities@6a355619334f/Unity.Entities/World.cs:1282)
Unity.Entities.World:GetOrCreateSystemsAndLogException (Unity.Collections.NativeList`1<Unity.Entities.SystemTypeIndex>,Unity.Collections.AllocatorManager/AllocatorHandle) (at ./Library/PackageCache/com.unity.entities@6a355619334f/Unity.Entities/World.cs:1321)
Unity.Entities.DefaultWorldInitialization:AddSystemToRootLevelSystemGroupsInternal<Unity.Entities.DefaultWorldInitialization/DefaultRootGroups> (Unity.Entities.World,Unity.Collections.NativeList`1<Unity.Entities.SystemTypeIndex>,Unity.Entities.ComponentSystemGroup,Unity.Entities.DefaultWorldInitialization/DefaultRootGroups) (at ./Library/PackageCache/com.unity.entities@6a355619334f/Unity.Entities/DefaultWorldInitialization.cs:252)
Unity.Entities.DefaultWorldInitialization:AddSystemToRootLevelSystemGroupsInternal (Unity.Entities.World,Unity.Collections.NativeList`1<Unity.Entities.SystemTypeIndex>) (at ./Library/PackageCache/com.unity.entities@6a355619334f/Unity.Entities/DefaultWorldInitialization.cs:291)
Unity.Entities.DefaultWorldInitialization:AddSystemsToRootLevelSystemGroups (Unity.Entities.World,Unity.Collections.NativeList`1<Unity.Entities.SystemTypeIndex>) (at ./Library/PackageCache/com.unity.entities@6a355619334f/Unity.Entities/DefaultWorldInitialization.cs:215)
Unity.NetCode.ClientServerBootstrap:CreateClientWorld (string,Unity.Collections.NativeList`1<Unity.Entities.SystemTypeIndex>) (at ./Library/PackageCache/com.unity.netcode@2fb2edf0390f/Runtime/ClientServerWorld/ClientServerBootstrap.cs:287)
Unity.NetCode.ClientServerBootstrap:CreateClientWorld (string) (at ./Library/PackageCache/com.unity.netcode@2fb2edf0390f/Runtime/ClientServerWorld/ClientServerBootstrap.cs:274)
Unity.NetCode.ClientServerBootstrap:CreateDefaultClientServerWorlds () (at ./Library/PackageCache/com.unity.netcode@2fb2edf0390f/Runtime/ClientServerWorld/ClientServerBootstrap.cs:228)
Dumativa.Rasek.Backend.NetcodeBootstrap:Initialize (string) (at Assets/Scripts/_DOTS/Connection/NetcodeBootstrap.cs:82)
Unity.Entities.DefaultWorldInitialization:Initialize (string,bool) (at ./Library/PackageCache/com.unity.entities@6a355619334f/Unity.Entities/DefaultWorldInitialization.cs:134)
Unity.Entities.AutomaticWorldBootstrap:Initialize () (at ./Library/PackageCache/com.unity.entities@6a355619334f/Unity.Entities.Hybrid/Injection/AutomaticWorldBootstrap.cs:16)

[QuestDataSO] Validation <color=green>valid</color> for CQT_W_003
UnityEngine.Debug:Log (object)
Dumativa.Rasek.Quests.QuestDataSO:Validate () (at Assets/Scripts/_DOTS/Quests/QuestDataSO.cs:125)
Dumativa.Rasek.Quests.QuestLibraryInitializationSystem/<>c:<OnCreate>b__3_0 (Dumativa.Rasek.Quests.QuestDataSO) (at Assets/Scripts/_DOTS/Quests/QuestLibraryInitializationSystem.cs:145)
System.Linq.Enumerable:ToArray<Dumativa.Rasek.Quests.QuestDataSO> (System.Collections.Generic.IEnumerable`1<Dumativa.Rasek.Quests.QuestDataSO>)
Dumativa.Rasek.Quests.QuestLibraryInitializationSystem:OnCreate (Unity.Entities.SystemState&) (at Assets/Scripts/_DOTS/Quests/QuestLibraryInitializationSystem.cs:145)
Dumativa.Rasek.Quests.QuestLibraryInitializationSystem:__codegen__OnCreate (intptr,intptr)
Unity.Entities.SystemBaseRegistry:ForwardToManaged (intptr,Unity.Entities.SystemState*,void*) (at ./Library/PackageCache/com.unity.entities@6a355619334f/Unity.Entities/SystemBaseRegistry.cs:364)
Unity.Entities.SystemBaseRegistry:CallForwardingFunction (Unity.Entities.SystemState*,Unity.Entities.UnmanagedSystemFunctionType) (at ./Library/PackageCache/com.unity.entities@6a355619334f/Unity.Entities/SystemBaseRegistry.cs:333)
Unity.Entities.SystemBaseRegistry:CallOnCreate (Unity.Entities.SystemState*) (at ./Library/PackageCache/com.unity.entities@6a355619334f/Unity.Entities/SystemBaseRegistry.cs:370)
Unity.Entities.WorldUnmanagedImpl:CallSystemOnCreateWithCleanup (Unity.Entities.SystemState*) (at ./Library/PackageCache/com.unity.entities@6a355619334f/Unity.Entities/WorldUnmanaged.cs:614)
Unity.Entities.World:GetOrCreateSystemsAndLogException (Unity.Collections.NativeList`1<Unity.Entities.SystemTypeIndex>,int,Unity.Collections.AllocatorManager/AllocatorHandle) (at ./Library/PackageCache/com.unity.entities@6a355619334f/Unity.Entities/World.cs:1282)
Unity.Entities.World:GetOrCreateSystemsAndLogException (Unity.Collections.NativeList`1<Unity.Entities.SystemTypeIndex>,Unity.Collections.AllocatorManager/AllocatorHandle) (at ./Library/PackageCache/com.unity.entities@6a355619334f/Unity.Entities/World.cs:1321)
Unity.Entities.DefaultWorldInitialization:AddSystemToRootLevelSystemGroupsInternal<Unity.Entities.DefaultWorldInitialization/DefaultRootGroups> (Unity.Entities.World,Unity.Collections.NativeList`1<Unity.Entities.SystemTypeIndex>,Unity.Entities.ComponentSystemGroup,Unity.Entities.DefaultWorldInitialization/DefaultRootGroups) (at ./Library/PackageCache/com.unity.entities@6a355619334f/Unity.Entities/DefaultWorldInitialization.cs:252)
Unity.Entities.DefaultWorldInitialization:AddSystemToRootLevelSystemGroupsInternal (Unity.Entities.World,Unity.Collections.NativeList`1<Unity.Entities.SystemTypeIndex>) (at ./Library/PackageCache/com.unity.entities@6a355619334f/Unity.Entities/DefaultWorldInitialization.cs:291)
Unity.Entities.DefaultWorldInitialization:AddSystemsToRootLevelSystemGroups (Unity.Entities.World,Unity.Collections.NativeList`1<Unity.Entities.SystemTypeIndex>) (at ./Library/PackageCache/com.unity.entities@6a355619334f/Unity.Entities/DefaultWorldInitialization.cs:215)
Unity.NetCode.ClientServerBootstrap:CreateClientWorld (string,Unity.Collections.NativeList`1<Unity.Entities.SystemTypeIndex>) (at ./Library/PackageCache/com.unity.netcode@2fb2edf0390f/Runtime/ClientServerWorld/ClientServerBootstrap.cs:287)
Unity.NetCode.ClientServerBootstrap:CreateClientWorld (string) (at ./Library/PackageCache/com.unity.netcode@2fb2edf0390f/Runtime/ClientServerWorld/ClientServerBootstrap.cs:274)
Unity.NetCode.ClientServerBootstrap:CreateDefaultClientServerWorlds () (at ./Library/PackageCache/com.unity.netcode@2fb2edf0390f/Runtime/ClientServerWorld/ClientServerBootstrap.cs:228)
Dumativa.Rasek.Backend.NetcodeBootstrap:Initialize (string) (at Assets/Scripts/_DOTS/Connection/NetcodeBootstrap.cs:82)
Unity.Entities.DefaultWorldInitialization:Initialize (string,bool) (at ./Library/PackageCache/com.unity.entities@6a355619334f/Unity.Entities/DefaultWorldInitialization.cs:134)
Unity.Entities.AutomaticWorldBootstrap:Initialize () (at ./Library/PackageCache/com.unity.entities@6a355619334f/Unity.Entities.Hybrid/Injection/AutomaticWorldBootstrap.cs:16)

[MainMenu|UpdateUI] Loading
UnityEngine.Debug:Log (object)
MainMenuBehaviour/<UpdateUI>d__142:MoveNext () (at Assets/Scripts/_DOTS/MainMenu/MainMenuBehaviour.cs:1164)
System.Runtime.CompilerServices.AsyncVoidMethodBuilder:Start<MainMenuBehaviour/<UpdateUI>d__142> (MainMenuBehaviour/<UpdateUI>d__142&)
MainMenuBehaviour:UpdateUI (MainMenuBehaviour/State)
MainMenuBehaviour:SetupUI () (at Assets/Scripts/_DOTS/MainMenu/MainMenuBehaviour.cs:1007)
MainMenuBehaviour/<Awake>d__93:MoveNext () (at Assets/Scripts/_DOTS/MainMenu/MainMenuBehaviour.cs:182)
System.Runtime.CompilerServices.AsyncVoidMethodBuilder:Start<MainMenuBehaviour/<Awake>d__93> (MainMenuBehaviour/<Awake>d__93&)
MainMenuBehaviour:Awake ()

Loaded PlayerEntityReferenceHolder from Resource
UnityEngine.Debug:Log (object)
Singleton`1<PlayerEntityReferenceHolder>:TryLoad () (at Assets/Scripts/_Backend/Singleton.cs:71)
Singleton`1<PlayerEntityReferenceHolder>:get_Instance () (at Assets/Scripts/_Backend/Singleton.cs:22)
Dumativa.Rasek.Hud.ModalDeathScreen:OnEnable () (at Assets/Scripts/HUD/ModalHudMain/ModalDeathScreen/ModalDeathScreen.cs:97)

Loaded Dumativa.System.Combat.SelectSkillTargetSystem from Scene
UnityEngine.Debug:Log (object)
Singleton`1<Dumativa.System.Combat.SelectSkillTargetSystem>:TryLoad () (at Assets/Scripts/_Backend/Singleton.cs:62)
Singleton`1<Dumativa.System.Combat.SelectSkillTargetSystem>:get_Instance () (at Assets/Scripts/_Backend/Singleton.cs:22)
Dumativa.Rasek.Feedback.SQMVisualizer:OnEnable () (at Assets/Scripts/_DOTS/Presentation/Visuals/SQMVisualizer.cs:44)

[UGS] Started Unity Services!
UnityEngine.Debug:Log (object)
Dumativa.Rasek.Logger:Log (string) (at Assets/Scripts/_DOTS/Connection/Logger.cs:13)
Dumativa.Rasek.Backend.NetcodeBootstrap/<TryInitializeUnityServices>d__13:MoveNext () (at Assets/Scripts/_DOTS/Connection/NetcodeBootstrap.cs:165)
System.Runtime.CompilerServices.AsyncTaskMethodBuilder:SetResult ()
Unity.Services.Core.UnityServices/<InitializeAsync>d__26:MoveNext () (at ./Library/PackageCache/com.unity.services.core@874e9d230d57/Runtime/Core/UnityServices.cs:136)
System.Runtime.CompilerServices.AsyncTaskMethodBuilder:SetResult ()
Unity.Services.Core.Internal.UnityServicesInternal/<InitializeAsync>d__27:MoveNext () (at ./Library/PackageCache/com.unity.services.core@874e9d230d57/Runtime/Core.Internal/UnityServicesInternal.cs:96)
System.Threading.Tasks.TaskCompletionSource`1<object>:TrySetResult (object)
Unity.Services.Core.Internal.UnityServicesInternal/<>c__DisplayClass33_0:<InitializeServicesAsync>g__SucceedServicesInitialization|3 () (at ./Library/PackageCache/com.unity.services.core@874e9d230d57/Runtime/Core.Internal/UnityServicesInternal.cs:191)
Unity.Services.Core.Internal.UnityServicesInternal/<InitializeServicesAsync>d__33:MoveNext () (at ./Library/PackageCache/com.unity.services.core@874e9d230d57/Runtime/Core.Internal/UnityServicesInternal.cs:164)
System.Runtime.CompilerServices.AsyncTaskMethodBuilder:Start<Unity.Services.Core.Internal.UnityServicesInternal/<InitializeServicesAsync>d__33> (Unity.Services.Core.Internal.UnityServicesInternal/<InitializeServicesAsync>d__33&)
Unity.Services.Core.Internal.UnityServicesInternal:InitializeServicesAsync ()
Unity.Services.Core.Internal.UnityServicesInternal/<EnableInitializationAsync>d__36:MoveNext () (at ./Library/PackageCache/com.unity.services.core@874e9d230d57/Runtime/Core.Internal/UnityServicesInternal.cs:217)
System.Runtime.CompilerServices.AsyncTaskMethodBuilder:Start<Unity.Services.Core.Internal.UnityServicesInternal/<EnableInitializationAsync>d__36> (Unity.Services.Core.Internal.UnityServicesInternal/<EnableInitializationAsync>d__36&)
Unity.Services.Core.Internal.UnityServicesInternal:EnableInitializationAsync ()
Unity.Services.Core.Internal.UnityServicesInitializer/<EnableServicesInitializationAsync>d__1:MoveNext () (at ./Library/PackageCache/com.unity.services.core@874e9d230d57/Runtime/Core.Internal/UnityServicesInitializer.cs:32)
System.Runtime.CompilerServices.AsyncVoidMethodBuilder:Start<Unity.Services.Core.Internal.UnityServicesInitializer/<EnableServicesInitializationAsync>d__1> (Unity.Services.Core.Internal.UnityServicesInitializer/<EnableServicesInitializationAsync>d__1&)
Unity.Services.Core.Internal.UnityServicesInitializer:EnableServicesInitializationAsync ()

[Bootstrap] Initializing database connection ...
UnityEngine.Debug:Log (object)
Dumativa.Rasek.Logger:Log (string) (at Assets/Scripts/_DOTS/Connection/Logger.cs:13)
Dumativa.Rasek.Backend.NetcodeBootstrap/<InitializeDatabase>d__17:MoveNext () (at Assets/Scripts/_DOTS/Connection/NetcodeBootstrap.cs:235)
System.Runtime.CompilerServices.AsyncTaskMethodBuilder`1<bool>:Start<Dumativa.Rasek.Backend.NetcodeBootstrap/<InitializeDatabase>d__17> (Dumativa.Rasek.Backend.NetcodeBootstrap/<InitializeDatabase>d__17&)
Dumativa.Rasek.Backend.NetcodeBootstrap:InitializeDatabase (bool)
Dumativa.Rasek.Backend.NetcodeBootstrap/<TestServerLocal>d__9:MoveNext () (at Assets/Scripts/_DOTS/Connection/NetcodeBootstrap.cs:109)
System.Runtime.CompilerServices.AsyncTaskMethodBuilder`1<bool>:SetResult (bool)
Dumativa.Rasek.Backend.NetcodeBootstrap/<TryInitializeUnityServices>d__13:MoveNext () (at Assets/Scripts/_DOTS/Connection/NetcodeBootstrap.cs:174)
System.Runtime.CompilerServices.AsyncTaskMethodBuilder:SetResult ()
Unity.Services.Core.UnityServices/<InitializeAsync>d__26:MoveNext () (at ./Library/PackageCache/com.unity.services.core@874e9d230d57/Runtime/Core/UnityServices.cs:136)
System.Runtime.CompilerServices.AsyncTaskMethodBuilder:SetResult ()
Unity.Services.Core.Internal.UnityServicesInternal/<InitializeAsync>d__27:MoveNext () (at ./Library/PackageCache/com.unity.services.core@874e9d230d57/Runtime/Core.Internal/UnityServicesInternal.cs:96)
System.Threading.Tasks.TaskCompletionSource`1<object>:TrySetResult (object)
Unity.Services.Core.Internal.UnityServicesInternal/<>c__DisplayClass33_0:<InitializeServicesAsync>g__SucceedServicesInitialization|3 () (at ./Library/PackageCache/com.unity.services.core@874e9d230d57/Runtime/Core.Internal/UnityServicesInternal.cs:191)
Unity.Services.Core.Internal.UnityServicesInternal/<InitializeServicesAsync>d__33:MoveNext () (at ./Library/PackageCache/com.unity.services.core@874e9d230d57/Runtime/Core.Internal/UnityServicesInternal.cs:164)
System.Runtime.CompilerServices.AsyncTaskMethodBuilder:Start<Unity.Services.Core.Internal.UnityServicesInternal/<InitializeServicesAsync>d__33> (Unity.Services.Core.Internal.UnityServicesInternal/<InitializeServicesAsync>d__33&)
Unity.Services.Core.Internal.UnityServicesInternal:InitializeServicesAsync ()
Unity.Services.Core.Internal.UnityServicesInternal/<EnableInitializationAsync>d__36:MoveNext () (at ./Library/PackageCache/com.unity.services.core@874e9d230d57/Runtime/Core.Internal/UnityServicesInternal.cs:217)
System.Runtime.CompilerServices.AsyncTaskMethodBuilder:Start<Unity.Services.Core.Internal.UnityServicesInternal/<EnableInitializationAsync>d__36> (Unity.Services.Core.Internal.UnityServicesInternal/<EnableInitializationAsync>d__36&)
Unity.Services.Core.Internal.UnityServicesInternal:EnableInitializationAsync ()
Unity.Services.Core.Internal.UnityServicesInitializer/<EnableServicesInitializationAsync>d__1:MoveNext () (at ./Library/PackageCache/com.unity.services.core@874e9d230d57/Runtime/Core.Internal/UnityServicesInitializer.cs:32)
System.Runtime.CompilerServices.AsyncVoidMethodBuilder:Start<Unity.Services.Core.Internal.UnityServicesInitializer/<EnableServicesInitializationAsync>d__1> (Unity.Services.Core.Internal.UnityServicesInitializer/<EnableServicesInitializationAsync>d__1&)
Unity.Services.Core.Internal.UnityServicesInitializer:EnableServicesInitializationAsync ()

[ServerDeallocation] Initialized
UnityEngine.Debug:Log (object)
Dumativa.Rasek.Logger:Log (string) (at Assets/Scripts/_DOTS/Connection/Logger.cs:13)
Dumativa.Rasek.Backend.ServerDeallocationHandler:Initialize () (at Assets/Scripts/_Backend/ServerDeallocationHandler.cs:30)
Dumativa.Rasek.Backend.NetcodeBootstrap:InitializeMultiplayComponents () (at Assets/Scripts/_DOTS/Connection/NetcodeBootstrap.cs:115)
Dumativa.Rasek.Backend.NetcodeBootstrap/<TestServerLocal>d__9:MoveNext () (at Assets/Scripts/_DOTS/Connection/NetcodeBootstrap.cs:110)
System.Runtime.CompilerServices.AsyncTaskMethodBuilder`1<bool>:SetResult (bool)
Dumativa.Rasek.Backend.NetcodeBootstrap/<TryInitializeUnityServices>d__13:MoveNext () (at Assets/Scripts/_DOTS/Connection/NetcodeBootstrap.cs:174)
System.Runtime.CompilerServices.AsyncTaskMethodBuilder:SetResult ()
Unity.Services.Core.UnityServices/<InitializeAsync>d__26:MoveNext () (at ./Library/PackageCache/com.unity.services.core@874e9d230d57/Runtime/Core/UnityServices.cs:136)
System.Runtime.CompilerServices.AsyncTaskMethodBuilder:SetResult ()
Unity.Services.Core.Internal.UnityServicesInternal/<InitializeAsync>d__27:MoveNext () (at ./Library/PackageCache/com.unity.services.core@874e9d230d57/Runtime/Core.Internal/UnityServicesInternal.cs:96)
System.Threading.Tasks.TaskCompletionSource`1<object>:TrySetResult (object)
Unity.Services.Core.Internal.UnityServicesInternal/<>c__DisplayClass33_0:<InitializeServicesAsync>g__SucceedServicesInitialization|3 () (at ./Library/PackageCache/com.unity.services.core@874e9d230d57/Runtime/Core.Internal/UnityServicesInternal.cs:191)
Unity.Services.Core.Internal.UnityServicesInternal/<InitializeServicesAsync>d__33:MoveNext () (at ./Library/PackageCache/com.unity.services.core@874e9d230d57/Runtime/Core.Internal/UnityServicesInternal.cs:164)
System.Runtime.CompilerServices.AsyncTaskMethodBuilder:Start<Unity.Services.Core.Internal.UnityServicesInternal/<InitializeServicesAsync>d__33> (Unity.Services.Core.Internal.UnityServicesInternal/<InitializeServicesAsync>d__33&)
Unity.Services.Core.Internal.UnityServicesInternal:InitializeServicesAsync ()
Unity.Services.Core.Internal.UnityServicesInternal/<EnableInitializationAsync>d__36:MoveNext () (at ./Library/PackageCache/com.unity.services.core@874e9d230d57/Runtime/Core.Internal/UnityServicesInternal.cs:217)
System.Runtime.CompilerServices.AsyncTaskMethodBuilder:Start<Unity.Services.Core.Internal.UnityServicesInternal/<EnableInitializationAsync>d__36> (Unity.Services.Core.Internal.UnityServicesInternal/<EnableInitializationAsync>d__36&)
Unity.Services.Core.Internal.UnityServicesInternal:EnableInitializationAsync ()
Unity.Services.Core.Internal.UnityServicesInitializer/<EnableServicesInitializationAsync>d__1:MoveNext () (at ./Library/PackageCache/com.unity.services.core@874e9d230d57/Runtime/Core.Internal/UnityServicesInitializer.cs:32)
System.Runtime.CompilerServices.AsyncVoidMethodBuilder:Start<Unity.Services.Core.Internal.UnityServicesInitializer/<EnableServicesInitializationAsync>d__1> (Unity.Services.Core.Internal.UnityServicesInitializer/<EnableServicesInitializationAsync>d__1&)
Unity.Services.Core.Internal.UnityServicesInitializer:EnableServicesInitializationAsync ()

[WorldsReferenceHolder] Startup detected ServerWorld -> ServerWorld
UnityEngine.Debug:Log (object)
WorldsReferenceHolder:Start () (at Assets/Scripts/_DOTS/Netcode Utils/WorldsReferenceHolder.cs:50)

[WorldsReferenceHolder] SetServerWorld -> ServerWorld
UnityEngine.Debug:Log (object)
WorldsReferenceHolder:SetServerWorld (Unity.Entities.World) (at Assets/Scripts/_DOTS/Netcode Utils/WorldsReferenceHolder.cs:66)
WorldsReferenceHolder:Start () (at Assets/Scripts/_DOTS/Netcode Utils/WorldsReferenceHolder.cs:51)

[WorldsReferenceHolder] Startup detected ClientWorld -> ClientWorld
UnityEngine.Debug:Log (object)
WorldsReferenceHolder:Start () (at Assets/Scripts/_DOTS/Netcode Utils/WorldsReferenceHolder.cs:45)

[WorldsReferenceHolder] SetClientWorld -> ClientWorld
UnityEngine.Debug:Log (object)
WorldsReferenceHolder:SetClientWorld (Unity.Entities.World) (at Assets/Scripts/_DOTS/Netcode Utils/WorldsReferenceHolder.cs:59)
WorldsReferenceHolder:Start () (at Assets/Scripts/_DOTS/Netcode Utils/WorldsReferenceHolder.cs:46)

[ServerDeallocationHandler] Disabling deallocation handler since Request Play Type is not server.
UnityEngine.Debug:Log (object)
Dumativa.Rasek.Backend.ServerDeallocationHandler:Start () (at Assets/Scripts/_Backend/ServerDeallocationHandler.cs:60)

[DefineCheck] RASEK_DEBUG is OFF
UnityEngine.Debug:Log (object)
MainMenuBehaviour/<Start>d__96:MoveNext () (at Assets/Scripts/_DOTS/MainMenu/MainMenuBehaviour.cs:275)
System.Runtime.CompilerServices.AsyncVoidMethodBuilder:Start<MainMenuBehaviour/<Start>d__96> (MainMenuBehaviour/<Start>d__96&)
MainMenuBehaviour:Start ()

[DefineCheck] RASEK_SERVER is OFF
UnityEngine.Debug:Log (object)
MainMenuBehaviour/<Start>d__96:MoveNext () (at Assets/Scripts/_DOTS/MainMenu/MainMenuBehaviour.cs:281)
System.Runtime.CompilerServices.AsyncVoidMethodBuilder:Start<MainMenuBehaviour/<Start>d__96> (MainMenuBehaviour/<Start>d__96&)
MainMenuBehaviour:Start ()

[DefineCheck] UNITY_SERVER is OFF
UnityEngine.Debug:Log (object)
MainMenuBehaviour/<Start>d__96:MoveNext () (at Assets/Scripts/_DOTS/MainMenu/MainMenuBehaviour.cs:287)
System.Runtime.CompilerServices.AsyncVoidMethodBuilder:Start<MainMenuBehaviour/<Start>d__96> (MainMenuBehaviour/<Start>d__96&)
MainMenuBehaviour:Start ()

[DefineCheck] Requested play type = ClientAndServer
UnityEngine.Debug:Log (object)
MainMenuBehaviour/<Start>d__96:MoveNext () (at Assets/Scripts/_DOTS/MainMenu/MainMenuBehaviour.cs:290)
System.Runtime.CompilerServices.AsyncVoidMethodBuilder:Start<MainMenuBehaviour/<Start>d__96> (MainMenuBehaviour/<Start>d__96&)
MainMenuBehaviour:Start ()

[MainMenu] Before init
UnityEngine.Debug:Log (object)
MainMenuBehaviour/<Start>d__96:MoveNext () (at Assets/Scripts/_DOTS/MainMenu/MainMenuBehaviour.cs:292)
System.Runtime.CompilerServices.AsyncVoidMethodBuilder:Start<MainMenuBehaviour/<Start>d__96> (MainMenuBehaviour/<Start>d__96&)
MainMenuBehaviour:Start ()

[UGS] Starting Unity Services ...
UnityEngine.Debug:Log (object)
Dumativa.Rasek.Logger:Log (string) (at Assets/Scripts/_DOTS/Connection/Logger.cs:13)
Dumativa.Rasek.Backend.NetcodeBootstrap/<TryInitializeUnityServices>d__13:MoveNext () (at Assets/Scripts/_DOTS/Connection/NetcodeBootstrap.cs:152)
System.Runtime.CompilerServices.AsyncTaskMethodBuilder`1<bool>:Start<Dumativa.Rasek.Backend.NetcodeBootstrap/<TryInitializeUnityServices>d__13> (Dumativa.Rasek.Backend.NetcodeBootstrap/<TryInitializeUnityServices>d__13&)
Dumativa.Rasek.Backend.NetcodeBootstrap:TryInitializeUnityServices (string)
MainMenuBehaviour/<Start>d__96:MoveNext () (at Assets/Scripts/_DOTS/MainMenu/MainMenuBehaviour.cs:293)
System.Runtime.CompilerServices.AsyncVoidMethodBuilder:Start<MainMenuBehaviour/<Start>d__96> (MainMenuBehaviour/<Start>d__96&)
MainMenuBehaviour:Start ()

[UGS] Started Unity Services!
UnityEngine.Debug:Log (object)
Dumativa.Rasek.Logger:Log (string) (at Assets/Scripts/_DOTS/Connection/Logger.cs:13)
Dumativa.Rasek.Backend.NetcodeBootstrap/<TryInitializeUnityServices>d__13:MoveNext () (at Assets/Scripts/_DOTS/Connection/NetcodeBootstrap.cs:165)
System.Runtime.CompilerServices.AsyncTaskMethodBuilder`1<bool>:Start<Dumativa.Rasek.Backend.NetcodeBootstrap/<TryInitializeUnityServices>d__13> (Dumativa.Rasek.Backend.NetcodeBootstrap/<TryInitializeUnityServices>d__13&)
Dumativa.Rasek.Backend.NetcodeBootstrap:TryInitializeUnityServices (string)
MainMenuBehaviour/<Start>d__96:MoveNext () (at Assets/Scripts/_DOTS/MainMenu/MainMenuBehaviour.cs:293)
System.Runtime.CompilerServices.AsyncVoidMethodBuilder:Start<MainMenuBehaviour/<Start>d__96> (MainMenuBehaviour/<Start>d__96&)
MainMenuBehaviour:Start ()

[MainMenu] After init, before cache
UnityEngine.Debug:Log (object)
MainMenuBehaviour/<Start>d__96:MoveNext () (at Assets/Scripts/_DOTS/MainMenu/MainMenuBehaviour.cs:298)
System.Runtime.CompilerServices.AsyncVoidMethodBuilder:Start<MainMenuBehaviour/<Start>d__96> (MainMenuBehaviour/<Start>d__96&)
MainMenuBehaviour:Start ()

[MainMenu|UpdateUI] SignedOut
UnityEngine.Debug:Log (object)
MainMenuBehaviour/<UpdateUI>d__142:MoveNext () (at Assets/Scripts/_DOTS/MainMenu/MainMenuBehaviour.cs:1164)
System.Runtime.CompilerServices.AsyncVoidMethodBuilder:Start<MainMenuBehaviour/<UpdateUI>d__142> (MainMenuBehaviour/<UpdateUI>d__142&)
MainMenuBehaviour:UpdateUI (MainMenuBehaviour/State)
MainMenuBehaviour/<Start>d__96:MoveNext () (at Assets/Scripts/_DOTS/MainMenu/MainMenuBehaviour.cs:300)
System.Runtime.CompilerServices.AsyncVoidMethodBuilder:Start<MainMenuBehaviour/<Start>d__96> (MainMenuBehaviour/<Start>d__96&)
MainMenuBehaviour:Start ()

[PathfindingMonitor] PathfindingMonitor | TileMapDataConverter not find
UnityEngine.Debug:LogError (object)
Dumativa.Rasek.Analytics.PathfindingMonitor:TrySetComponents () (at Assets/Scripts/_DOTS/DebugMonitor/Monitor/Pathfinding/PathfindingMonitor.cs:311)
Dumativa.Rasek.Analytics.PathfindingMonitor:.ctor (int,UnityEngine.Color,int,UnityEngine.Color) (at Assets/Scripts/_DOTS/DebugMonitor/Monitor/Pathfinding/PathfindingMonitor.cs:60)
Dumativa.Rasek.Analytics.ManagerRenderDebugPanel:InitializeMonitors () (at Assets/Scripts/_DOTS/DebugMonitor/ManagerRenderDebugPanel.cs:127)
Dumativa.Rasek.Analytics.ManagerRenderDebugPanel:Start () (at Assets/Scripts/_DOTS/DebugMonitor/ManagerRenderDebugPanel.cs:70)

[GetServer] Checking server status...
UnityEngine.Debug:Log (object)
MainMenuBehaviour/<GetServer>d__149:MoveNext () (at Assets/Scripts/_DOTS/MainMenu/MainMenuBehaviour.cs:1503)
UnityEngine.MonoBehaviour:StartCoroutine (System.Collections.IEnumerator)
MainMenuBehaviour/<CheckForAvailableServer>d__97:MoveNext () (at Assets/Scripts/_DOTS/MainMenu/MainMenuBehaviour.cs:332)
UnityEngine.MonoBehaviour:StartCoroutine (System.Collections.IEnumerator)
MainMenuBehaviour/<Awake>d__93:MoveNext () (at Assets/Scripts/_DOTS/MainMenu/MainMenuBehaviour.cs:190)
System.Runtime.CompilerServices.AsyncTaskMethodBuilder:SetResult ()
Dumativa.Rasek.Backend.RasekBackRequester/<InitUGS>d__8:MoveNext () (at Assets/Scripts/Backend/RasekBackRequester.cs:36)
System.Runtime.CompilerServices.AsyncTaskMethodBuilder:SetResult ()
Unity.Services.Authentication.AuthenticationServiceInternal/<HandleSignInRequestAsync>d__136:MoveNext () (at ./Library/PackageCache/com.unity.services.authentication@c43f6f840fa0/Runtime/AuthenticationServiceInternal.cs:327)
System.Runtime.CompilerServices.AsyncTaskMethodBuilder`1<Unity.Services.Authentication.SignInResponse>:SetResult (Unity.Services.Authentication.SignInResponse)
Unity.Services.Authentication.WebRequest/<SendAsync>d__15`1<Unity.Services.Authentication.SignInResponse>:MoveNext () (at ./Library/PackageCache/com.unity.services.authentication@c43f6f840fa0/Runtime/Network/WebRequest.cs:66)
System.Threading.Tasks.TaskCompletionSource`1<string>:SetResult (string)
Unity.Services.Authentication.WebRequest:RequestCompleted (System.Threading.Tasks.TaskCompletionSource`1<string>,long,bool,bool,string,string,System.Collections.Generic.IDictionary`2<string, string>) (at ./Library/PackageCache/com.unity.services.authentication@c43f6f840fa0/Runtime/Network/WebRequest.cs:198)
Unity.Services.Authentication.WebRequest/<>c__DisplayClass16_0:<SendAttemptAsync>b__0 (UnityEngine.AsyncOperation) (at ./Library/PackageCache/com.unity.services.authentication@c43f6f840fa0/Runtime/Network/WebRequest.cs:76)
UnityEngine.AsyncOperation:InvokeCompletionEvent ()

[GetServersList] | BaseURL: https://services.api.unity.com/multiplay/servers/v1/projects/7c619052-33b8-42ab-aef6-8e4d87536d76/environments/f6ece214-7d6b-4441-b5f3-2a5baf484501/ | EnvironmentId: f6ece214-7d6b-4441-b5f3-2a5baf484501
UnityEngine.Debug:Log (object)
Dumativa.Rasek.Backend.RasekBackRequester:GetServersList () (at Assets/Scripts/Backend/RasekBackRequester.cs:56)
MainMenuBehaviour/<GetServer>d__149:MoveNext () (at Assets/Scripts/_DOTS/MainMenu/MainMenuBehaviour.cs:1507)
UnityEngine.MonoBehaviour:StartCoroutine (System.Collections.IEnumerator)
MainMenuBehaviour/<CheckForAvailableServer>d__97:MoveNext () (at Assets/Scripts/_DOTS/MainMenu/MainMenuBehaviour.cs:332)
UnityEngine.MonoBehaviour:StartCoroutine (System.Collections.IEnumerator)
MainMenuBehaviour/<Awake>d__93:MoveNext () (at Assets/Scripts/_DOTS/MainMenu/MainMenuBehaviour.cs:190)
System.Runtime.CompilerServices.AsyncTaskMethodBuilder:SetResult ()
Dumativa.Rasek.Backend.RasekBackRequester/<InitUGS>d__8:MoveNext () (at Assets/Scripts/Backend/RasekBackRequester.cs:36)
System.Runtime.CompilerServices.AsyncTaskMethodBuilder:SetResult ()
Unity.Services.Authentication.AuthenticationServiceInternal/<HandleSignInRequestAsync>d__136:MoveNext () (at ./Library/PackageCache/com.unity.services.authentication@c43f6f840fa0/Runtime/AuthenticationServiceInternal.cs:327)
System.Runtime.CompilerServices.AsyncTaskMethodBuilder`1<Unity.Services.Authentication.SignInResponse>:SetResult (Unity.Services.Authentication.SignInResponse)
Unity.Services.Authentication.WebRequest/<SendAsync>d__15`1<Unity.Services.Authentication.SignInResponse>:MoveNext () (at ./Library/PackageCache/com.unity.services.authentication@c43f6f840fa0/Runtime/Network/WebRequest.cs:66)
System.Threading.Tasks.TaskCompletionSource`1<string>:SetResult (string)
Unity.Services.Authentication.WebRequest:RequestCompleted (System.Threading.Tasks.TaskCompletionSource`1<string>,long,bool,bool,string,string,System.Collections.Generic.IDictionary`2<string, string>) (at ./Library/PackageCache/com.unity.services.authentication@c43f6f840fa0/Runtime/Network/WebRequest.cs:198)
Unity.Services.Authentication.WebRequest/<>c__DisplayClass16_0:<SendAttemptAsync>b__0 (UnityEngine.AsyncOperation) (at ./Library/PackageCache/com.unity.services.authentication@c43f6f840fa0/Runtime/Network/WebRequest.cs:76)
UnityEngine.AsyncOperation:InvokeCompletionEvent ()

[DefaultDriverConstructor.RegisterClientUdpDriver] Creating the client default UDP socket network interface driver.
UnityEngine.Debug:Log (object)
Unity.Logging.Sinks.ManagedUnityEngineDebugLogWrapper:WriteFunc (Unity.Logging.LogLevel,byte*,int) (at ./Library/PackageCache/com.unity.logging@85e874eaccae/Runtime/TestSinks/UnityDebugLogSink.cs:147)

[DefaultDriverConstructor.RegisterServerIpcDriver] Creating the server default IPC network interface driver.
UnityEngine.Debug:Log (object)
Unity.Logging.Sinks.ManagedUnityEngineDebugLogWrapper:WriteFunc (Unity.Logging.LogLevel,byte*,int) (at ./Library/PackageCache/com.unity.logging@85e874eaccae/Runtime/TestSinks/UnityDebugLogSink.cs:147)

[DefaultDriverConstructor.RegisterServerUdpDriver] Creating the server default socket network interface driver.
UnityEngine.Debug:Log (object)
Unity.Logging.Sinks.ManagedUnityEngineDebugLogWrapper:WriteFunc (Unity.Logging.LogLevel,byte*,int) (at ./Library/PackageCache/com.unity.logging@85e874eaccae/Runtime/TestSinks/UnityDebugLogSink.cs:147)

[Server][GoInGameSystem] Server started listening at port 7979
UnityEngine.Debug:Log (object)
Unity.Logging.Sinks.ManagedUnityEngineDebugLogWrapper:WriteFunc (Unity.Logging.LogLevel,byte*,int) (at ./Library/PackageCache/com.unity.logging@85e874eaccae/Runtime/TestSinks/UnityDebugLogSink.cs:147)

[BattleListManagerSystem] OnCreate | Battle list initialized: [Create default: [Lenght: 1], Battle list entry default: 0, Sort: 0, Type: 1].
UnityEngine.Debug:Log (object)
Unity.Logging.Sinks.ManagedUnityEngineDebugLogWrapper:WriteFunc (Unity.Logging.LogLevel,byte*,int) (at ./Library/PackageCache/com.unity.logging@85e874eaccae/Runtime/TestSinks/UnityDebugLogSink.cs:147)

[ThinClientWorld2] NetworkProtocolVersion finalized with: NPV[NetCodeVersion:2, GameVersion:0, RpcCollection:10106481564060997224, ComponentCollection:6911038318169943688], DefaultVariants:1, Serializers:50, SS:60, InputBuffers:2, RPCs:105, DynamicAssemblyList:False!
UnityEngine.Debug:Log (object)
Unity.Logging.Sinks.ManagedUnityEngineDebugLogWrapper:WriteFunc (Unity.Logging.LogLevel,byte*,int) (at ./Library/PackageCache/com.unity.logging@85e874eaccae/Runtime/TestSinks/UnityDebugLogSink.cs:147)

[ThinClientWorld1] NetworkProtocolVersion finalized with: NPV[NetCodeVersion:2, GameVersion:0, RpcCollection:10106481564060997224, ComponentCollection:6911038318169943688], DefaultVariants:1, Serializers:50, SS:60, InputBuffers:2, RPCs:105, DynamicAssemblyList:False!
UnityEngine.Debug:Log (object)
Unity.Logging.Sinks.ManagedUnityEngineDebugLogWrapper:WriteFunc (Unity.Logging.LogLevel,byte*,int) (at ./Library/PackageCache/com.unity.logging@85e874eaccae/Runtime/TestSinks/UnityDebugLogSink.cs:147)

[ClientWorld] NetworkProtocolVersion finalized with: NPV[NetCodeVersion:2, GameVersion:0, RpcCollection:10106481564060997224, ComponentCollection:6911038318169943688], DefaultVariants:1, Serializers:50, SS:60, InputBuffers:2, RPCs:105, DynamicAssemblyList:False!
UnityEngine.Debug:Log (object)
Unity.Logging.Sinks.ManagedUnityEngineDebugLogWrapper:WriteFunc (Unity.Logging.LogLevel,byte*,int) (at ./Library/PackageCache/com.unity.logging@85e874eaccae/Runtime/TestSinks/UnityDebugLogSink.cs:147)

[ServerWorld] NetworkProtocolVersion finalized with: NPV[NetCodeVersion:2, GameVersion:0, RpcCollection:10106481564060997224, ComponentCollection:6911038318169943688], DefaultVariants:1, Serializers:50, SS:60, InputBuffers:2, RPCs:105, DynamicAssemblyList:False!
UnityEngine.Debug:Log (object)
Unity.Logging.Sinks.ManagedUnityEngineDebugLogWrapper:WriteFunc (Unity.Logging.LogLevel,byte*,int) (at ./Library/PackageCache/com.unity.logging@85e874eaccae/Runtime/TestSinks/UnityDebugLogSink.cs:147)

[GetServer] Found 2 servers in total
UnityEngine.Debug:Log (object)
MainMenuBehaviour/<GetServer>d__149:MoveNext () (at Assets/Scripts/_DOTS/MainMenu/MainMenuBehaviour.cs:1515)
UnityEngine.SetupCoroutine:InvokeMoveNext (System.Collections.IEnumerator,intptr)

[GetServer] Server: IP=35.198.3.98, Port=9000, Status=ALLOCATED, IsDedicated=False, ServerId=
UnityEngine.Debug:Log (object)
MainMenuBehaviour/<GetServer>d__149:MoveNext () (at Assets/Scripts/_DOTS/MainMenu/MainMenuBehaviour.cs:1522)
UnityEngine.SetupCoroutine:InvokeMoveNext (System.Collections.IEnumerator,intptr)

[GetServer] Server: IP=35.199.108.161, Port=9000, Status=AVAILABLE, IsDedicated=False, ServerId=
UnityEngine.Debug:Log (object)
MainMenuBehaviour/<GetServer>d__149:MoveNext () (at Assets/Scripts/_DOTS/MainMenu/MainMenuBehaviour.cs:1522)
UnityEngine.SetupCoroutine:InvokeMoveNext (System.Collections.IEnumerator,intptr)

[IdentifyDedicatedServers] Payload: {"TitleId":"BDB4A","Servers":[{"IP":"35.198.3.98","Port":9000,"Status":"ALLOCATED","ServerId":null}]}
UnityEngine.Debug:Log (object)
MainMenuBehaviour/<IdentifyDedicatedServersCoroutine>d__150:MoveNext () (at Assets/Scripts/_DOTS/MainMenu/MainMenuBehaviour.cs:1651)
UnityEngine.MonoBehaviour:StartCoroutine (System.Collections.IEnumerator)
MainMenuBehaviour/<GetServer>d__149:MoveNext () (at Assets/Scripts/_DOTS/MainMenu/MainMenuBehaviour.cs:1533)
UnityEngine.SetupCoroutine:InvokeMoveNext (System.Collections.IEnumerator,intptr)

Server tick batching has occured. 4 ticks have been batched into 1.
UnityEngine.Debug:Log (object)
Unity.Logging.Sinks.ManagedUnityEngineDebugLogWrapper:WriteFunc (Unity.Logging.LogLevel,byte*,int) (at ./Library/PackageCache/com.unity.logging@85e874eaccae/Runtime/TestSinks/UnityDebugLogSink.cs:147)

Server tick batching has occured. 2 ticks have been batched into 1.
UnityEngine.Debug:Log (object)
Unity.Logging.Sinks.ManagedUnityEngineDebugLogWrapper:WriteFunc (Unity.Logging.LogLevel,byte*,int) (at ./Library/PackageCache/com.unity.logging@85e874eaccae/Runtime/TestSinks/UnityDebugLogSink.cs:147)

[GetServer] Found dedicated server: False
UnityEngine.Debug:Log (object)
MainMenuBehaviour/<GetServer>d__149:MoveNext () (at Assets/Scripts/_DOTS/MainMenu/MainMenuBehaviour.cs:1541)
UnityEngine.SetupCoroutine:InvokeMoveNext (System.Collections.IEnumerator,intptr)

[GetServer] Connecting to regular server. Ip=35.198.3.98, Port=9000
UnityEngine.Debug:Log (object)
MainMenuBehaviour/<GetServer>d__149:MoveNext () (at Assets/Scripts/_DOTS/MainMenu/MainMenuBehaviour.cs:1586)
UnityEngine.SetupCoroutine:InvokeMoveNext (System.Collections.IEnumerator,intptr)

[CheckForAvailableServer] Server found. Stopping search.
UnityEngine.Debug:Log (object)
MainMenuBehaviour/<CheckForAvailableServer>d__97:MoveNext () (at Assets/Scripts/_DOTS/MainMenu/MainMenuBehaviour.cs:336)
UnityEngine.SetupCoroutine:InvokeMoveNext (System.Collections.IEnumerator,intptr)


